ISO-10303-21;
HEADER;
/* Generated by software containing ST-Developer
 * from STEP Tools, Inc. (www.steptools.com) 
 */

FILE_DESCRIPTION(
/* description */ (''),
/* implementation_level */ '2;1');

FILE_NAME(
/* name */ '3D PCB.step',
/* time_stamp */ '2025-09-16T12:09:53-03:00',
/* author */ (''),
/* organization */ (''),
/* preprocessor_version */ 'ST-DEVELOPER v20.1',
/* originating_system */ 'Autodesk Translation Framework v14.10.0.0',
/* authorisation */ '');

FILE_SCHEMA (('AUTOMOTIVE_DESIGN { 1 0 10303 214 3 1 1 }'));
ENDSEC;

DATA;
#10=MECHANICAL_DESIGN_GEOMETRIC_PRESENTATION_REPRESENTATION('',(#13),#6133);
#11=SHAPE_REPRESENTATION_RELATIONSHIP('SRR','None',#6140,#12);
#12=ADVANCED_BREP_SHAPE_REPRESENTATION('',(#14),#6132);
#13=STYLED_ITEM('',(#6149),#14);
#14=MANIFOLD_SOLID_BREP('Body1',#3799);
#15=CONICAL_SURFACE('',#3948,2.05,0.785398163397449);
#16=CONICAL_SURFACE('',#3951,2.05,0.785398163397448);
#17=CONICAL_SURFACE('',#3954,2.05,0.785398163397445);
#18=ELLIPSE('',#3917,1.4142135623731,1.);
#19=ELLIPSE('',#3977,1.4142135623731,1.);
#20=ELLIPSE('',#3978,1.41421356237309,1.);
#21=ELLIPSE('',#3988,1.4142135623731,1.);
#22=ELLIPSE('',#3991,1.41421356237309,1.);
#23=ELLIPSE('',#3995,1.4142135623731,1.);
#24=ELLIPSE('',#4003,1.4142135623731,1.);
#25=ELLIPSE('',#4005,1.41421356237309,1.);
#26=FACE_BOUND('',#344,.T.);
#27=FACE_BOUND('',#345,.T.);
#28=FACE_BOUND('',#346,.T.);
#29=FACE_BOUND('',#347,.T.);
#30=FACE_BOUND('',#348,.T.);
#31=FACE_BOUND('',#349,.T.);
#32=FACE_BOUND('',#350,.T.);
#33=FACE_BOUND('',#351,.T.);
#34=FACE_BOUND('',#352,.T.);
#35=FACE_BOUND('',#353,.T.);
#36=FACE_BOUND('',#376,.T.);
#37=FACE_BOUND('',#395,.T.);
#38=FACE_BOUND('',#405,.T.);
#39=FACE_BOUND('',#406,.T.);
#40=FACE_BOUND('',#407,.T.);
#41=CYLINDRICAL_SURFACE('',#3839,1.);
#42=CYLINDRICAL_SURFACE('',#3857,1.);
#43=CYLINDRICAL_SURFACE('',#3860,1.);
#44=CYLINDRICAL_SURFACE('',#3863,1.);
#45=CYLINDRICAL_SURFACE('',#3898,1.);
#46=CYLINDRICAL_SURFACE('',#3905,1.);
#47=CYLINDRICAL_SURFACE('',#3907,1.);
#48=CYLINDRICAL_SURFACE('',#3916,1.);
#49=CYLINDRICAL_SURFACE('',#3950,1.75);
#50=CYLINDRICAL_SURFACE('',#3953,1.75);
#51=CYLINDRICAL_SURFACE('',#3956,1.75);
#52=CYLINDRICAL_SURFACE('',#3976,1.);
#53=CYLINDRICAL_SURFACE('',#3979,1.);
#54=CYLINDRICAL_SURFACE('',#3981,1.);
#55=CYLINDRICAL_SURFACE('',#3986,1.);
#56=CYLINDRICAL_SURFACE('',#3989,1.);
#57=CYLINDRICAL_SURFACE('',#3990,1.);
#58=CYLINDRICAL_SURFACE('',#3992,1.);
#59=CYLINDRICAL_SURFACE('',#3994,1.);
#60=CYLINDRICAL_SURFACE('',#3996,1.);
#61=CYLINDRICAL_SURFACE('',#4002,1.);
#62=CYLINDRICAL_SURFACE('',#4004,1.);
#63=CYLINDRICAL_SURFACE('',#4006,1.);
#64=CYLINDRICAL_SURFACE('',#4007,1.);
#65=CYLINDRICAL_SURFACE('',#4019,0.2);
#66=CYLINDRICAL_SURFACE('',#4021,0.2);
#67=CYLINDRICAL_SURFACE('',#4042,3.1);
#68=CYLINDRICAL_SURFACE('',#4046,3.1);
#69=CYLINDRICAL_SURFACE('',#4049,3.1);
#70=CYLINDRICAL_SURFACE('',#4061,3.4);
#71=CYLINDRICAL_SURFACE('',#4063,3.4);
#72=CYLINDRICAL_SURFACE('',#4065,3.4);
#73=CIRCLE('',#3816,3.1);
#74=CIRCLE('',#3821,3.1);
#75=CIRCLE('',#3828,3.1);
#76=CIRCLE('',#3840,1.);
#77=CIRCLE('',#3841,1.);
#78=CIRCLE('',#3844,1.);
#79=CIRCLE('',#3845,1.);
#80=CIRCLE('',#3846,1.);
#81=CIRCLE('',#3847,3.4);
#82=CIRCLE('',#3848,1.);
#83=CIRCLE('',#3849,1.);
#84=CIRCLE('',#3850,1.);
#85=CIRCLE('',#3851,1.);
#86=CIRCLE('',#3852,3.4);
#87=CIRCLE('',#3853,3.4);
#88=CIRCLE('',#3854,2.35);
#89=CIRCLE('',#3855,2.34999999999999);
#90=CIRCLE('',#3856,2.35);
#91=CIRCLE('',#3858,1.);
#92=CIRCLE('',#3861,1.);
#93=CIRCLE('',#3864,1.);
#94=CIRCLE('',#3882,1.);
#95=CIRCLE('',#3899,1.);
#96=CIRCLE('',#3902,1.);
#97=CIRCLE('',#3903,3.4);
#98=CIRCLE('',#3904,1.75);
#99=CIRCLE('',#3909,1.);
#100=CIRCLE('',#3910,1.);
#101=CIRCLE('',#3911,1.);
#102=CIRCLE('',#3912,1.);
#103=CIRCLE('',#3913,0.2);
#104=CIRCLE('',#3914,0.2);
#105=CIRCLE('',#3915,1.);
#106=CIRCLE('',#3922,3.4);
#107=CIRCLE('',#3923,3.4);
#108=CIRCLE('',#3924,1.75);
#109=CIRCLE('',#3925,1.75);
#110=CIRCLE('',#3949,1.75);
#111=CIRCLE('',#3952,1.75);
#112=CIRCLE('',#3955,1.75);
#113=CIRCLE('',#3980,1.);
#114=CIRCLE('',#3982,1.);
#115=CIRCLE('',#3987,1.);
#116=CIRCLE('',#3993,1.);
#117=CIRCLE('',#3997,1.);
#118=CIRCLE('',#4000,0.2);
#119=CIRCLE('',#4001,0.2);
#120=CIRCLE('',#4008,1.);
#121=CIRCLE('',#4043,3.1);
#122=CIRCLE('',#4047,3.1);
#123=CIRCLE('',#4050,3.1);
#124=FACE_OUTER_BOUND('',#318,.T.);
#125=FACE_OUTER_BOUND('',#319,.T.);
#126=FACE_OUTER_BOUND('',#320,.T.);
#127=FACE_OUTER_BOUND('',#321,.T.);
#128=FACE_OUTER_BOUND('',#322,.T.);
#129=FACE_OUTER_BOUND('',#323,.T.);
#130=FACE_OUTER_BOUND('',#324,.T.);
#131=FACE_OUTER_BOUND('',#325,.T.);
#132=FACE_OUTER_BOUND('',#326,.T.);
#133=FACE_OUTER_BOUND('',#327,.T.);
#134=FACE_OUTER_BOUND('',#328,.T.);
#135=FACE_OUTER_BOUND('',#329,.T.);
#136=FACE_OUTER_BOUND('',#330,.T.);
#137=FACE_OUTER_BOUND('',#331,.T.);
#138=FACE_OUTER_BOUND('',#332,.T.);
#139=FACE_OUTER_BOUND('',#333,.T.);
#140=FACE_OUTER_BOUND('',#334,.T.);
#141=FACE_OUTER_BOUND('',#335,.T.);
#142=FACE_OUTER_BOUND('',#336,.T.);
#143=FACE_OUTER_BOUND('',#337,.T.);
#144=FACE_OUTER_BOUND('',#338,.T.);
#145=FACE_OUTER_BOUND('',#339,.T.);
#146=FACE_OUTER_BOUND('',#340,.T.);
#147=FACE_OUTER_BOUND('',#341,.T.);
#148=FACE_OUTER_BOUND('',#342,.T.);
#149=FACE_OUTER_BOUND('',#343,.T.);
#150=FACE_OUTER_BOUND('',#354,.T.);
#151=FACE_OUTER_BOUND('',#355,.T.);
#152=FACE_OUTER_BOUND('',#356,.T.);
#153=FACE_OUTER_BOUND('',#357,.T.);
#154=FACE_OUTER_BOUND('',#358,.T.);
#155=FACE_OUTER_BOUND('',#359,.T.);
#156=FACE_OUTER_BOUND('',#360,.T.);
#157=FACE_OUTER_BOUND('',#361,.T.);
#158=FACE_OUTER_BOUND('',#362,.T.);
#159=FACE_OUTER_BOUND('',#363,.T.);
#160=FACE_OUTER_BOUND('',#364,.T.);
#161=FACE_OUTER_BOUND('',#365,.T.);
#162=FACE_OUTER_BOUND('',#366,.T.);
#163=FACE_OUTER_BOUND('',#367,.T.);
#164=FACE_OUTER_BOUND('',#368,.T.);
#165=FACE_OUTER_BOUND('',#369,.T.);
#166=FACE_OUTER_BOUND('',#370,.T.);
#167=FACE_OUTER_BOUND('',#371,.T.);
#168=FACE_OUTER_BOUND('',#372,.T.);
#169=FACE_OUTER_BOUND('',#373,.T.);
#170=FACE_OUTER_BOUND('',#374,.T.);
#171=FACE_OUTER_BOUND('',#375,.T.);
#172=FACE_OUTER_BOUND('',#377,.T.);
#173=FACE_OUTER_BOUND('',#378,.T.);
#174=FACE_OUTER_BOUND('',#379,.T.);
#175=FACE_OUTER_BOUND('',#380,.T.);
#176=FACE_OUTER_BOUND('',#381,.T.);
#177=FACE_OUTER_BOUND('',#382,.T.);
#178=FACE_OUTER_BOUND('',#383,.T.);
#179=FACE_OUTER_BOUND('',#384,.T.);
#180=FACE_OUTER_BOUND('',#385,.T.);
#181=FACE_OUTER_BOUND('',#386,.T.);
#182=FACE_OUTER_BOUND('',#387,.T.);
#183=FACE_OUTER_BOUND('',#388,.T.);
#184=FACE_OUTER_BOUND('',#389,.T.);
#185=FACE_OUTER_BOUND('',#390,.T.);
#186=FACE_OUTER_BOUND('',#391,.T.);
#187=FACE_OUTER_BOUND('',#392,.T.);
#188=FACE_OUTER_BOUND('',#393,.T.);
#189=FACE_OUTER_BOUND('',#394,.T.);
#190=FACE_OUTER_BOUND('',#396,.T.);
#191=FACE_OUTER_BOUND('',#397,.T.);
#192=FACE_OUTER_BOUND('',#398,.T.);
#193=FACE_OUTER_BOUND('',#399,.T.);
#194=FACE_OUTER_BOUND('',#400,.T.);
#195=FACE_OUTER_BOUND('',#401,.T.);
#196=FACE_OUTER_BOUND('',#402,.T.);
#197=FACE_OUTER_BOUND('',#403,.T.);
#198=FACE_OUTER_BOUND('',#404,.T.);
#199=FACE_OUTER_BOUND('',#408,.T.);
#200=FACE_OUTER_BOUND('',#409,.T.);
#201=FACE_OUTER_BOUND('',#410,.T.);
#202=FACE_OUTER_BOUND('',#411,.T.);
#203=FACE_OUTER_BOUND('',#412,.T.);
#204=FACE_OUTER_BOUND('',#413,.T.);
#205=FACE_OUTER_BOUND('',#414,.T.);
#206=FACE_OUTER_BOUND('',#415,.T.);
#207=FACE_OUTER_BOUND('',#416,.T.);
#208=FACE_OUTER_BOUND('',#417,.T.);
#209=FACE_OUTER_BOUND('',#418,.T.);
#210=FACE_OUTER_BOUND('',#419,.T.);
#211=FACE_OUTER_BOUND('',#420,.T.);
#212=FACE_OUTER_BOUND('',#421,.T.);
#213=FACE_OUTER_BOUND('',#422,.T.);
#214=FACE_OUTER_BOUND('',#423,.T.);
#215=FACE_OUTER_BOUND('',#424,.T.);
#216=FACE_OUTER_BOUND('',#425,.T.);
#217=FACE_OUTER_BOUND('',#426,.T.);
#218=FACE_OUTER_BOUND('',#427,.T.);
#219=FACE_OUTER_BOUND('',#428,.T.);
#220=FACE_OUTER_BOUND('',#429,.T.);
#221=FACE_OUTER_BOUND('',#430,.T.);
#222=FACE_OUTER_BOUND('',#431,.T.);
#223=FACE_OUTER_BOUND('',#432,.T.);
#224=FACE_OUTER_BOUND('',#433,.T.);
#225=FACE_OUTER_BOUND('',#434,.T.);
#226=FACE_OUTER_BOUND('',#435,.T.);
#227=FACE_OUTER_BOUND('',#436,.T.);
#228=FACE_OUTER_BOUND('',#437,.T.);
#229=FACE_OUTER_BOUND('',#438,.T.);
#230=FACE_OUTER_BOUND('',#439,.T.);
#231=FACE_OUTER_BOUND('',#440,.T.);
#232=FACE_OUTER_BOUND('',#441,.T.);
#233=FACE_OUTER_BOUND('',#442,.T.);
#234=FACE_OUTER_BOUND('',#443,.T.);
#235=FACE_OUTER_BOUND('',#444,.T.);
#236=FACE_OUTER_BOUND('',#445,.T.);
#237=FACE_OUTER_BOUND('',#446,.T.);
#238=FACE_OUTER_BOUND('',#447,.T.);
#239=FACE_OUTER_BOUND('',#448,.T.);
#240=FACE_OUTER_BOUND('',#449,.T.);
#241=FACE_OUTER_BOUND('',#450,.T.);
#242=FACE_OUTER_BOUND('',#451,.T.);
#243=FACE_OUTER_BOUND('',#452,.T.);
#244=FACE_OUTER_BOUND('',#453,.T.);
#245=FACE_OUTER_BOUND('',#454,.T.);
#246=FACE_OUTER_BOUND('',#455,.T.);
#247=FACE_OUTER_BOUND('',#456,.T.);
#248=FACE_OUTER_BOUND('',#457,.T.);
#249=FACE_OUTER_BOUND('',#458,.T.);
#250=FACE_OUTER_BOUND('',#459,.T.);
#251=FACE_OUTER_BOUND('',#460,.T.);
#252=FACE_OUTER_BOUND('',#461,.T.);
#253=FACE_OUTER_BOUND('',#462,.T.);
#254=FACE_OUTER_BOUND('',#463,.T.);
#255=FACE_OUTER_BOUND('',#464,.T.);
#256=FACE_OUTER_BOUND('',#465,.T.);
#257=FACE_OUTER_BOUND('',#466,.T.);
#258=FACE_OUTER_BOUND('',#467,.T.);
#259=FACE_OUTER_BOUND('',#468,.T.);
#260=FACE_OUTER_BOUND('',#469,.T.);
#261=FACE_OUTER_BOUND('',#470,.T.);
#262=FACE_OUTER_BOUND('',#471,.T.);
#263=FACE_OUTER_BOUND('',#472,.T.);
#264=FACE_OUTER_BOUND('',#473,.T.);
#265=FACE_OUTER_BOUND('',#474,.T.);
#266=FACE_OUTER_BOUND('',#475,.T.);
#267=FACE_OUTER_BOUND('',#476,.T.);
#268=FACE_OUTER_BOUND('',#477,.T.);
#269=FACE_OUTER_BOUND('',#478,.T.);
#270=FACE_OUTER_BOUND('',#479,.T.);
#271=FACE_OUTER_BOUND('',#480,.T.);
#272=FACE_OUTER_BOUND('',#481,.T.);
#273=FACE_OUTER_BOUND('',#482,.T.);
#274=FACE_OUTER_BOUND('',#483,.T.);
#275=FACE_OUTER_BOUND('',#484,.T.);
#276=FACE_OUTER_BOUND('',#485,.T.);
#277=FACE_OUTER_BOUND('',#486,.T.);
#278=FACE_OUTER_BOUND('',#487,.T.);
#279=FACE_OUTER_BOUND('',#488,.T.);
#280=FACE_OUTER_BOUND('',#489,.T.);
#281=FACE_OUTER_BOUND('',#490,.T.);
#282=FACE_OUTER_BOUND('',#491,.T.);
#283=FACE_OUTER_BOUND('',#492,.T.);
#284=FACE_OUTER_BOUND('',#493,.T.);
#285=FACE_OUTER_BOUND('',#494,.T.);
#286=FACE_OUTER_BOUND('',#495,.T.);
#287=FACE_OUTER_BOUND('',#496,.T.);
#288=FACE_OUTER_BOUND('',#497,.T.);
#289=FACE_OUTER_BOUND('',#498,.T.);
#290=FACE_OUTER_BOUND('',#499,.T.);
#291=FACE_OUTER_BOUND('',#500,.T.);
#292=FACE_OUTER_BOUND('',#501,.T.);
#293=FACE_OUTER_BOUND('',#502,.T.);
#294=FACE_OUTER_BOUND('',#503,.T.);
#295=FACE_OUTER_BOUND('',#504,.T.);
#296=FACE_OUTER_BOUND('',#505,.T.);
#297=FACE_OUTER_BOUND('',#506,.T.);
#298=FACE_OUTER_BOUND('',#507,.T.);
#299=FACE_OUTER_BOUND('',#508,.T.);
#300=FACE_OUTER_BOUND('',#509,.T.);
#301=FACE_OUTER_BOUND('',#510,.T.);
#302=FACE_OUTER_BOUND('',#511,.T.);
#303=FACE_OUTER_BOUND('',#512,.T.);
#304=FACE_OUTER_BOUND('',#513,.T.);
#305=FACE_OUTER_BOUND('',#514,.T.);
#306=FACE_OUTER_BOUND('',#515,.T.);
#307=FACE_OUTER_BOUND('',#516,.T.);
#308=FACE_OUTER_BOUND('',#517,.T.);
#309=FACE_OUTER_BOUND('',#518,.T.);
#310=FACE_OUTER_BOUND('',#519,.T.);
#311=FACE_OUTER_BOUND('',#520,.T.);
#312=FACE_OUTER_BOUND('',#521,.T.);
#313=FACE_OUTER_BOUND('',#522,.T.);
#314=FACE_OUTER_BOUND('',#523,.T.);
#315=FACE_OUTER_BOUND('',#524,.T.);
#316=FACE_OUTER_BOUND('',#525,.T.);
#317=FACE_OUTER_BOUND('',#526,.T.);
#318=EDGE_LOOP('',(#2368,#2369,#2370,#2371));
#319=EDGE_LOOP('',(#2372,#2373,#2374,#2375));
#320=EDGE_LOOP('',(#2376,#2377,#2378,#2379,#2380,#2381,#2382,#2383,#2384,
#2385,#2386,#2387,#2388,#2389));
#321=EDGE_LOOP('',(#2390,#2391,#2392,#2393));
#322=EDGE_LOOP('',(#2394,#2395,#2396,#2397));
#323=EDGE_LOOP('',(#2398,#2399,#2400,#2401));
#324=EDGE_LOOP('',(#2402,#2403,#2404,#2405,#2406,#2407,#2408,#2409,#2410,
#2411,#2412,#2413,#2414,#2415));
#325=EDGE_LOOP('',(#2416,#2417,#2418,#2419));
#326=EDGE_LOOP('',(#2420,#2421,#2422,#2423));
#327=EDGE_LOOP('',(#2424,#2425,#2426,#2427));
#328=EDGE_LOOP('',(#2428,#2429,#2430,#2431,#2432,#2433,#2434,#2435));
#329=EDGE_LOOP('',(#2436,#2437,#2438,#2439));
#330=EDGE_LOOP('',(#2440,#2441,#2442,#2443,#2444,#2445,#2446,#2447,#2448,
#2449,#2450,#2451,#2452,#2453));
#331=EDGE_LOOP('',(#2454,#2455,#2456,#2457));
#332=EDGE_LOOP('',(#2458,#2459,#2460,#2461));
#333=EDGE_LOOP('',(#2462,#2463,#2464,#2465,#2466,#2467,#2468,#2469));
#334=EDGE_LOOP('',(#2470,#2471,#2472,#2473));
#335=EDGE_LOOP('',(#2474,#2475,#2476,#2477));
#336=EDGE_LOOP('',(#2478,#2479,#2480,#2481));
#337=EDGE_LOOP('',(#2482,#2483,#2484,#2485,#2486,#2487,#2488,#2489));
#338=EDGE_LOOP('',(#2490,#2491,#2492,#2493));
#339=EDGE_LOOP('',(#2494,#2495,#2496,#2497));
#340=EDGE_LOOP('',(#2498,#2499,#2500,#2501));
#341=EDGE_LOOP('',(#2502,#2503,#2504,#2505));
#342=EDGE_LOOP('',(#2506,#2507,#2508,#2509));
#343=EDGE_LOOP('',(#2510,#2511,#2512,#2513,#2514,#2515,#2516,#2517,#2518,
#2519,#2520,#2521,#2522,#2523,#2524,#2525,#2526,#2527,#2528,#2529,#2530,
#2531));
#344=EDGE_LOOP('',(#2532,#2533,#2534,#2535,#2536,#2537,#2538,#2539));
#345=EDGE_LOOP('',(#2540));
#346=EDGE_LOOP('',(#2541));
#347=EDGE_LOOP('',(#2542,#2543,#2544,#2545,#2546,#2547,#2548,#2549));
#348=EDGE_LOOP('',(#2550,#2551,#2552,#2553));
#349=EDGE_LOOP('',(#2554,#2555,#2556,#2557));
#350=EDGE_LOOP('',(#2558,#2559,#2560,#2561));
#351=EDGE_LOOP('',(#2562,#2563,#2564,#2565));
#352=EDGE_LOOP('',(#2566));
#353=EDGE_LOOP('',(#2567,#2568,#2569,#2570,#2571,#2572,#2573,#2574));
#354=EDGE_LOOP('',(#2575,#2576,#2577,#2578));
#355=EDGE_LOOP('',(#2579,#2580,#2581,#2582));
#356=EDGE_LOOP('',(#2583,#2584,#2585,#2586));
#357=EDGE_LOOP('',(#2587,#2588,#2589,#2590));
#358=EDGE_LOOP('',(#2591,#2592,#2593,#2594));
#359=EDGE_LOOP('',(#2595,#2596,#2597,#2598));
#360=EDGE_LOOP('',(#2599,#2600,#2601,#2602));
#361=EDGE_LOOP('',(#2603,#2604,#2605,#2606));
#362=EDGE_LOOP('',(#2607,#2608,#2609,#2610));
#363=EDGE_LOOP('',(#2611,#2612,#2613,#2614));
#364=EDGE_LOOP('',(#2615,#2616,#2617,#2618,#2619));
#365=EDGE_LOOP('',(#2620,#2621,#2622,#2623,#2624,#2625,#2626,#2627,#2628,
#2629,#2630,#2631));
#366=EDGE_LOOP('',(#2632,#2633,#2634,#2635,#2636,#2637,#2638,#2639,#2640,
#2641));
#367=EDGE_LOOP('',(#2642,#2643,#2644,#2645));
#368=EDGE_LOOP('',(#2646,#2647,#2648,#2649,#2650,#2651,#2652,#2653));
#369=EDGE_LOOP('',(#2654,#2655,#2656,#2657));
#370=EDGE_LOOP('',(#2658,#2659,#2660,#2661));
#371=EDGE_LOOP('',(#2662,#2663,#2664,#2665));
#372=EDGE_LOOP('',(#2666,#2667,#2668,#2669));
#373=EDGE_LOOP('',(#2670,#2671,#2672,#2673,#2674,#2675));
#374=EDGE_LOOP('',(#2676,#2677,#2678,#2679,#2680,#2681));
#375=EDGE_LOOP('',(#2682,#2683,#2684,#2685,#2686));
#376=EDGE_LOOP('',(#2687,#2688,#2689,#2690));
#377=EDGE_LOOP('',(#2691,#2692,#2693,#2694));
#378=EDGE_LOOP('',(#2695,#2696,#2697,#2698));
#379=EDGE_LOOP('',(#2699,#2700,#2701,#2702));
#380=EDGE_LOOP('',(#2703,#2704,#2705,#2706,#2707,#2708,#2709,#2710));
#381=EDGE_LOOP('',(#2711,#2712,#2713,#2714,#2715));
#382=EDGE_LOOP('',(#2716,#2717,#2718,#2719));
#383=EDGE_LOOP('',(#2720,#2721,#2722,#2723));
#384=EDGE_LOOP('',(#2724,#2725,#2726,#2727));
#385=EDGE_LOOP('',(#2728,#2729,#2730,#2731));
#386=EDGE_LOOP('',(#2732,#2733,#2734,#2735));
#387=EDGE_LOOP('',(#2736,#2737,#2738,#2739));
#388=EDGE_LOOP('',(#2740,#2741,#2742,#2743));
#389=EDGE_LOOP('',(#2744,#2745,#2746,#2747));
#390=EDGE_LOOP('',(#2748,#2749,#2750,#2751));
#391=EDGE_LOOP('',(#2752,#2753,#2754,#2755));
#392=EDGE_LOOP('',(#2756,#2757,#2758,#2759));
#393=EDGE_LOOP('',(#2760,#2761,#2762,#2763));
#394=EDGE_LOOP('',(#2764,#2765,#2766,#2767,#2768,#2769,#2770,#2771));
#395=EDGE_LOOP('',(#2772));
#396=EDGE_LOOP('',(#2773,#2774,#2775,#2776));
#397=EDGE_LOOP('',(#2777,#2778,#2779,#2780,#2781,#2782,#2783,#2784));
#398=EDGE_LOOP('',(#2785,#2786,#2787,#2788));
#399=EDGE_LOOP('',(#2789,#2790,#2791,#2792,#2793,#2794,#2795,#2796,#2797,
#2798,#2799,#2800,#2801,#2802,#2803,#2804,#2805,#2806,#2807,#2808,#2809,
#2810,#2811,#2812,#2813,#2814,#2815,#2816,#2817));
#400=EDGE_LOOP('',(#2818,#2819,#2820,#2821));
#401=EDGE_LOOP('',(#2822,#2823,#2824,#2825,#2826));
#402=EDGE_LOOP('',(#2827,#2828,#2829,#2830,#2831,#2832));
#403=EDGE_LOOP('',(#2833,#2834,#2835,#2836));
#404=EDGE_LOOP('',(#2837,#2838,#2839,#2840,#2841,#2842,#2843,#2844,#2845,
#2846,#2847,#2848,#2849,#2850,#2851,#2852,#2853,#2854,#2855,#2856,#2857,
#2858,#2859,#2860,#2861,#2862,#2863,#2864,#2865,#2866));
#405=EDGE_LOOP('',(#2867));
#406=EDGE_LOOP('',(#2868));
#407=EDGE_LOOP('',(#2869,#2870,#2871,#2872));
#408=EDGE_LOOP('',(#2873,#2874,#2875,#2876));
#409=EDGE_LOOP('',(#2877,#2878,#2879,#2880,#2881,#2882));
#410=EDGE_LOOP('',(#2883,#2884,#2885,#2886));
#411=EDGE_LOOP('',(#2887,#2888,#2889,#2890));
#412=EDGE_LOOP('',(#2891,#2892,#2893,#2894,#2895,#2896,#2897,#2898,#2899));
#413=EDGE_LOOP('',(#2900,#2901,#2902,#2903));
#414=EDGE_LOOP('',(#2904,#2905,#2906,#2907,#2908,#2909,#2910,#2911,#2912));
#415=EDGE_LOOP('',(#2913,#2914,#2915,#2916));
#416=EDGE_LOOP('',(#2917,#2918,#2919,#2920));
#417=EDGE_LOOP('',(#2921,#2922,#2923,#2924));
#418=EDGE_LOOP('',(#2925,#2926,#2927,#2928,#2929,#2930));
#419=EDGE_LOOP('',(#2931,#2932,#2933,#2934));
#420=EDGE_LOOP('',(#2935,#2936,#2937,#2938));
#421=EDGE_LOOP('',(#2939,#2940,#2941,#2942));
#422=EDGE_LOOP('',(#2943,#2944,#2945,#2946));
#423=EDGE_LOOP('',(#2947,#2948,#2949,#2950,#2951,#2952));
#424=EDGE_LOOP('',(#2953,#2954,#2955,#2956));
#425=EDGE_LOOP('',(#2957,#2958,#2959,#2960));
#426=EDGE_LOOP('',(#2961,#2962,#2963,#2964));
#427=EDGE_LOOP('',(#2965,#2966,#2967,#2968));
#428=EDGE_LOOP('',(#2969,#2970,#2971,#2972,#2973,#2974));
#429=EDGE_LOOP('',(#2975,#2976,#2977,#2978));
#430=EDGE_LOOP('',(#2979,#2980,#2981,#2982));
#431=EDGE_LOOP('',(#2983,#2984,#2985,#2986));
#432=EDGE_LOOP('',(#2987,#2988,#2989,#2990));
#433=EDGE_LOOP('',(#2991,#2992,#2993,#2994));
#434=EDGE_LOOP('',(#2995,#2996,#2997,#2998));
#435=EDGE_LOOP('',(#2999,#3000,#3001,#3002));
#436=EDGE_LOOP('',(#3003,#3004,#3005,#3006));
#437=EDGE_LOOP('',(#3007,#3008,#3009,#3010));
#438=EDGE_LOOP('',(#3011,#3012,#3013,#3014));
#439=EDGE_LOOP('',(#3015,#3016,#3017,#3018));
#440=EDGE_LOOP('',(#3019,#3020,#3021,#3022,#3023,#3024));
#441=EDGE_LOOP('',(#3025,#3026,#3027,#3028));
#442=EDGE_LOOP('',(#3029,#3030,#3031,#3032));
#443=EDGE_LOOP('',(#3033,#3034,#3035,#3036));
#444=EDGE_LOOP('',(#3037,#3038,#3039,#3040,#3041,#3042));
#445=EDGE_LOOP('',(#3043,#3044,#3045,#3046));
#446=EDGE_LOOP('',(#3047,#3048,#3049,#3050,#3051,#3052));
#447=EDGE_LOOP('',(#3053,#3054,#3055));
#448=EDGE_LOOP('',(#3056,#3057,#3058));
#449=EDGE_LOOP('',(#3059,#3060,#3061));
#450=EDGE_LOOP('',(#3062,#3063,#3064));
#451=EDGE_LOOP('',(#3065,#3066,#3067));
#452=EDGE_LOOP('',(#3068,#3069,#3070));
#453=EDGE_LOOP('',(#3071,#3072,#3073));
#454=EDGE_LOOP('',(#3074,#3075,#3076));
#455=EDGE_LOOP('',(#3077,#3078,#3079,#3080));
#456=EDGE_LOOP('',(#3081,#3082,#3083,#3084));
#457=EDGE_LOOP('',(#3085,#3086,#3087,#3088));
#458=EDGE_LOOP('',(#3089,#3090,#3091,#3092));
#459=EDGE_LOOP('',(#3093,#3094,#3095,#3096));
#460=EDGE_LOOP('',(#3097,#3098,#3099,#3100));
#461=EDGE_LOOP('',(#3101,#3102,#3103,#3104));
#462=EDGE_LOOP('',(#3105,#3106,#3107,#3108));
#463=EDGE_LOOP('',(#3109,#3110,#3111,#3112));
#464=EDGE_LOOP('',(#3113,#3114,#3115,#3116));
#465=EDGE_LOOP('',(#3117,#3118,#3119,#3120));
#466=EDGE_LOOP('',(#3121,#3122,#3123,#3124));
#467=EDGE_LOOP('',(#3125,#3126,#3127,#3128));
#468=EDGE_LOOP('',(#3129,#3130,#3131,#3132,#3133,#3134,#3135,#3136,#3137,
#3138,#3139,#3140,#3141,#3142,#3143,#3144,#3145,#3146));
#469=EDGE_LOOP('',(#3147,#3148,#3149,#3150));
#470=EDGE_LOOP('',(#3151,#3152,#3153,#3154));
#471=EDGE_LOOP('',(#3155,#3156,#3157,#3158));
#472=EDGE_LOOP('',(#3159,#3160,#3161,#3162));
#473=EDGE_LOOP('',(#3163,#3164,#3165,#3166));
#474=EDGE_LOOP('',(#3167,#3168,#3169,#3170));
#475=EDGE_LOOP('',(#3171,#3172,#3173,#3174,#3175,#3176));
#476=EDGE_LOOP('',(#3177,#3178,#3179,#3180));
#477=EDGE_LOOP('',(#3181,#3182,#3183,#3184,#3185));
#478=EDGE_LOOP('',(#3186,#3187,#3188,#3189));
#479=EDGE_LOOP('',(#3190,#3191,#3192,#3193));
#480=EDGE_LOOP('',(#3194,#3195,#3196,#3197));
#481=EDGE_LOOP('',(#3198,#3199,#3200,#3201,#3202,#3203,#3204,#3205,#3206,
#3207,#3208,#3209));
#482=EDGE_LOOP('',(#3210,#3211,#3212,#3213));
#483=EDGE_LOOP('',(#3214,#3215,#3216,#3217));
#484=EDGE_LOOP('',(#3218,#3219,#3220,#3221));
#485=EDGE_LOOP('',(#3222,#3223,#3224,#3225,#3226));
#486=EDGE_LOOP('',(#3227,#3228,#3229,#3230));
#487=EDGE_LOOP('',(#3231,#3232,#3233,#3234));
#488=EDGE_LOOP('',(#3235,#3236,#3237,#3238));
#489=EDGE_LOOP('',(#3239,#3240,#3241,#3242));
#490=EDGE_LOOP('',(#3243,#3244,#3245,#3246));
#491=EDGE_LOOP('',(#3247,#3248,#3249,#3250));
#492=EDGE_LOOP('',(#3251,#3252,#3253,#3254,#3255,#3256,#3257,#3258));
#493=EDGE_LOOP('',(#3259,#3260,#3261,#3262));
#494=EDGE_LOOP('',(#3263,#3264,#3265,#3266,#3267));
#495=EDGE_LOOP('',(#3268,#3269,#3270,#3271));
#496=EDGE_LOOP('',(#3272,#3273,#3274,#3275,#3276,#3277,#3278,#3279,#3280,
#3281));
#497=EDGE_LOOP('',(#3282,#3283,#3284));
#498=EDGE_LOOP('',(#3285,#3286,#3287));
#499=EDGE_LOOP('',(#3288,#3289,#3290));
#500=EDGE_LOOP('',(#3291,#3292,#3293));
#501=EDGE_LOOP('',(#3294,#3295,#3296,#3297));
#502=EDGE_LOOP('',(#3298,#3299,#3300,#3301,#3302,#3303));
#503=EDGE_LOOP('',(#3304,#3305,#3306,#3307));
#504=EDGE_LOOP('',(#3308,#3309,#3310,#3311,#3312));
#505=EDGE_LOOP('',(#3313,#3314,#3315,#3316));
#506=EDGE_LOOP('',(#3317,#3318,#3319,#3320));
#507=EDGE_LOOP('',(#3321,#3322,#3323,#3324));
#508=EDGE_LOOP('',(#3325,#3326,#3327,#3328));
#509=EDGE_LOOP('',(#3329,#3330,#3331,#3332));
#510=EDGE_LOOP('',(#3333,#3334,#3335,#3336));
#511=EDGE_LOOP('',(#3337,#3338,#3339,#3340));
#512=EDGE_LOOP('',(#3341,#3342,#3343,#3344));
#513=EDGE_LOOP('',(#3345,#3346,#3347,#3348));
#514=EDGE_LOOP('',(#3349,#3350,#3351,#3352));
#515=EDGE_LOOP('',(#3353,#3354,#3355,#3356));
#516=EDGE_LOOP('',(#3357,#3358,#3359,#3360,#3361,#3362,#3363,#3364,#3365,
#3366,#3367,#3368,#3369,#3370,#3371,#3372,#3373,#3374,#3375,#3376,#3377,
#3378,#3379,#3380,#3381,#3382,#3383,#3384));
#517=EDGE_LOOP('',(#3385,#3386,#3387,#3388));
#518=EDGE_LOOP('',(#3389,#3390,#3391,#3392,#3393));
#519=EDGE_LOOP('',(#3394,#3395,#3396,#3397,#3398));
#520=EDGE_LOOP('',(#3399,#3400,#3401,#3402));
#521=EDGE_LOOP('',(#3403,#3404,#3405,#3406,#3407,#3408));
#522=EDGE_LOOP('',(#3409,#3410,#3411,#3412));
#523=EDGE_LOOP('',(#3413,#3414,#3415,#3416));
#524=EDGE_LOOP('',(#3417,#3418,#3419,#3420));
#525=EDGE_LOOP('',(#3421,#3422,#3423,#3424,#3425,#3426,#3427,#3428,#3429,
#3430,#3431,#3432,#3433,#3434,#3435,#3436,#3437,#3438,#3439,#3440,#3441));
#526=EDGE_LOOP('',(#3442,#3443,#3444,#3445));
#527=LINE('',#5058,#1007);
#528=LINE('',#5060,#1008);
#529=LINE('',#5062,#1009);
#530=LINE('',#5063,#1010);
#531=LINE('',#5067,#1011);
#532=LINE('',#5068,#1012);
#533=LINE('',#5069,#1013);
#534=LINE('',#5072,#1014);
#535=LINE('',#5074,#1015);
#536=LINE('',#5076,#1016);
#537=LINE('',#5078,#1017);
#538=LINE('',#5082,#1018);
#539=LINE('',#5084,#1019);
#540=LINE('',#5086,#1020);
#541=LINE('',#5088,#1021);
#542=LINE('',#5090,#1022);
#543=LINE('',#5092,#1023);
#544=LINE('',#5093,#1024);
#545=LINE('',#5096,#1025);
#546=LINE('',#5097,#1026);
#547=LINE('',#5101,#1027);
#548=LINE('',#5103,#1028);
#549=LINE('',#5105,#1029);
#550=LINE('',#5106,#1030);
#551=LINE('',#5110,#1031);
#552=LINE('',#5111,#1032);
#553=LINE('',#5112,#1033);
#554=LINE('',#5115,#1034);
#555=LINE('',#5117,#1035);
#556=LINE('',#5119,#1036);
#557=LINE('',#5121,#1037);
#558=LINE('',#5125,#1038);
#559=LINE('',#5127,#1039);
#560=LINE('',#5129,#1040);
#561=LINE('',#5131,#1041);
#562=LINE('',#5133,#1042);
#563=LINE('',#5135,#1043);
#564=LINE('',#5136,#1044);
#565=LINE('',#5139,#1045);
#566=LINE('',#5140,#1046);
#567=LINE('',#5144,#1047);
#568=LINE('',#5146,#1048);
#569=LINE('',#5148,#1049);
#570=LINE('',#5149,#1050);
#571=LINE('',#5152,#1051);
#572=LINE('',#5154,#1052);
#573=LINE('',#5155,#1053);
#574=LINE('',#5158,#1054);
#575=LINE('',#5160,#1055);
#576=LINE('',#5162,#1056);
#577=LINE('',#5164,#1057);
#578=LINE('',#5166,#1058);
#579=LINE('',#5167,#1059);
#580=LINE('',#5170,#1060);
#581=LINE('',#5171,#1061);
#582=LINE('',#5174,#1062);
#583=LINE('',#5176,#1063);
#584=LINE('',#5178,#1064);
#585=LINE('',#5180,#1065);
#586=LINE('',#5182,#1066);
#587=LINE('',#5184,#1067);
#588=LINE('',#5186,#1068);
#589=LINE('',#5190,#1069);
#590=LINE('',#5192,#1070);
#591=LINE('',#5193,#1071);
#592=LINE('',#5196,#1072);
#593=LINE('',#5198,#1073);
#594=LINE('',#5199,#1074);
#595=LINE('',#5202,#1075);
#596=LINE('',#5203,#1076);
#597=LINE('',#5205,#1077);
#598=LINE('',#5207,#1078);
#599=LINE('',#5208,#1079);
#600=LINE('',#5210,#1080);
#601=LINE('',#5213,#1081);
#602=LINE('',#5215,#1082);
#603=LINE('',#5216,#1083);
#604=LINE('',#5219,#1084);
#605=LINE('',#5220,#1085);
#606=LINE('',#5222,#1086);
#607=LINE('',#5224,#1087);
#608=LINE('',#5225,#1088);
#609=LINE('',#5227,#1089);
#610=LINE('',#5229,#1090);
#611=LINE('',#5230,#1091);
#612=LINE('',#5232,#1092);
#613=LINE('',#5238,#1093);
#614=LINE('',#5241,#1094);
#615=LINE('',#5244,#1095);
#616=LINE('',#5246,#1096);
#617=LINE('',#5247,#1097);
#618=LINE('',#5250,#1098);
#619=LINE('',#5254,#1099);
#620=LINE('',#5258,#1100);
#621=LINE('',#5262,#1101);
#622=LINE('',#5266,#1102);
#623=LINE('',#5270,#1103);
#624=LINE('',#5274,#1104);
#625=LINE('',#5278,#1105);
#626=LINE('',#5282,#1106);
#627=LINE('',#5286,#1107);
#628=LINE('',#5290,#1108);
#629=LINE('',#5292,#1109);
#630=LINE('',#5294,#1110);
#631=LINE('',#5296,#1111);
#632=LINE('',#5298,#1112);
#633=LINE('',#5300,#1113);
#634=LINE('',#5302,#1114);
#635=LINE('',#5303,#1115);
#636=LINE('',#5310,#1116);
#637=LINE('',#5312,#1117);
#638=LINE('',#5314,#1118);
#639=LINE('',#5316,#1119);
#640=LINE('',#5318,#1120);
#641=LINE('',#5320,#1121);
#642=LINE('',#5322,#1122);
#643=LINE('',#5323,#1123);
#644=LINE('',#5326,#1124);
#645=LINE('',#5328,#1125);
#646=LINE('',#5330,#1126);
#647=LINE('',#5331,#1127);
#648=LINE('',#5336,#1128);
#649=LINE('',#5338,#1129);
#650=LINE('',#5340,#1130);
#651=LINE('',#5342,#1131);
#652=LINE('',#5344,#1132);
#653=LINE('',#5346,#1133);
#654=LINE('',#5348,#1134);
#655=LINE('',#5349,#1135);
#656=LINE('',#5354,#1136);
#657=LINE('',#5355,#1137);
#658=LINE('',#5358,#1138);
#659=LINE('',#5359,#1139);
#660=LINE('',#5363,#1140);
#661=LINE('',#5366,#1141);
#662=LINE('',#5367,#1142);
#663=LINE('',#5371,#1143);
#664=LINE('',#5375,#1144);
#665=LINE('',#5377,#1145);
#666=LINE('',#5379,#1146);
#667=LINE('',#5380,#1147);
#668=LINE('',#5383,#1148);
#669=LINE('',#5385,#1149);
#670=LINE('',#5386,#1150);
#671=LINE('',#5389,#1151);
#672=LINE('',#5391,#1152);
#673=LINE('',#5392,#1153);
#674=LINE('',#5395,#1154);
#675=LINE('',#5397,#1155);
#676=LINE('',#5398,#1156);
#677=LINE('',#5401,#1157);
#678=LINE('',#5403,#1158);
#679=LINE('',#5404,#1159);
#680=LINE('',#5407,#1160);
#681=LINE('',#5409,#1161);
#682=LINE('',#5411,#1162);
#683=LINE('',#5412,#1163);
#684=LINE('',#5415,#1164);
#685=LINE('',#5417,#1165);
#686=LINE('',#5419,#1166);
#687=LINE('',#5421,#1167);
#688=LINE('',#5423,#1168);
#689=LINE('',#5424,#1169);
#690=LINE('',#5427,#1170);
#691=LINE('',#5428,#1171);
#692=LINE('',#5430,#1172);
#693=LINE('',#5432,#1173);
#694=LINE('',#5434,#1174);
#695=LINE('',#5436,#1175);
#696=LINE('',#5437,#1176);
#697=LINE('',#5441,#1177);
#698=LINE('',#5443,#1178);
#699=LINE('',#5445,#1179);
#700=LINE('',#5446,#1180);
#701=LINE('',#5449,#1181);
#702=LINE('',#5451,#1182);
#703=LINE('',#5453,#1183);
#704=LINE('',#5455,#1184);
#705=LINE('',#5457,#1185);
#706=LINE('',#5459,#1186);
#707=LINE('',#5460,#1187);
#708=LINE('',#5464,#1188);
#709=LINE('',#5466,#1189);
#710=LINE('',#5468,#1190);
#711=LINE('',#5469,#1191);
#712=LINE('',#5472,#1192);
#713=LINE('',#5474,#1193);
#714=LINE('',#5475,#1194);
#715=LINE('',#5478,#1195);
#716=LINE('',#5480,#1196);
#717=LINE('',#5481,#1197);
#718=LINE('',#5483,#1198);
#719=LINE('',#5484,#1199);
#720=LINE('',#5487,#1200);
#721=LINE('',#5489,#1201);
#722=LINE('',#5491,#1202);
#723=LINE('',#5493,#1203);
#724=LINE('',#5494,#1204);
#725=LINE('',#5497,#1205);
#726=LINE('',#5499,#1206);
#727=LINE('',#5501,#1207);
#728=LINE('',#5502,#1208);
#729=LINE('',#5508,#1209);
#730=LINE('',#5510,#1210);
#731=LINE('',#5512,#1211);
#732=LINE('',#5513,#1212);
#733=LINE('',#5517,#1213);
#734=LINE('',#5519,#1214);
#735=LINE('',#5521,#1215);
#736=LINE('',#5522,#1216);
#737=LINE('',#5526,#1217);
#738=LINE('',#5528,#1218);
#739=LINE('',#5530,#1219);
#740=LINE('',#5531,#1220);
#741=LINE('',#5533,#1221);
#742=LINE('',#5534,#1222);
#743=LINE('',#5537,#1223);
#744=LINE('',#5539,#1224);
#745=LINE('',#5541,#1225);
#746=LINE('',#5543,#1226);
#747=LINE('',#5544,#1227);
#748=LINE('',#5546,#1228);
#749=LINE('',#5547,#1229);
#750=LINE('',#5550,#1230);
#751=LINE('',#5552,#1231);
#752=LINE('',#5553,#1232);
#753=LINE('',#5555,#1233);
#754=LINE('',#5557,#1234);
#755=LINE('',#5560,#1235);
#756=LINE('',#5561,#1236);
#757=LINE('',#5564,#1237);
#758=LINE('',#5565,#1238);
#759=LINE('',#5567,#1239);
#760=LINE('',#5568,#1240);
#761=LINE('',#5572,#1241);
#762=LINE('',#5573,#1242);
#763=LINE('',#5576,#1243);
#764=LINE('',#5577,#1244);
#765=LINE('',#5579,#1245);
#766=LINE('',#5582,#1246);
#767=LINE('',#5585,#1247);
#768=LINE('',#5588,#1248);
#769=LINE('',#5589,#1249);
#770=LINE('',#5592,#1250);
#771=LINE('',#5596,#1251);
#772=LINE('',#5598,#1252);
#773=LINE('',#5600,#1253);
#774=LINE('',#5605,#1254);
#775=LINE('',#5606,#1255);
#776=LINE('',#5609,#1256);
#777=LINE('',#5611,#1257);
#778=LINE('',#5613,#1258);
#779=LINE('',#5615,#1259);
#780=LINE('',#5616,#1260);
#781=LINE('',#5618,#1261);
#782=LINE('',#5619,#1262);
#783=LINE('',#5622,#1263);
#784=LINE('',#5626,#1264);
#785=LINE('',#5629,#1265);
#786=LINE('',#5631,#1266);
#787=LINE('',#5635,#1267);
#788=LINE('',#5639,#1268);
#789=LINE('',#5641,#1269);
#790=LINE('',#5643,#1270);
#791=LINE('',#5647,#1271);
#792=LINE('',#5649,#1272);
#793=LINE('',#5651,#1273);
#794=LINE('',#5653,#1274);
#795=LINE('',#5655,#1275);
#796=LINE('',#5659,#1276);
#797=LINE('',#5661,#1277);
#798=LINE('',#5663,#1278);
#799=LINE('',#5667,#1279);
#800=LINE('',#5668,#1280);
#801=LINE('',#5672,#1281);
#802=LINE('',#5673,#1282);
#803=LINE('',#5676,#1283);
#804=LINE('',#5677,#1284);
#805=LINE('',#5679,#1285);
#806=LINE('',#5684,#1286);
#807=LINE('',#5686,#1287);
#808=LINE('',#5687,#1288);
#809=LINE('',#5689,#1289);
#810=LINE('',#5691,#1290);
#811=LINE('',#5693,#1291);
#812=LINE('',#5695,#1292);
#813=LINE('',#5697,#1293);
#814=LINE('',#5699,#1294);
#815=LINE('',#5700,#1295);
#816=LINE('',#5702,#1296);
#817=LINE('',#5704,#1297);
#818=LINE('',#5705,#1298);
#819=LINE('',#5707,#1299);
#820=LINE('',#5709,#1300);
#821=LINE('',#5711,#1301);
#822=LINE('',#5714,#1302);
#823=LINE('',#5721,#1303);
#824=LINE('',#5723,#1304);
#825=LINE('',#5725,#1305);
#826=LINE('',#5726,#1306);
#827=LINE('',#5729,#1307);
#828=LINE('',#5731,#1308);
#829=LINE('',#5732,#1309);
#830=LINE('',#5735,#1310);
#831=LINE('',#5736,#1311);
#832=LINE('',#5738,#1312);
#833=LINE('',#5739,#1313);
#834=LINE('',#5742,#1314);
#835=LINE('',#5743,#1315);
#836=LINE('',#5746,#1316);
#837=LINE('',#5747,#1317);
#838=LINE('',#5749,#1318);
#839=LINE('',#5751,#1319);
#840=LINE('',#5752,#1320);
#841=LINE('',#5755,#1321);
#842=LINE('',#5757,#1322);
#843=LINE('',#5758,#1323);
#844=LINE('',#5761,#1324);
#845=LINE('',#5762,#1325);
#846=LINE('',#5763,#1326);
#847=LINE('',#5765,#1327);
#848=LINE('',#5768,#1328);
#849=LINE('',#5769,#1329);
#850=LINE('',#5772,#1330);
#851=LINE('',#5773,#1331);
#852=LINE('',#5775,#1332);
#853=LINE('',#5776,#1333);
#854=LINE('',#5778,#1334);
#855=LINE('',#5780,#1335);
#856=LINE('',#5781,#1336);
#857=LINE('',#5784,#1337);
#858=LINE('',#5785,#1338);
#859=LINE('',#5788,#1339);
#860=LINE('',#5789,#1340);
#861=LINE('',#5791,#1341);
#862=LINE('',#5793,#1342);
#863=LINE('',#5794,#1343);
#864=LINE('',#5796,#1344);
#865=LINE('',#5797,#1345);
#866=LINE('',#5799,#1346);
#867=LINE('',#5802,#1347);
#868=LINE('',#5803,#1348);
#869=LINE('',#5806,#1349);
#870=LINE('',#5807,#1350);
#871=LINE('',#5809,#1351);
#872=LINE('',#5810,#1352);
#873=LINE('',#5812,#1353);
#874=LINE('',#5815,#1354);
#875=LINE('',#5818,#1355);
#876=LINE('',#5821,#1356);
#877=LINE('',#5824,#1357);
#878=LINE('',#5827,#1358);
#879=LINE('',#5830,#1359);
#880=LINE('',#5832,#1360);
#881=LINE('',#5834,#1361);
#882=LINE('',#5835,#1362);
#883=LINE('',#5837,#1363);
#884=LINE('',#5839,#1364);
#885=LINE('',#5840,#1365);
#886=LINE('',#5843,#1366);
#887=LINE('',#5845,#1367);
#888=LINE('',#5846,#1368);
#889=LINE('',#5848,#1369);
#890=LINE('',#5850,#1370);
#891=LINE('',#5852,#1371);
#892=LINE('',#5853,#1372);
#893=LINE('',#5857,#1373);
#894=LINE('',#5859,#1374);
#895=LINE('',#5860,#1375);
#896=LINE('',#5862,#1376);
#897=LINE('',#5865,#1377);
#898=LINE('',#5866,#1378);
#899=LINE('',#5867,#1379);
#900=LINE('',#5869,#1380);
#901=LINE('',#5871,#1381);
#902=LINE('',#5872,#1382);
#903=LINE('',#5884,#1383);
#904=LINE('',#5889,#1384);
#905=LINE('',#5894,#1385);
#906=LINE('',#5896,#1386);
#907=LINE('',#5897,#1387);
#908=LINE('',#5899,#1388);
#909=LINE('',#5901,#1389);
#910=LINE('',#5905,#1390);
#911=LINE('',#5910,#1391);
#912=LINE('',#5914,#1392);
#913=LINE('',#5918,#1393);
#914=LINE('',#5923,#1394);
#915=LINE('',#5926,#1395);
#916=LINE('',#5927,#1396);
#917=LINE('',#5930,#1397);
#918=LINE('',#5932,#1398);
#919=LINE('',#5934,#1399);
#920=LINE('',#5938,#1400);
#921=LINE('',#5940,#1401);
#922=LINE('',#5942,#1402);
#923=LINE('',#5944,#1403);
#924=LINE('',#5946,#1404);
#925=LINE('',#5950,#1405);
#926=LINE('',#5951,#1406);
#927=LINE('',#5952,#1407);
#928=LINE('',#5953,#1408);
#929=LINE('',#5958,#1409);
#930=LINE('',#5961,#1410);
#931=LINE('',#5965,#1411);
#932=LINE('',#5968,#1412);
#933=LINE('',#5970,#1413);
#934=LINE('',#5971,#1414);
#935=LINE('',#5974,#1415);
#936=LINE('',#5976,#1416);
#937=LINE('',#5977,#1417);
#938=LINE('',#5980,#1418);
#939=LINE('',#5982,#1419);
#940=LINE('',#5983,#1420);
#941=LINE('',#5986,#1421);
#942=LINE('',#5987,#1422);
#943=LINE('',#5990,#1423);
#944=LINE('',#5992,#1424);
#945=LINE('',#5993,#1425);
#946=LINE('',#5996,#1426);
#947=LINE('',#5998,#1427);
#948=LINE('',#5999,#1428);
#949=LINE('',#6003,#1429);
#950=LINE('',#6005,#1430);
#951=LINE('',#6007,#1431);
#952=LINE('',#6008,#1432);
#953=LINE('',#6010,#1433);
#954=LINE('',#6011,#1434);
#955=LINE('',#6013,#1435);
#956=LINE('',#6015,#1436);
#957=LINE('',#6016,#1437);
#958=LINE('',#6019,#1438);
#959=LINE('',#6020,#1439);
#960=LINE('',#6022,#1440);
#961=LINE('',#6023,#1441);
#962=LINE('',#6025,#1442);
#963=LINE('',#6027,#1443);
#964=LINE('',#6028,#1444);
#965=LINE('',#6030,#1445);
#966=LINE('',#6032,#1446);
#967=LINE('',#6033,#1447);
#968=LINE('',#6038,#1448);
#969=LINE('',#6043,#1449);
#970=LINE('',#6044,#1450);
#971=LINE('',#6046,#1451);
#972=LINE('',#6053,#1452);
#973=LINE('',#6056,#1453);
#974=LINE('',#6058,#1454);
#975=LINE('',#6061,#1455);
#976=LINE('',#6063,#1456);
#977=LINE('',#6064,#1457);
#978=LINE('',#6068,#1458);
#979=LINE('',#6071,#1459);
#980=LINE('',#6072,#1460);
#981=LINE('',#6075,#1461);
#982=LINE('',#6077,#1462);
#983=LINE('',#6078,#1463);
#984=LINE('',#6082,#1464);
#985=LINE('',#6085,#1465);
#986=LINE('',#6086,#1466);
#987=LINE('',#6089,#1467);
#988=LINE('',#6092,#1468);
#989=LINE('',#6095,#1469);
#990=LINE('',#6096,#1470);
#991=LINE('',#6099,#1471);
#992=LINE('',#6100,#1472);
#993=LINE('',#6103,#1473);
#994=LINE('',#6104,#1474);
#995=LINE('',#6107,#1475);
#996=LINE('',#6108,#1476);
#997=LINE('',#6110,#1477);
#998=LINE('',#6111,#1478);
#999=LINE('',#6112,#1479);
#1000=LINE('',#6113,#1480);
#1001=LINE('',#6115,#1481);
#1002=LINE('',#6116,#1482);
#1003=LINE('',#6121,#1483);
#1004=LINE('',#6123,#1484);
#1005=LINE('',#6126,#1485);
#1006=LINE('',#6128,#1486);
#1007=VECTOR('',#4070,10.);
#1008=VECTOR('',#4071,10.);
#1009=VECTOR('',#4072,10.);
#1010=VECTOR('',#4073,10.);
#1011=VECTOR('',#4076,10.);
#1012=VECTOR('',#4077,10.);
#1013=VECTOR('',#4078,10.);
#1014=VECTOR('',#4081,10.);
#1015=VECTOR('',#4082,10.);
#1016=VECTOR('',#4083,10.);
#1017=VECTOR('',#4084,10.);
#1018=VECTOR('',#4087,10.);
#1019=VECTOR('',#4088,10.);
#1020=VECTOR('',#4089,10.);
#1021=VECTOR('',#4090,10.);
#1022=VECTOR('',#4091,10.);
#1023=VECTOR('',#4092,10.);
#1024=VECTOR('',#4093,10.);
#1025=VECTOR('',#4096,10.);
#1026=VECTOR('',#4097,10.);
#1027=VECTOR('',#4100,10.);
#1028=VECTOR('',#4101,10.);
#1029=VECTOR('',#4102,10.);
#1030=VECTOR('',#4103,10.);
#1031=VECTOR('',#4106,10.);
#1032=VECTOR('',#4107,10.);
#1033=VECTOR('',#4108,10.);
#1034=VECTOR('',#4111,10.);
#1035=VECTOR('',#4112,10.);
#1036=VECTOR('',#4113,10.);
#1037=VECTOR('',#4114,10.);
#1038=VECTOR('',#4117,10.);
#1039=VECTOR('',#4118,10.);
#1040=VECTOR('',#4119,10.);
#1041=VECTOR('',#4120,10.);
#1042=VECTOR('',#4121,10.);
#1043=VECTOR('',#4122,10.);
#1044=VECTOR('',#4123,10.);
#1045=VECTOR('',#4126,10.);
#1046=VECTOR('',#4127,10.);
#1047=VECTOR('',#4130,10.);
#1048=VECTOR('',#4131,10.);
#1049=VECTOR('',#4132,10.);
#1050=VECTOR('',#4133,10.);
#1051=VECTOR('',#4136,10.);
#1052=VECTOR('',#4137,10.);
#1053=VECTOR('',#4138,10.);
#1054=VECTOR('',#4141,10.);
#1055=VECTOR('',#4142,10.);
#1056=VECTOR('',#4143,10.);
#1057=VECTOR('',#4144,10.);
#1058=VECTOR('',#4145,10.);
#1059=VECTOR('',#4146,10.);
#1060=VECTOR('',#4149,10.);
#1061=VECTOR('',#4150,10.);
#1062=VECTOR('',#4153,10.);
#1063=VECTOR('',#4154,10.);
#1064=VECTOR('',#4155,10.);
#1065=VECTOR('',#4156,10.);
#1066=VECTOR('',#4157,10.);
#1067=VECTOR('',#4158,10.);
#1068=VECTOR('',#4159,10.);
#1069=VECTOR('',#4162,10.);
#1070=VECTOR('',#4163,10.);
#1071=VECTOR('',#4164,10.);
#1072=VECTOR('',#4167,10.);
#1073=VECTOR('',#4168,10.);
#1074=VECTOR('',#4169,10.);
#1075=VECTOR('',#4172,10.);
#1076=VECTOR('',#4173,10.);
#1077=VECTOR('',#4176,10.);
#1078=VECTOR('',#4177,10.);
#1079=VECTOR('',#4178,10.);
#1080=VECTOR('',#4181,10.);
#1081=VECTOR('',#4184,10.);
#1082=VECTOR('',#4185,10.);
#1083=VECTOR('',#4186,10.);
#1084=VECTOR('',#4189,10.);
#1085=VECTOR('',#4190,10.);
#1086=VECTOR('',#4193,10.);
#1087=VECTOR('',#4194,10.);
#1088=VECTOR('',#4195,10.);
#1089=VECTOR('',#4198,10.);
#1090=VECTOR('',#4201,10.);
#1091=VECTOR('',#4202,10.);
#1092=VECTOR('',#4205,10.);
#1093=VECTOR('',#4210,10.);
#1094=VECTOR('',#4213,10.);
#1095=VECTOR('',#4216,10.);
#1096=VECTOR('',#4217,10.);
#1097=VECTOR('',#4218,10.);
#1098=VECTOR('',#4221,10.);
#1099=VECTOR('',#4224,10.);
#1100=VECTOR('',#4227,10.);
#1101=VECTOR('',#4230,10.);
#1102=VECTOR('',#4233,10.);
#1103=VECTOR('',#4236,10.);
#1104=VECTOR('',#4239,10.);
#1105=VECTOR('',#4242,10.);
#1106=VECTOR('',#4245,10.);
#1107=VECTOR('',#4248,10.);
#1108=VECTOR('',#4251,10.);
#1109=VECTOR('',#4252,10.);
#1110=VECTOR('',#4253,10.);
#1111=VECTOR('',#4254,10.);
#1112=VECTOR('',#4255,10.);
#1113=VECTOR('',#4256,10.);
#1114=VECTOR('',#4257,10.);
#1115=VECTOR('',#4258,10.);
#1116=VECTOR('',#4263,10.);
#1117=VECTOR('',#4264,10.);
#1118=VECTOR('',#4265,10.);
#1119=VECTOR('',#4266,10.);
#1120=VECTOR('',#4267,10.);
#1121=VECTOR('',#4268,10.);
#1122=VECTOR('',#4269,10.);
#1123=VECTOR('',#4270,10.);
#1124=VECTOR('',#4271,10.);
#1125=VECTOR('',#4272,10.);
#1126=VECTOR('',#4273,10.);
#1127=VECTOR('',#4274,10.);
#1128=VECTOR('',#4277,10.);
#1129=VECTOR('',#4278,10.);
#1130=VECTOR('',#4279,10.);
#1131=VECTOR('',#4280,10.);
#1132=VECTOR('',#4281,10.);
#1133=VECTOR('',#4282,10.);
#1134=VECTOR('',#4283,10.);
#1135=VECTOR('',#4284,10.);
#1136=VECTOR('',#4289,10.);
#1137=VECTOR('',#4290,10.);
#1138=VECTOR('',#4293,10.);
#1139=VECTOR('',#4294,10.);
#1140=VECTOR('',#4299,10.);
#1141=VECTOR('',#4302,10.);
#1142=VECTOR('',#4303,10.);
#1143=VECTOR('',#4308,10.);
#1144=VECTOR('',#4311,10.);
#1145=VECTOR('',#4312,10.);
#1146=VECTOR('',#4313,10.);
#1147=VECTOR('',#4314,10.);
#1148=VECTOR('',#4317,10.);
#1149=VECTOR('',#4318,10.);
#1150=VECTOR('',#4319,10.);
#1151=VECTOR('',#4322,10.);
#1152=VECTOR('',#4323,10.);
#1153=VECTOR('',#4324,10.);
#1154=VECTOR('',#4327,10.);
#1155=VECTOR('',#4328,10.);
#1156=VECTOR('',#4329,10.);
#1157=VECTOR('',#4332,10.);
#1158=VECTOR('',#4333,10.);
#1159=VECTOR('',#4334,10.);
#1160=VECTOR('',#4337,10.);
#1161=VECTOR('',#4338,10.);
#1162=VECTOR('',#4339,10.);
#1163=VECTOR('',#4340,10.);
#1164=VECTOR('',#4343,10.);
#1165=VECTOR('',#4344,10.);
#1166=VECTOR('',#4345,10.);
#1167=VECTOR('',#4346,10.);
#1168=VECTOR('',#4347,10.);
#1169=VECTOR('',#4348,10.);
#1170=VECTOR('',#4351,10.);
#1171=VECTOR('',#4352,10.);
#1172=VECTOR('',#4353,10.);
#1173=VECTOR('',#4354,10.);
#1174=VECTOR('',#4355,10.);
#1175=VECTOR('',#4356,10.);
#1176=VECTOR('',#4357,10.);
#1177=VECTOR('',#4360,10.);
#1178=VECTOR('',#4361,10.);
#1179=VECTOR('',#4362,10.);
#1180=VECTOR('',#4363,10.);
#1181=VECTOR('',#4366,10.);
#1182=VECTOR('',#4367,10.);
#1183=VECTOR('',#4368,10.);
#1184=VECTOR('',#4369,10.);
#1185=VECTOR('',#4370,10.);
#1186=VECTOR('',#4371,10.);
#1187=VECTOR('',#4372,10.);
#1188=VECTOR('',#4375,10.);
#1189=VECTOR('',#4376,10.);
#1190=VECTOR('',#4377,10.);
#1191=VECTOR('',#4378,10.);
#1192=VECTOR('',#4381,10.);
#1193=VECTOR('',#4382,10.);
#1194=VECTOR('',#4383,10.);
#1195=VECTOR('',#4386,10.);
#1196=VECTOR('',#4387,10.);
#1197=VECTOR('',#4388,10.);
#1198=VECTOR('',#4391,10.);
#1199=VECTOR('',#4392,10.);
#1200=VECTOR('',#4395,10.);
#1201=VECTOR('',#4396,10.);
#1202=VECTOR('',#4397,10.);
#1203=VECTOR('',#4398,10.);
#1204=VECTOR('',#4399,10.);
#1205=VECTOR('',#4402,10.);
#1206=VECTOR('',#4403,10.);
#1207=VECTOR('',#4404,10.);
#1208=VECTOR('',#4405,10.);
#1209=VECTOR('',#4410,10.);
#1210=VECTOR('',#4411,10.);
#1211=VECTOR('',#4412,10.);
#1212=VECTOR('',#4413,10.);
#1213=VECTOR('',#4416,10.);
#1214=VECTOR('',#4417,10.);
#1215=VECTOR('',#4418,10.);
#1216=VECTOR('',#4419,10.);
#1217=VECTOR('',#4422,10.);
#1218=VECTOR('',#4423,10.);
#1219=VECTOR('',#4424,10.);
#1220=VECTOR('',#4425,10.);
#1221=VECTOR('',#4428,10.);
#1222=VECTOR('',#4429,10.);
#1223=VECTOR('',#4432,10.);
#1224=VECTOR('',#4433,10.);
#1225=VECTOR('',#4434,10.);
#1226=VECTOR('',#4435,10.);
#1227=VECTOR('',#4436,10.);
#1228=VECTOR('',#4439,10.);
#1229=VECTOR('',#4440,10.);
#1230=VECTOR('',#4443,10.);
#1231=VECTOR('',#4444,10.);
#1232=VECTOR('',#4445,10.);
#1233=VECTOR('',#4448,10.);
#1234=VECTOR('',#4451,10.);
#1235=VECTOR('',#4454,10.);
#1236=VECTOR('',#4455,10.);
#1237=VECTOR('',#4458,10.);
#1238=VECTOR('',#4459,10.);
#1239=VECTOR('',#4462,10.);
#1240=VECTOR('',#4463,10.);
#1241=VECTOR('',#4468,10.);
#1242=VECTOR('',#4469,10.);
#1243=VECTOR('',#4472,10.);
#1244=VECTOR('',#4473,10.);
#1245=VECTOR('',#4476,10.);
#1246=VECTOR('',#4479,10.);
#1247=VECTOR('',#4482,10.);
#1248=VECTOR('',#4485,10.);
#1249=VECTOR('',#4486,10.);
#1250=VECTOR('',#4489,10.);
#1251=VECTOR('',#4492,10.);
#1252=VECTOR('',#4493,10.);
#1253=VECTOR('',#4494,10.);
#1254=VECTOR('',#4501,10.);
#1255=VECTOR('',#4502,10.);
#1256=VECTOR('',#4505,10.);
#1257=VECTOR('',#4506,10.);
#1258=VECTOR('',#4507,10.);
#1259=VECTOR('',#4508,10.);
#1260=VECTOR('',#4509,10.);
#1261=VECTOR('',#4512,10.);
#1262=VECTOR('',#4513,10.);
#1263=VECTOR('',#4516,10.);
#1264=VECTOR('',#4519,10.);
#1265=VECTOR('',#4522,10.);
#1266=VECTOR('',#4523,10.);
#1267=VECTOR('',#4526,10.);
#1268=VECTOR('',#4529,10.);
#1269=VECTOR('',#4530,10.);
#1270=VECTOR('',#4531,10.);
#1271=VECTOR('',#4534,10.);
#1272=VECTOR('',#4535,10.);
#1273=VECTOR('',#4536,10.);
#1274=VECTOR('',#4537,10.);
#1275=VECTOR('',#4538,10.);
#1276=VECTOR('',#4541,10.);
#1277=VECTOR('',#4542,10.);
#1278=VECTOR('',#4543,10.);
#1279=VECTOR('',#4546,10.);
#1280=VECTOR('',#4547,10.);
#1281=VECTOR('',#4554,10.);
#1282=VECTOR('',#4555,10.);
#1283=VECTOR('',#4558,10.);
#1284=VECTOR('',#4559,10.);
#1285=VECTOR('',#4562,10.);
#1286=VECTOR('',#4567,10.);
#1287=VECTOR('',#4568,10.);
#1288=VECTOR('',#4569,10.);
#1289=VECTOR('',#4570,10.);
#1290=VECTOR('',#4571,10.);
#1291=VECTOR('',#4572,10.);
#1292=VECTOR('',#4573,10.);
#1293=VECTOR('',#4574,10.);
#1294=VECTOR('',#4575,10.);
#1295=VECTOR('',#4576,10.);
#1296=VECTOR('',#4577,10.);
#1297=VECTOR('',#4578,10.);
#1298=VECTOR('',#4579,10.);
#1299=VECTOR('',#4580,10.);
#1300=VECTOR('',#4581,10.);
#1301=VECTOR('',#4582,10.);
#1302=VECTOR('',#4585,10.);
#1303=VECTOR('',#4590,10.);
#1304=VECTOR('',#4591,10.);
#1305=VECTOR('',#4592,10.);
#1306=VECTOR('',#4593,10.);
#1307=VECTOR('',#4596,10.);
#1308=VECTOR('',#4597,10.);
#1309=VECTOR('',#4598,10.);
#1310=VECTOR('',#4601,10.);
#1311=VECTOR('',#4602,10.);
#1312=VECTOR('',#4603,10.);
#1313=VECTOR('',#4604,10.);
#1314=VECTOR('',#4607,10.);
#1315=VECTOR('',#4608,10.);
#1316=VECTOR('',#4611,10.);
#1317=VECTOR('',#4612,10.);
#1318=VECTOR('',#4615,10.);
#1319=VECTOR('',#4616,10.);
#1320=VECTOR('',#4617,10.);
#1321=VECTOR('',#4620,10.);
#1322=VECTOR('',#4621,10.);
#1323=VECTOR('',#4622,10.);
#1324=VECTOR('',#4625,10.);
#1325=VECTOR('',#4626,10.);
#1326=VECTOR('',#4627,10.);
#1327=VECTOR('',#4630,10.);
#1328=VECTOR('',#4633,10.);
#1329=VECTOR('',#4634,10.);
#1330=VECTOR('',#4637,10.);
#1331=VECTOR('',#4638,10.);
#1332=VECTOR('',#4641,10.);
#1333=VECTOR('',#4642,10.);
#1334=VECTOR('',#4645,10.);
#1335=VECTOR('',#4648,10.);
#1336=VECTOR('',#4649,10.);
#1337=VECTOR('',#4652,10.);
#1338=VECTOR('',#4653,10.);
#1339=VECTOR('',#4656,10.);
#1340=VECTOR('',#4657,10.);
#1341=VECTOR('',#4660,10.);
#1342=VECTOR('',#4661,10.);
#1343=VECTOR('',#4662,10.);
#1344=VECTOR('',#4665,10.);
#1345=VECTOR('',#4666,10.);
#1346=VECTOR('',#4669,10.);
#1347=VECTOR('',#4672,10.);
#1348=VECTOR('',#4673,10.);
#1349=VECTOR('',#4676,10.);
#1350=VECTOR('',#4677,10.);
#1351=VECTOR('',#4680,10.);
#1352=VECTOR('',#4681,10.);
#1353=VECTOR('',#4684,10.);
#1354=VECTOR('',#4687,2.05);
#1355=VECTOR('',#4692,1.75);
#1356=VECTOR('',#4695,2.05);
#1357=VECTOR('',#4700,1.75);
#1358=VECTOR('',#4703,2.05);
#1359=VECTOR('',#4708,1.75);
#1360=VECTOR('',#4711,10.);
#1361=VECTOR('',#4712,10.);
#1362=VECTOR('',#4713,10.);
#1363=VECTOR('',#4716,10.);
#1364=VECTOR('',#4717,10.);
#1365=VECTOR('',#4718,10.);
#1366=VECTOR('',#4721,10.);
#1367=VECTOR('',#4722,10.);
#1368=VECTOR('',#4723,10.);
#1369=VECTOR('',#4726,10.);
#1370=VECTOR('',#4729,10.);
#1371=VECTOR('',#4730,10.);
#1372=VECTOR('',#4731,10.);
#1373=VECTOR('',#4736,10.);
#1374=VECTOR('',#4737,10.);
#1375=VECTOR('',#4738,10.);
#1376=VECTOR('',#4741,10.);
#1377=VECTOR('',#4744,10.);
#1378=VECTOR('',#4745,10.);
#1379=VECTOR('',#4746,10.);
#1380=VECTOR('',#4749,10.);
#1381=VECTOR('',#4752,10.);
#1382=VECTOR('',#4753,10.);
#1383=VECTOR('',#4772,10.);
#1384=VECTOR('',#4779,10.);
#1385=VECTOR('',#4786,10.);
#1386=VECTOR('',#4789,10.);
#1387=VECTOR('',#4790,10.);
#1388=VECTOR('',#4793,10.);
#1389=VECTOR('',#4796,10.);
#1390=VECTOR('',#4801,10.);
#1391=VECTOR('',#4808,10.);
#1392=VECTOR('',#4813,10.);
#1393=VECTOR('',#4818,10.);
#1394=VECTOR('',#4825,10.);
#1395=VECTOR('',#4828,10.);
#1396=VECTOR('',#4829,10.);
#1397=VECTOR('',#4832,10.);
#1398=VECTOR('',#4833,10.);
#1399=VECTOR('',#4834,10.);
#1400=VECTOR('',#4837,10.);
#1401=VECTOR('',#4838,10.);
#1402=VECTOR('',#4839,10.);
#1403=VECTOR('',#4840,10.);
#1404=VECTOR('',#4841,10.);
#1405=VECTOR('',#4844,10.);
#1406=VECTOR('',#4845,10.);
#1407=VECTOR('',#4846,10.);
#1408=VECTOR('',#4847,10.);
#1409=VECTOR('',#4854,10.);
#1410=VECTOR('',#4859,10.);
#1411=VECTOR('',#4864,10.);
#1412=VECTOR('',#4867,10.);
#1413=VECTOR('',#4868,10.);
#1414=VECTOR('',#4869,10.);
#1415=VECTOR('',#4872,10.);
#1416=VECTOR('',#4873,10.);
#1417=VECTOR('',#4874,10.);
#1418=VECTOR('',#4877,10.);
#1419=VECTOR('',#4878,10.);
#1420=VECTOR('',#4879,10.);
#1421=VECTOR('',#4882,10.);
#1422=VECTOR('',#4883,10.);
#1423=VECTOR('',#4886,10.);
#1424=VECTOR('',#4887,10.);
#1425=VECTOR('',#4888,10.);
#1426=VECTOR('',#4891,10.);
#1427=VECTOR('',#4892,10.);
#1428=VECTOR('',#4893,10.);
#1429=VECTOR('',#4896,10.);
#1430=VECTOR('',#4897,10.);
#1431=VECTOR('',#4898,10.);
#1432=VECTOR('',#4899,10.);
#1433=VECTOR('',#4902,10.);
#1434=VECTOR('',#4903,10.);
#1435=VECTOR('',#4906,10.);
#1436=VECTOR('',#4907,10.);
#1437=VECTOR('',#4908,10.);
#1438=VECTOR('',#4911,10.);
#1439=VECTOR('',#4912,10.);
#1440=VECTOR('',#4915,10.);
#1441=VECTOR('',#4916,10.);
#1442=VECTOR('',#4919,10.);
#1443=VECTOR('',#4922,10.);
#1444=VECTOR('',#4923,10.);
#1445=VECTOR('',#4926,10.);
#1446=VECTOR('',#4929,10.);
#1447=VECTOR('',#4930,10.);
#1448=VECTOR('',#4939,10.);
#1449=VECTOR('',#4946,10.);
#1450=VECTOR('',#4947,10.);
#1451=VECTOR('',#4950,10.);
#1452=VECTOR('',#4963,10.);
#1453=VECTOR('',#4968,10.);
#1454=VECTOR('',#4971,10.);
#1455=VECTOR('',#4974,10.);
#1456=VECTOR('',#4975,10.);
#1457=VECTOR('',#4976,10.);
#1458=VECTOR('',#4981,10.);
#1459=VECTOR('',#4984,10.);
#1460=VECTOR('',#4985,10.);
#1461=VECTOR('',#4988,10.);
#1462=VECTOR('',#4989,10.);
#1463=VECTOR('',#4990,10.);
#1464=VECTOR('',#4995,10.);
#1465=VECTOR('',#4998,10.);
#1466=VECTOR('',#4999,10.);
#1467=VECTOR('',#5002,10.);
#1468=VECTOR('',#5005,10.);
#1469=VECTOR('',#5008,10.);
#1470=VECTOR('',#5009,10.);
#1471=VECTOR('',#5012,10.);
#1472=VECTOR('',#5013,10.);
#1473=VECTOR('',#5016,10.);
#1474=VECTOR('',#5017,10.);
#1475=VECTOR('',#5020,10.);
#1476=VECTOR('',#5021,10.);
#1477=VECTOR('',#5024,10.);
#1478=VECTOR('',#5025,10.);
#1479=VECTOR('',#5026,10.);
#1480=VECTOR('',#5027,10.);
#1481=VECTOR('',#5030,10.);
#1482=VECTOR('',#5031,10.);
#1483=VECTOR('',#5040,10.);
#1484=VECTOR('',#5043,10.);
#1485=VECTOR('',#5048,10.);
#1486=VECTOR('',#5051,10.);
#1487=VERTEX_POINT('',#5056);
#1488=VERTEX_POINT('',#5057);
#1489=VERTEX_POINT('',#5059);
#1490=VERTEX_POINT('',#5061);
#1491=VERTEX_POINT('',#5065);
#1492=VERTEX_POINT('',#5066);
#1493=VERTEX_POINT('',#5071);
#1494=VERTEX_POINT('',#5073);
#1495=VERTEX_POINT('',#5075);
#1496=VERTEX_POINT('',#5077);
#1497=VERTEX_POINT('',#5079);
#1498=VERTEX_POINT('',#5081);
#1499=VERTEX_POINT('',#5083);
#1500=VERTEX_POINT('',#5085);
#1501=VERTEX_POINT('',#5087);
#1502=VERTEX_POINT('',#5089);
#1503=VERTEX_POINT('',#5091);
#1504=VERTEX_POINT('',#5095);
#1505=VERTEX_POINT('',#5099);
#1506=VERTEX_POINT('',#5100);
#1507=VERTEX_POINT('',#5102);
#1508=VERTEX_POINT('',#5104);
#1509=VERTEX_POINT('',#5108);
#1510=VERTEX_POINT('',#5109);
#1511=VERTEX_POINT('',#5114);
#1512=VERTEX_POINT('',#5116);
#1513=VERTEX_POINT('',#5118);
#1514=VERTEX_POINT('',#5120);
#1515=VERTEX_POINT('',#5122);
#1516=VERTEX_POINT('',#5124);
#1517=VERTEX_POINT('',#5126);
#1518=VERTEX_POINT('',#5128);
#1519=VERTEX_POINT('',#5130);
#1520=VERTEX_POINT('',#5132);
#1521=VERTEX_POINT('',#5134);
#1522=VERTEX_POINT('',#5138);
#1523=VERTEX_POINT('',#5142);
#1524=VERTEX_POINT('',#5143);
#1525=VERTEX_POINT('',#5145);
#1526=VERTEX_POINT('',#5147);
#1527=VERTEX_POINT('',#5151);
#1528=VERTEX_POINT('',#5153);
#1529=VERTEX_POINT('',#5157);
#1530=VERTEX_POINT('',#5159);
#1531=VERTEX_POINT('',#5161);
#1532=VERTEX_POINT('',#5163);
#1533=VERTEX_POINT('',#5165);
#1534=VERTEX_POINT('',#5169);
#1535=VERTEX_POINT('',#5173);
#1536=VERTEX_POINT('',#5175);
#1537=VERTEX_POINT('',#5177);
#1538=VERTEX_POINT('',#5179);
#1539=VERTEX_POINT('',#5181);
#1540=VERTEX_POINT('',#5183);
#1541=VERTEX_POINT('',#5185);
#1542=VERTEX_POINT('',#5187);
#1543=VERTEX_POINT('',#5189);
#1544=VERTEX_POINT('',#5191);
#1545=VERTEX_POINT('',#5195);
#1546=VERTEX_POINT('',#5197);
#1547=VERTEX_POINT('',#5201);
#1548=VERTEX_POINT('',#5206);
#1549=VERTEX_POINT('',#5212);
#1550=VERTEX_POINT('',#5214);
#1551=VERTEX_POINT('',#5218);
#1552=VERTEX_POINT('',#5223);
#1553=VERTEX_POINT('',#5234);
#1554=VERTEX_POINT('',#5235);
#1555=VERTEX_POINT('',#5237);
#1556=VERTEX_POINT('',#5239);
#1557=VERTEX_POINT('',#5243);
#1558=VERTEX_POINT('',#5245);
#1559=VERTEX_POINT('',#5249);
#1560=VERTEX_POINT('',#5251);
#1561=VERTEX_POINT('',#5253);
#1562=VERTEX_POINT('',#5255);
#1563=VERTEX_POINT('',#5257);
#1564=VERTEX_POINT('',#5259);
#1565=VERTEX_POINT('',#5261);
#1566=VERTEX_POINT('',#5263);
#1567=VERTEX_POINT('',#5265);
#1568=VERTEX_POINT('',#5267);
#1569=VERTEX_POINT('',#5269);
#1570=VERTEX_POINT('',#5271);
#1571=VERTEX_POINT('',#5273);
#1572=VERTEX_POINT('',#5275);
#1573=VERTEX_POINT('',#5277);
#1574=VERTEX_POINT('',#5279);
#1575=VERTEX_POINT('',#5281);
#1576=VERTEX_POINT('',#5283);
#1577=VERTEX_POINT('',#5285);
#1578=VERTEX_POINT('',#5288);
#1579=VERTEX_POINT('',#5289);
#1580=VERTEX_POINT('',#5291);
#1581=VERTEX_POINT('',#5293);
#1582=VERTEX_POINT('',#5295);
#1583=VERTEX_POINT('',#5297);
#1584=VERTEX_POINT('',#5299);
#1585=VERTEX_POINT('',#5301);
#1586=VERTEX_POINT('',#5304);
#1587=VERTEX_POINT('',#5306);
#1588=VERTEX_POINT('',#5308);
#1589=VERTEX_POINT('',#5309);
#1590=VERTEX_POINT('',#5311);
#1591=VERTEX_POINT('',#5313);
#1592=VERTEX_POINT('',#5315);
#1593=VERTEX_POINT('',#5317);
#1594=VERTEX_POINT('',#5319);
#1595=VERTEX_POINT('',#5321);
#1596=VERTEX_POINT('',#5324);
#1597=VERTEX_POINT('',#5325);
#1598=VERTEX_POINT('',#5327);
#1599=VERTEX_POINT('',#5329);
#1600=VERTEX_POINT('',#5332);
#1601=VERTEX_POINT('',#5334);
#1602=VERTEX_POINT('',#5335);
#1603=VERTEX_POINT('',#5337);
#1604=VERTEX_POINT('',#5339);
#1605=VERTEX_POINT('',#5341);
#1606=VERTEX_POINT('',#5343);
#1607=VERTEX_POINT('',#5345);
#1608=VERTEX_POINT('',#5347);
#1609=VERTEX_POINT('',#5351);
#1610=VERTEX_POINT('',#5352);
#1611=VERTEX_POINT('',#5357);
#1612=VERTEX_POINT('',#5361);
#1613=VERTEX_POINT('',#5365);
#1614=VERTEX_POINT('',#5369);
#1615=VERTEX_POINT('',#5373);
#1616=VERTEX_POINT('',#5374);
#1617=VERTEX_POINT('',#5376);
#1618=VERTEX_POINT('',#5378);
#1619=VERTEX_POINT('',#5382);
#1620=VERTEX_POINT('',#5384);
#1621=VERTEX_POINT('',#5388);
#1622=VERTEX_POINT('',#5390);
#1623=VERTEX_POINT('',#5394);
#1624=VERTEX_POINT('',#5396);
#1625=VERTEX_POINT('',#5400);
#1626=VERTEX_POINT('',#5402);
#1627=VERTEX_POINT('',#5406);
#1628=VERTEX_POINT('',#5408);
#1629=VERTEX_POINT('',#5410);
#1630=VERTEX_POINT('',#5414);
#1631=VERTEX_POINT('',#5416);
#1632=VERTEX_POINT('',#5418);
#1633=VERTEX_POINT('',#5420);
#1634=VERTEX_POINT('',#5422);
#1635=VERTEX_POINT('',#5426);
#1636=VERTEX_POINT('',#5429);
#1637=VERTEX_POINT('',#5431);
#1638=VERTEX_POINT('',#5433);
#1639=VERTEX_POINT('',#5435);
#1640=VERTEX_POINT('',#5439);
#1641=VERTEX_POINT('',#5440);
#1642=VERTEX_POINT('',#5442);
#1643=VERTEX_POINT('',#5444);
#1644=VERTEX_POINT('',#5448);
#1645=VERTEX_POINT('',#5450);
#1646=VERTEX_POINT('',#5452);
#1647=VERTEX_POINT('',#5454);
#1648=VERTEX_POINT('',#5456);
#1649=VERTEX_POINT('',#5458);
#1650=VERTEX_POINT('',#5462);
#1651=VERTEX_POINT('',#5463);
#1652=VERTEX_POINT('',#5465);
#1653=VERTEX_POINT('',#5467);
#1654=VERTEX_POINT('',#5471);
#1655=VERTEX_POINT('',#5473);
#1656=VERTEX_POINT('',#5477);
#1657=VERTEX_POINT('',#5479);
#1658=VERTEX_POINT('',#5486);
#1659=VERTEX_POINT('',#5488);
#1660=VERTEX_POINT('',#5490);
#1661=VERTEX_POINT('',#5492);
#1662=VERTEX_POINT('',#5496);
#1663=VERTEX_POINT('',#5498);
#1664=VERTEX_POINT('',#5500);
#1665=VERTEX_POINT('',#5504);
#1666=VERTEX_POINT('',#5505);
#1667=VERTEX_POINT('',#5507);
#1668=VERTEX_POINT('',#5509);
#1669=VERTEX_POINT('',#5511);
#1670=VERTEX_POINT('',#5515);
#1671=VERTEX_POINT('',#5516);
#1672=VERTEX_POINT('',#5518);
#1673=VERTEX_POINT('',#5520);
#1674=VERTEX_POINT('',#5524);
#1675=VERTEX_POINT('',#5525);
#1676=VERTEX_POINT('',#5527);
#1677=VERTEX_POINT('',#5529);
#1678=VERTEX_POINT('',#5536);
#1679=VERTEX_POINT('',#5538);
#1680=VERTEX_POINT('',#5540);
#1681=VERTEX_POINT('',#5542);
#1682=VERTEX_POINT('',#5549);
#1683=VERTEX_POINT('',#5551);
#1684=VERTEX_POINT('',#5559);
#1685=VERTEX_POINT('',#5563);
#1686=VERTEX_POINT('',#5571);
#1687=VERTEX_POINT('',#5575);
#1688=VERTEX_POINT('',#5581);
#1689=VERTEX_POINT('',#5583);
#1690=VERTEX_POINT('',#5587);
#1691=VERTEX_POINT('',#5591);
#1692=VERTEX_POINT('',#5593);
#1693=VERTEX_POINT('',#5595);
#1694=VERTEX_POINT('',#5597);
#1695=VERTEX_POINT('',#5599);
#1696=VERTEX_POINT('',#5602);
#1697=VERTEX_POINT('',#5608);
#1698=VERTEX_POINT('',#5610);
#1699=VERTEX_POINT('',#5612);
#1700=VERTEX_POINT('',#5614);
#1701=VERTEX_POINT('',#5621);
#1702=VERTEX_POINT('',#5623);
#1703=VERTEX_POINT('',#5625);
#1704=VERTEX_POINT('',#5627);
#1705=VERTEX_POINT('',#5630);
#1706=VERTEX_POINT('',#5632);
#1707=VERTEX_POINT('',#5634);
#1708=VERTEX_POINT('',#5636);
#1709=VERTEX_POINT('',#5638);
#1710=VERTEX_POINT('',#5640);
#1711=VERTEX_POINT('',#5642);
#1712=VERTEX_POINT('',#5644);
#1713=VERTEX_POINT('',#5646);
#1714=VERTEX_POINT('',#5648);
#1715=VERTEX_POINT('',#5650);
#1716=VERTEX_POINT('',#5652);
#1717=VERTEX_POINT('',#5654);
#1718=VERTEX_POINT('',#5656);
#1719=VERTEX_POINT('',#5658);
#1720=VERTEX_POINT('',#5660);
#1721=VERTEX_POINT('',#5662);
#1722=VERTEX_POINT('',#5664);
#1723=VERTEX_POINT('',#5666);
#1724=VERTEX_POINT('',#5675);
#1725=VERTEX_POINT('',#5681);
#1726=VERTEX_POINT('',#5683);
#1727=VERTEX_POINT('',#5685);
#1728=VERTEX_POINT('',#5688);
#1729=VERTEX_POINT('',#5690);
#1730=VERTEX_POINT('',#5692);
#1731=VERTEX_POINT('',#5694);
#1732=VERTEX_POINT('',#5696);
#1733=VERTEX_POINT('',#5698);
#1734=VERTEX_POINT('',#5701);
#1735=VERTEX_POINT('',#5703);
#1736=VERTEX_POINT('',#5706);
#1737=VERTEX_POINT('',#5708);
#1738=VERTEX_POINT('',#5710);
#1739=VERTEX_POINT('',#5712);
#1740=VERTEX_POINT('',#5715);
#1741=VERTEX_POINT('',#5717);
#1742=VERTEX_POINT('',#5719);
#1743=VERTEX_POINT('',#5720);
#1744=VERTEX_POINT('',#5722);
#1745=VERTEX_POINT('',#5724);
#1746=VERTEX_POINT('',#5728);
#1747=VERTEX_POINT('',#5730);
#1748=VERTEX_POINT('',#5734);
#1749=VERTEX_POINT('',#5737);
#1750=VERTEX_POINT('',#5741);
#1751=VERTEX_POINT('',#5745);
#1752=VERTEX_POINT('',#5750);
#1753=VERTEX_POINT('',#5754);
#1754=VERTEX_POINT('',#5756);
#1755=VERTEX_POINT('',#5760);
#1756=VERTEX_POINT('',#5767);
#1757=VERTEX_POINT('',#5771);
#1758=VERTEX_POINT('',#5783);
#1759=VERTEX_POINT('',#5787);
#1760=VERTEX_POINT('',#5792);
#1761=VERTEX_POINT('',#5801);
#1762=VERTEX_POINT('',#5805);
#1763=VERTEX_POINT('',#5814);
#1764=VERTEX_POINT('',#5820);
#1765=VERTEX_POINT('',#5826);
#1766=VERTEX_POINT('',#5833);
#1767=VERTEX_POINT('',#5838);
#1768=VERTEX_POINT('',#5842);
#1769=VERTEX_POINT('',#5844);
#1770=VERTEX_POINT('',#5851);
#1771=VERTEX_POINT('',#5856);
#1772=VERTEX_POINT('',#5858);
#1773=VERTEX_POINT('',#5864);
#1774=VERTEX_POINT('',#5882);
#1775=VERTEX_POINT('',#5883);
#1776=VERTEX_POINT('',#5888);
#1777=VERTEX_POINT('',#5892);
#1778=VERTEX_POINT('',#5903);
#1779=VERTEX_POINT('',#5909);
#1780=VERTEX_POINT('',#5913);
#1781=VERTEX_POINT('',#5917);
#1782=VERTEX_POINT('',#5921);
#1783=VERTEX_POINT('',#5925);
#1784=VERTEX_POINT('',#5929);
#1785=VERTEX_POINT('',#5931);
#1786=VERTEX_POINT('',#5933);
#1787=VERTEX_POINT('',#5935);
#1788=VERTEX_POINT('',#5937);
#1789=VERTEX_POINT('',#5939);
#1790=VERTEX_POINT('',#5941);
#1791=VERTEX_POINT('',#5943);
#1792=VERTEX_POINT('',#5945);
#1793=VERTEX_POINT('',#5947);
#1794=VERTEX_POINT('',#5949);
#1795=VERTEX_POINT('',#5957);
#1796=VERTEX_POINT('',#5963);
#1797=VERTEX_POINT('',#5967);
#1798=VERTEX_POINT('',#5969);
#1799=VERTEX_POINT('',#5973);
#1800=VERTEX_POINT('',#5975);
#1801=VERTEX_POINT('',#5979);
#1802=VERTEX_POINT('',#5981);
#1803=VERTEX_POINT('',#5985);
#1804=VERTEX_POINT('',#5989);
#1805=VERTEX_POINT('',#5991);
#1806=VERTEX_POINT('',#5995);
#1807=VERTEX_POINT('',#5997);
#1808=VERTEX_POINT('',#6001);
#1809=VERTEX_POINT('',#6002);
#1810=VERTEX_POINT('',#6004);
#1811=VERTEX_POINT('',#6006);
#1812=VERTEX_POINT('',#6014);
#1813=VERTEX_POINT('',#6018);
#1814=VERTEX_POINT('',#6042);
#1815=VERTEX_POINT('',#6060);
#1816=VERTEX_POINT('',#6062);
#1817=VERTEX_POINT('',#6066);
#1818=VERTEX_POINT('',#6070);
#1819=VERTEX_POINT('',#6074);
#1820=VERTEX_POINT('',#6076);
#1821=VERTEX_POINT('',#6080);
#1822=VERTEX_POINT('',#6084);
#1823=VERTEX_POINT('',#6088);
#1824=VERTEX_POINT('',#6090);
#1825=VERTEX_POINT('',#6094);
#1826=VERTEX_POINT('',#6098);
#1827=VERTEX_POINT('',#6102);
#1828=VERTEX_POINT('',#6106);
#1829=EDGE_CURVE('',#1487,#1488,#527,.T.);
#1830=EDGE_CURVE('',#1489,#1487,#528,.T.);
#1831=EDGE_CURVE('',#1490,#1489,#529,.T.);
#1832=EDGE_CURVE('',#1488,#1490,#530,.T.);
#1833=EDGE_CURVE('',#1491,#1492,#531,.T.);
#1834=EDGE_CURVE('',#1487,#1491,#532,.T.);
#1835=EDGE_CURVE('',#1492,#1488,#533,.T.);
#1836=EDGE_CURVE('',#1491,#1493,#534,.T.);
#1837=EDGE_CURVE('',#1494,#1493,#535,.F.);
#1838=EDGE_CURVE('',#1494,#1495,#536,.T.);
#1839=EDGE_CURVE('',#1495,#1496,#537,.T.);
#1840=EDGE_CURVE('',#1496,#1497,#73,.T.);
#1841=EDGE_CURVE('',#1497,#1498,#538,.T.);
#1842=EDGE_CURVE('',#1498,#1499,#539,.T.);
#1843=EDGE_CURVE('',#1500,#1499,#540,.F.);
#1844=EDGE_CURVE('',#1500,#1501,#541,.T.);
#1845=EDGE_CURVE('',#1501,#1502,#542,.T.);
#1846=EDGE_CURVE('',#1502,#1503,#543,.T.);
#1847=EDGE_CURVE('',#1489,#1503,#544,.T.);
#1848=EDGE_CURVE('',#1504,#1492,#545,.T.);
#1849=EDGE_CURVE('',#1493,#1504,#546,.T.);
#1850=EDGE_CURVE('',#1505,#1506,#547,.T.);
#1851=EDGE_CURVE('',#1507,#1505,#548,.T.);
#1852=EDGE_CURVE('',#1508,#1507,#549,.T.);
#1853=EDGE_CURVE('',#1506,#1508,#550,.T.);
#1854=EDGE_CURVE('',#1509,#1510,#551,.T.);
#1855=EDGE_CURVE('',#1505,#1509,#552,.T.);
#1856=EDGE_CURVE('',#1510,#1506,#553,.T.);
#1857=EDGE_CURVE('',#1511,#1509,#554,.T.);
#1858=EDGE_CURVE('',#1512,#1511,#555,.F.);
#1859=EDGE_CURVE('',#1512,#1513,#556,.T.);
#1860=EDGE_CURVE('',#1513,#1514,#557,.T.);
#1861=EDGE_CURVE('',#1514,#1515,#74,.T.);
#1862=EDGE_CURVE('',#1515,#1516,#558,.T.);
#1863=EDGE_CURVE('',#1516,#1517,#559,.F.);
#1864=EDGE_CURVE('',#1518,#1517,#560,.F.);
#1865=EDGE_CURVE('',#1519,#1518,#561,.T.);
#1866=EDGE_CURVE('',#1519,#1520,#562,.T.);
#1867=EDGE_CURVE('',#1520,#1521,#563,.T.);
#1868=EDGE_CURVE('',#1507,#1521,#564,.T.);
#1869=EDGE_CURVE('',#1522,#1510,#565,.T.);
#1870=EDGE_CURVE('',#1511,#1522,#566,.T.);
#1871=EDGE_CURVE('',#1523,#1524,#567,.T.);
#1872=EDGE_CURVE('',#1525,#1523,#568,.T.);
#1873=EDGE_CURVE('',#1525,#1526,#569,.T.);
#1874=EDGE_CURVE('',#1524,#1526,#570,.T.);
#1875=EDGE_CURVE('',#1523,#1527,#571,.T.);
#1876=EDGE_CURVE('',#1528,#1524,#572,.T.);
#1877=EDGE_CURVE('',#1527,#1528,#573,.T.);
#1878=EDGE_CURVE('',#1529,#1527,#574,.T.);
#1879=EDGE_CURVE('',#1530,#1529,#575,.T.);
#1880=EDGE_CURVE('',#1530,#1531,#576,.T.);
#1881=EDGE_CURVE('',#1531,#1532,#577,.T.);
#1882=EDGE_CURVE('',#1532,#1533,#578,.T.);
#1883=EDGE_CURVE('',#1525,#1533,#579,.T.);
#1884=EDGE_CURVE('',#1534,#1528,#580,.T.);
#1885=EDGE_CURVE('',#1529,#1534,#581,.T.);
#1886=EDGE_CURVE('',#1535,#1526,#582,.T.);
#1887=EDGE_CURVE('',#1535,#1536,#583,.T.);
#1888=EDGE_CURVE('',#1536,#1537,#584,.T.);
#1889=EDGE_CURVE('',#1537,#1538,#585,.T.);
#1890=EDGE_CURVE('',#1539,#1538,#586,.F.);
#1891=EDGE_CURVE('',#1539,#1540,#587,.T.);
#1892=EDGE_CURVE('',#1540,#1541,#588,.T.);
#1893=EDGE_CURVE('',#1541,#1542,#75,.T.);
#1894=EDGE_CURVE('',#1542,#1543,#589,.T.);
#1895=EDGE_CURVE('',#1543,#1544,#590,.T.);
#1896=EDGE_CURVE('',#1534,#1544,#591,.F.);
#1897=EDGE_CURVE('',#1545,#1502,#592,.T.);
#1898=EDGE_CURVE('',#1546,#1545,#593,.T.);
#1899=EDGE_CURVE('',#1546,#1503,#594,.T.);
#1900=EDGE_CURVE('',#1545,#1547,#595,.T.);
#1901=EDGE_CURVE('',#1547,#1501,#596,.T.);
#1902=EDGE_CURVE('',#1546,#1490,#597,.T.);
#1903=EDGE_CURVE('',#1548,#1547,#598,.T.);
#1904=EDGE_CURVE('',#1504,#1548,#599,.T.);
#1905=EDGE_CURVE('',#1548,#1500,#600,.T.);
#1906=EDGE_CURVE('',#1549,#1520,#601,.T.);
#1907=EDGE_CURVE('',#1550,#1549,#602,.T.);
#1908=EDGE_CURVE('',#1550,#1521,#603,.T.);
#1909=EDGE_CURVE('',#1549,#1551,#604,.T.);
#1910=EDGE_CURVE('',#1551,#1519,#605,.T.);
#1911=EDGE_CURVE('',#1550,#1508,#606,.T.);
#1912=EDGE_CURVE('',#1552,#1551,#607,.T.);
#1913=EDGE_CURVE('',#1522,#1552,#608,.T.);
#1914=EDGE_CURVE('',#1552,#1518,#609,.T.);
#1915=EDGE_CURVE('',#1536,#1532,#610,.T.);
#1916=EDGE_CURVE('',#1533,#1535,#611,.T.);
#1917=EDGE_CURVE('',#1537,#1531,#612,.T.);
#1918=EDGE_CURVE('',#1553,#1554,#76,.T.);
#1919=EDGE_CURVE('',#1554,#1555,#613,.T.);
#1920=EDGE_CURVE('',#1555,#1556,#77,.T.);
#1921=EDGE_CURVE('',#1556,#1553,#614,.T.);
#1922=EDGE_CURVE('',#1557,#1556,#615,.T.);
#1923=EDGE_CURVE('',#1558,#1557,#616,.T.);
#1924=EDGE_CURVE('',#1558,#1553,#617,.T.);
#1925=EDGE_CURVE('',#1559,#1555,#618,.T.);
#1926=EDGE_CURVE('',#1560,#1559,#78,.T.);
#1927=EDGE_CURVE('',#1560,#1561,#619,.T.);
#1928=EDGE_CURVE('',#1562,#1561,#79,.T.);
#1929=EDGE_CURVE('',#1563,#1562,#620,.T.);
#1930=EDGE_CURVE('',#1564,#1563,#80,.T.);
#1931=EDGE_CURVE('',#1564,#1565,#621,.T.);
#1932=EDGE_CURVE('',#1565,#1566,#81,.T.);
#1933=EDGE_CURVE('',#1566,#1567,#622,.T.);
#1934=EDGE_CURVE('',#1568,#1567,#82,.T.);
#1935=EDGE_CURVE('',#1568,#1569,#623,.T.);
#1936=EDGE_CURVE('',#1570,#1569,#83,.T.);
#1937=EDGE_CURVE('',#1570,#1571,#624,.T.);
#1938=EDGE_CURVE('',#1572,#1571,#84,.T.);
#1939=EDGE_CURVE('',#1572,#1573,#625,.T.);
#1940=EDGE_CURVE('',#1574,#1573,#85,.T.);
#1941=EDGE_CURVE('',#1574,#1575,#626,.T.);
#1942=EDGE_CURVE('',#1575,#1576,#86,.T.);
#1943=EDGE_CURVE('',#1576,#1577,#627,.T.);
#1944=EDGE_CURVE('',#1577,#1557,#87,.T.);
#1945=EDGE_CURVE('',#1578,#1579,#628,.T.);
#1946=EDGE_CURVE('',#1580,#1578,#629,.T.);
#1947=EDGE_CURVE('',#1581,#1580,#630,.T.);
#1948=EDGE_CURVE('',#1582,#1581,#631,.T.);
#1949=EDGE_CURVE('',#1583,#1582,#632,.T.);
#1950=EDGE_CURVE('',#1584,#1583,#633,.T.);
#1951=EDGE_CURVE('',#1585,#1584,#634,.T.);
#1952=EDGE_CURVE('',#1579,#1585,#635,.T.);
#1953=EDGE_CURVE('',#1586,#1586,#88,.T.);
#1954=EDGE_CURVE('',#1587,#1587,#89,.T.);
#1955=EDGE_CURVE('',#1588,#1589,#636,.T.);
#1956=EDGE_CURVE('',#1590,#1588,#637,.T.);
#1957=EDGE_CURVE('',#1591,#1590,#638,.T.);
#1958=EDGE_CURVE('',#1592,#1591,#639,.T.);
#1959=EDGE_CURVE('',#1593,#1592,#640,.T.);
#1960=EDGE_CURVE('',#1594,#1593,#641,.T.);
#1961=EDGE_CURVE('',#1595,#1594,#642,.T.);
#1962=EDGE_CURVE('',#1589,#1595,#643,.T.);
#1963=EDGE_CURVE('',#1596,#1597,#644,.T.);
#1964=EDGE_CURVE('',#1597,#1598,#645,.T.);
#1965=EDGE_CURVE('',#1598,#1599,#646,.T.);
#1966=EDGE_CURVE('',#1599,#1596,#647,.T.);
#1967=EDGE_CURVE('',#1600,#1600,#90,.T.);
#1968=EDGE_CURVE('',#1601,#1602,#648,.T.);
#1969=EDGE_CURVE('',#1603,#1601,#649,.T.);
#1970=EDGE_CURVE('',#1604,#1603,#650,.T.);
#1971=EDGE_CURVE('',#1605,#1604,#651,.T.);
#1972=EDGE_CURVE('',#1606,#1605,#652,.T.);
#1973=EDGE_CURVE('',#1607,#1606,#653,.T.);
#1974=EDGE_CURVE('',#1608,#1607,#654,.T.);
#1975=EDGE_CURVE('',#1602,#1608,#655,.T.);
#1976=EDGE_CURVE('',#1609,#1610,#91,.T.);
#1977=EDGE_CURVE('',#1610,#1560,#656,.T.);
#1978=EDGE_CURVE('',#1559,#1609,#657,.T.);
#1979=EDGE_CURVE('',#1610,#1611,#658,.T.);
#1980=EDGE_CURVE('',#1561,#1611,#659,.T.);
#1981=EDGE_CURVE('',#1611,#1612,#92,.T.);
#1982=EDGE_CURVE('',#1612,#1562,#660,.T.);
#1983=EDGE_CURVE('',#1612,#1613,#661,.T.);
#1984=EDGE_CURVE('',#1563,#1613,#662,.T.);
#1985=EDGE_CURVE('',#1613,#1614,#93,.T.);
#1986=EDGE_CURVE('',#1614,#1564,#663,.T.);
#1987=EDGE_CURVE('',#1615,#1616,#664,.T.);
#1988=EDGE_CURVE('',#1616,#1617,#665,.T.);
#1989=EDGE_CURVE('',#1617,#1618,#666,.T.);
#1990=EDGE_CURVE('',#1618,#1615,#667,.T.);
#1991=EDGE_CURVE('',#1616,#1619,#668,.T.);
#1992=EDGE_CURVE('',#1619,#1620,#669,.T.);
#1993=EDGE_CURVE('',#1620,#1617,#670,.T.);
#1994=EDGE_CURVE('',#1621,#1620,#671,.T.);
#1995=EDGE_CURVE('',#1619,#1622,#672,.T.);
#1996=EDGE_CURVE('',#1622,#1621,#673,.T.);
#1997=EDGE_CURVE('',#1622,#1623,#674,.T.);
#1998=EDGE_CURVE('',#1623,#1624,#675,.T.);
#1999=EDGE_CURVE('',#1624,#1621,#676,.T.);
#2000=EDGE_CURVE('',#1618,#1625,#677,.T.);
#2001=EDGE_CURVE('',#1625,#1626,#678,.T.);
#2002=EDGE_CURVE('',#1626,#1615,#679,.T.);
#2003=EDGE_CURVE('',#1627,#1623,#680,.T.);
#2004=EDGE_CURVE('',#1628,#1627,#681,.T.);
#2005=EDGE_CURVE('',#1628,#1629,#682,.T.);
#2006=EDGE_CURVE('',#1624,#1629,#683,.T.);
#2007=EDGE_CURVE('',#1626,#1630,#684,.T.);
#2008=EDGE_CURVE('',#1631,#1630,#685,.T.);
#2009=EDGE_CURVE('',#1632,#1631,#686,.T.);
#2010=EDGE_CURVE('',#1633,#1632,#687,.T.);
#2011=EDGE_CURVE('',#1634,#1633,#688,.T.);
#2012=EDGE_CURVE('',#1627,#1634,#689,.T.);
#2013=EDGE_CURVE('',#1629,#1635,#690,.T.);
#2014=EDGE_CURVE('',#1635,#1625,#691,.T.);
#2015=EDGE_CURVE('',#1618,#1636,#692,.T.);
#2016=EDGE_CURVE('',#1636,#1637,#693,.T.);
#2017=EDGE_CURVE('',#1638,#1637,#694,.T.);
#2018=EDGE_CURVE('',#1638,#1639,#695,.T.);
#2019=EDGE_CURVE('',#1639,#1621,#696,.T.);
#2020=EDGE_CURVE('',#1640,#1641,#697,.F.);
#2021=EDGE_CURVE('',#1641,#1642,#698,.T.);
#2022=EDGE_CURVE('',#1643,#1642,#699,.T.);
#2023=EDGE_CURVE('',#1643,#1640,#700,.T.);
#2024=EDGE_CURVE('',#1640,#1644,#701,.T.);
#2025=EDGE_CURVE('',#1645,#1643,#702,.T.);
#2026=EDGE_CURVE('',#1645,#1646,#703,.T.);
#2027=EDGE_CURVE('',#1647,#1646,#704,.T.);
#2028=EDGE_CURVE('',#1648,#1647,#705,.T.);
#2029=EDGE_CURVE('',#1649,#1648,#706,.T.);
#2030=EDGE_CURVE('',#1649,#1644,#707,.T.);
#2031=EDGE_CURVE('',#1650,#1651,#708,.T.);
#2032=EDGE_CURVE('',#1651,#1652,#709,.T.);
#2033=EDGE_CURVE('',#1652,#1653,#710,.T.);
#2034=EDGE_CURVE('',#1653,#1650,#711,.T.);
#2035=EDGE_CURVE('',#1654,#1652,#712,.T.);
#2036=EDGE_CURVE('',#1651,#1655,#713,.T.);
#2037=EDGE_CURVE('',#1654,#1655,#714,.T.);
#2038=EDGE_CURVE('',#1656,#1650,#715,.T.);
#2039=EDGE_CURVE('',#1653,#1657,#716,.T.);
#2040=EDGE_CURVE('',#1657,#1656,#717,.T.);
#2041=EDGE_CURVE('',#1655,#1656,#718,.T.);
#2042=EDGE_CURVE('',#1657,#1654,#719,.T.);
#2043=EDGE_CURVE('',#1651,#1658,#720,.T.);
#2044=EDGE_CURVE('',#1658,#1659,#721,.T.);
#2045=EDGE_CURVE('',#1660,#1659,#722,.T.);
#2046=EDGE_CURVE('',#1660,#1661,#723,.T.);
#2047=EDGE_CURVE('',#1661,#1655,#724,.T.);
#2048=EDGE_CURVE('',#1650,#1662,#725,.T.);
#2049=EDGE_CURVE('',#1662,#1663,#726,.T.);
#2050=EDGE_CURVE('',#1664,#1663,#727,.T.);
#2051=EDGE_CURVE('',#1664,#1658,#728,.T.);
#2052=EDGE_CURVE('',#1665,#1666,#94,.T.);
#2053=EDGE_CURVE('',#1667,#1665,#729,.T.);
#2054=EDGE_CURVE('',#1668,#1667,#730,.T.);
#2055=EDGE_CURVE('',#1669,#1668,#731,.T.);
#2056=EDGE_CURVE('',#1666,#1669,#732,.T.);
#2057=EDGE_CURVE('',#1670,#1671,#733,.T.);
#2058=EDGE_CURVE('',#1671,#1672,#734,.T.);
#2059=EDGE_CURVE('',#1672,#1673,#735,.T.);
#2060=EDGE_CURVE('',#1673,#1670,#736,.T.);
#2061=EDGE_CURVE('',#1674,#1675,#737,.T.);
#2062=EDGE_CURVE('',#1675,#1676,#738,.T.);
#2063=EDGE_CURVE('',#1676,#1677,#739,.T.);
#2064=EDGE_CURVE('',#1677,#1674,#740,.T.);
#2065=EDGE_CURVE('',#1673,#1674,#741,.T.);
#2066=EDGE_CURVE('',#1677,#1670,#742,.T.);
#2067=EDGE_CURVE('',#1676,#1678,#743,.T.);
#2068=EDGE_CURVE('',#1679,#1678,#744,.T.);
#2069=EDGE_CURVE('',#1680,#1679,#745,.T.);
#2070=EDGE_CURVE('',#1681,#1680,#746,.T.);
#2071=EDGE_CURVE('',#1681,#1671,#747,.T.);
#2072=EDGE_CURVE('',#1675,#1644,#748,.T.);
#2073=EDGE_CURVE('',#1678,#1649,#749,.T.);
#2074=EDGE_CURVE('',#1552,#1682,#750,.T.);
#2075=EDGE_CURVE('',#1682,#1683,#751,.T.);
#2076=EDGE_CURVE('',#1683,#1522,#752,.T.);
#2077=EDGE_CURVE('',#1517,#1682,#753,.T.);
#2078=EDGE_CURVE('',#1683,#1512,#754,.T.);
#2079=EDGE_CURVE('',#1544,#1684,#755,.T.);
#2080=EDGE_CURVE('',#1684,#1529,#756,.T.);
#2081=EDGE_CURVE('',#1684,#1685,#757,.T.);
#2082=EDGE_CURVE('',#1685,#1530,#758,.T.);
#2083=EDGE_CURVE('',#1685,#1539,#759,.T.);
#2084=EDGE_CURVE('',#1538,#1530,#760,.T.);
#2085=EDGE_CURVE('',#1499,#1686,#761,.T.);
#2086=EDGE_CURVE('',#1686,#1548,#762,.T.);
#2087=EDGE_CURVE('',#1686,#1687,#763,.T.);
#2088=EDGE_CURVE('',#1687,#1504,#764,.T.);
#2089=EDGE_CURVE('',#1687,#1494,#765,.T.);
#2090=EDGE_CURVE('',#1573,#1688,#766,.T.);
#2091=EDGE_CURVE('',#1688,#1689,#95,.T.);
#2092=EDGE_CURVE('',#1689,#1574,#767,.T.);
#2093=EDGE_CURVE('',#1690,#1689,#768,.T.);
#2094=EDGE_CURVE('',#1690,#1575,#769,.T.);
#2095=EDGE_CURVE('',#1688,#1691,#770,.T.);
#2096=EDGE_CURVE('',#1692,#1691,#96,.T.);
#2097=EDGE_CURVE('',#1692,#1693,#771,.T.);
#2098=EDGE_CURVE('',#1693,#1694,#772,.T.);
#2099=EDGE_CURVE('',#1695,#1694,#773,.T.);
#2100=EDGE_CURVE('',#1690,#1695,#97,.T.);
#2101=EDGE_CURVE('',#1696,#1696,#98,.T.);
#2102=EDGE_CURVE('',#1571,#1692,#774,.T.);
#2103=EDGE_CURVE('',#1691,#1572,#775,.T.);
#2104=EDGE_CURVE('',#1697,#1570,#776,.T.);
#2105=EDGE_CURVE('',#1698,#1697,#777,.T.);
#2106=EDGE_CURVE('',#1698,#1699,#778,.T.);
#2107=EDGE_CURVE('',#1699,#1700,#779,.F.);
#2108=EDGE_CURVE('',#1693,#1700,#780,.T.);
#2109=EDGE_CURVE('',#1567,#1665,#781,.T.);
#2110=EDGE_CURVE('',#1666,#1568,#782,.T.);
#2111=EDGE_CURVE('',#1701,#1669,#783,.T.);
#2112=EDGE_CURVE('',#1702,#1701,#99,.T.);
#2113=EDGE_CURVE('',#1703,#1702,#784,.T.);
#2114=EDGE_CURVE('',#1704,#1703,#100,.T.);
#2115=EDGE_CURVE('',#1704,#1648,#785,.T.);
#2116=EDGE_CURVE('',#1705,#1647,#786,.T.);
#2117=EDGE_CURVE('',#1706,#1705,#101,.T.);
#2118=EDGE_CURVE('',#1707,#1706,#787,.T.);
#2119=EDGE_CURVE('',#1708,#1707,#102,.T.);
#2120=EDGE_CURVE('',#1709,#1708,#788,.T.);
#2121=EDGE_CURVE('',#1710,#1709,#789,.T.);
#2122=EDGE_CURVE('',#1711,#1710,#790,.T.);
#2123=EDGE_CURVE('',#1712,#1711,#103,.T.);
#2124=EDGE_CURVE('',#1713,#1712,#791,.T.);
#2125=EDGE_CURVE('',#1714,#1713,#792,.T.);
#2126=EDGE_CURVE('',#1715,#1714,#793,.T.);
#2127=EDGE_CURVE('',#1716,#1715,#794,.T.);
#2128=EDGE_CURVE('',#1717,#1716,#795,.T.);
#2129=EDGE_CURVE('',#1718,#1717,#104,.T.);
#2130=EDGE_CURVE('',#1719,#1718,#796,.T.);
#2131=EDGE_CURVE('',#1720,#1719,#797,.T.);
#2132=EDGE_CURVE('',#1721,#1720,#798,.T.);
#2133=EDGE_CURVE('',#1722,#1721,#105,.T.);
#2134=EDGE_CURVE('',#1723,#1722,#799,.T.);
#2135=EDGE_CURVE('',#1569,#1723,#800,.T.);
#2136=EDGE_CURVE('',#1723,#1697,#18,.T.);
#2137=EDGE_CURVE('',#1646,#1681,#801,.T.);
#2138=EDGE_CURVE('',#1672,#1645,#802,.T.);
#2139=EDGE_CURVE('',#1724,#1680,#803,.T.);
#2140=EDGE_CURVE('',#1705,#1724,#804,.T.);
#2141=EDGE_CURVE('',#1554,#1609,#805,.T.);
#2142=EDGE_CURVE('',#1725,#1558,#106,.T.);
#2143=EDGE_CURVE('',#1726,#1725,#806,.T.);
#2144=EDGE_CURVE('',#1727,#1726,#807,.T.);
#2145=EDGE_CURVE('',#1723,#1727,#808,.T.);
#2146=EDGE_CURVE('',#1728,#1722,#809,.T.);
#2147=EDGE_CURVE('',#1729,#1728,#810,.T.);
#2148=EDGE_CURVE('',#1730,#1729,#811,.T.);
#2149=EDGE_CURVE('',#1731,#1730,#812,.T.);
#2150=EDGE_CURVE('',#1732,#1731,#813,.T.);
#2151=EDGE_CURVE('',#1733,#1732,#814,.T.);
#2152=EDGE_CURVE('',#1707,#1733,#815,.T.);
#2153=EDGE_CURVE('',#1734,#1706,#816,.T.);
#2154=EDGE_CURVE('',#1735,#1734,#817,.T.);
#2155=EDGE_CURVE('',#1703,#1735,#818,.T.);
#2156=EDGE_CURVE('',#1736,#1702,#819,.T.);
#2157=EDGE_CURVE('',#1736,#1737,#820,.T.);
#2158=EDGE_CURVE('',#1738,#1737,#821,.T.);
#2159=EDGE_CURVE('',#1739,#1738,#107,.T.);
#2160=EDGE_CURVE('',#1614,#1739,#822,.T.);
#2161=EDGE_CURVE('',#1740,#1740,#108,.T.);
#2162=EDGE_CURVE('',#1741,#1741,#109,.T.);
#2163=EDGE_CURVE('',#1742,#1743,#823,.T.);
#2164=EDGE_CURVE('',#1744,#1743,#824,.T.);
#2165=EDGE_CURVE('',#1745,#1744,#825,.T.);
#2166=EDGE_CURVE('',#1742,#1745,#826,.T.);
#2167=EDGE_CURVE('',#1608,#1746,#827,.F.);
#2168=EDGE_CURVE('',#1746,#1747,#828,.T.);
#2169=EDGE_CURVE('',#1747,#1602,#829,.F.);
#2170=EDGE_CURVE('',#1641,#1748,#830,.T.);
#2171=EDGE_CURVE('',#1748,#1747,#831,.T.);
#2172=EDGE_CURVE('',#1746,#1749,#832,.T.);
#2173=EDGE_CURVE('',#1642,#1749,#833,.T.);
#2174=EDGE_CURVE('',#1607,#1750,#834,.F.);
#2175=EDGE_CURVE('',#1746,#1750,#835,.T.);
#2176=EDGE_CURVE('',#1606,#1751,#836,.F.);
#2177=EDGE_CURVE('',#1751,#1750,#837,.T.);
#2178=EDGE_CURVE('',#1749,#1750,#838,.T.);
#2179=EDGE_CURVE('',#1751,#1752,#839,.T.);
#2180=EDGE_CURVE('',#1673,#1752,#840,.T.);
#2181=EDGE_CURVE('',#1601,#1753,#841,.F.);
#2182=EDGE_CURVE('',#1753,#1754,#842,.T.);
#2183=EDGE_CURVE('',#1754,#1603,#843,.F.);
#2184=EDGE_CURVE('',#1755,#1674,#844,.T.);
#2185=EDGE_CURVE('',#1755,#1754,#845,.T.);
#2186=EDGE_CURVE('',#1753,#1748,#846,.T.);
#2187=EDGE_CURVE('',#1753,#1747,#847,.T.);
#2188=EDGE_CURVE('',#1605,#1756,#848,.F.);
#2189=EDGE_CURVE('',#1751,#1756,#849,.T.);
#2190=EDGE_CURVE('',#1604,#1757,#850,.F.);
#2191=EDGE_CURVE('',#1757,#1756,#851,.T.);
#2192=EDGE_CURVE('',#1752,#1756,#852,.T.);
#2193=EDGE_CURVE('',#1757,#1755,#853,.T.);
#2194=EDGE_CURVE('',#1757,#1754,#854,.T.);
#2195=EDGE_CURVE('',#1585,#1660,#855,.F.);
#2196=EDGE_CURVE('',#1659,#1579,#856,.F.);
#2197=EDGE_CURVE('',#1584,#1758,#857,.F.);
#2198=EDGE_CURVE('',#1660,#1758,#858,.T.);
#2199=EDGE_CURVE('',#1583,#1759,#859,.F.);
#2200=EDGE_CURVE('',#1759,#1758,#860,.T.);
#2201=EDGE_CURVE('',#1661,#1758,#861,.T.);
#2202=EDGE_CURVE('',#1759,#1760,#862,.T.);
#2203=EDGE_CURVE('',#1656,#1760,#863,.T.);
#2204=EDGE_CURVE('',#1578,#1664,#864,.F.);
#2205=EDGE_CURVE('',#1663,#1580,#865,.F.);
#2206=EDGE_CURVE('',#1664,#1659,#866,.T.);
#2207=EDGE_CURVE('',#1582,#1761,#867,.F.);
#2208=EDGE_CURVE('',#1759,#1761,#868,.T.);
#2209=EDGE_CURVE('',#1581,#1762,#869,.F.);
#2210=EDGE_CURVE('',#1762,#1761,#870,.T.);
#2211=EDGE_CURVE('',#1760,#1761,#871,.T.);
#2212=EDGE_CURVE('',#1762,#1662,#872,.T.);
#2213=EDGE_CURVE('',#1762,#1663,#873,.T.);
#2214=EDGE_CURVE('',#1586,#1763,#874,.T.);
#2215=EDGE_CURVE('',#1763,#1763,#110,.T.);
#2216=EDGE_CURVE('',#1763,#1696,#875,.T.);
#2217=EDGE_CURVE('',#1600,#1764,#876,.T.);
#2218=EDGE_CURVE('',#1764,#1764,#111,.T.);
#2219=EDGE_CURVE('',#1764,#1740,#877,.T.);
#2220=EDGE_CURVE('',#1587,#1765,#878,.T.);
#2221=EDGE_CURVE('',#1765,#1765,#112,.T.);
#2222=EDGE_CURVE('',#1765,#1741,#879,.T.);
#2223=EDGE_CURVE('',#1595,#1637,#880,.F.);
#2224=EDGE_CURVE('',#1766,#1637,#881,.T.);
#2225=EDGE_CURVE('',#1766,#1589,#882,.F.);
#2226=EDGE_CURVE('',#1638,#1594,#883,.F.);
#2227=EDGE_CURVE('',#1593,#1767,#884,.F.);
#2228=EDGE_CURVE('',#1638,#1767,#885,.T.);
#2229=EDGE_CURVE('',#1591,#1768,#886,.F.);
#2230=EDGE_CURVE('',#1769,#1768,#887,.T.);
#2231=EDGE_CURVE('',#1769,#1592,#888,.F.);
#2232=EDGE_CURVE('',#1769,#1767,#889,.T.);
#2233=EDGE_CURVE('',#1639,#1767,#890,.T.);
#2234=EDGE_CURVE('',#1769,#1770,#891,.T.);
#2235=EDGE_CURVE('',#1620,#1770,#892,.T.);
#2236=EDGE_CURVE('',#1771,#1590,#893,.F.);
#2237=EDGE_CURVE('',#1588,#1772,#894,.F.);
#2238=EDGE_CURVE('',#1771,#1772,#895,.T.);
#2239=EDGE_CURVE('',#1766,#1772,#896,.T.);
#2240=EDGE_CURVE('',#1617,#1773,#897,.T.);
#2241=EDGE_CURVE('',#1773,#1772,#898,.T.);
#2242=EDGE_CURVE('',#1766,#1636,#899,.T.);
#2243=EDGE_CURVE('',#1771,#1768,#900,.T.);
#2244=EDGE_CURVE('',#1770,#1768,#901,.T.);
#2245=EDGE_CURVE('',#1771,#1773,#902,.T.);
#2246=EDGE_CURVE('',#1774,#1775,#903,.T.);
#2247=EDGE_CURVE('',#1775,#1745,#19,.T.);
#2248=EDGE_CURVE('',#1744,#1774,#20,.T.);
#2249=EDGE_CURVE('',#1775,#1776,#904,.T.);
#2250=EDGE_CURVE('',#1776,#1742,#113,.T.);
#2251=EDGE_CURVE('',#1743,#1777,#114,.T.);
#2252=EDGE_CURVE('',#1777,#1774,#905,.T.);
#2253=EDGE_CURVE('',#1775,#1632,#906,.T.);
#2254=EDGE_CURVE('',#1776,#1631,#907,.T.);
#2255=EDGE_CURVE('',#1774,#1633,#908,.T.);
#2256=EDGE_CURVE('',#1777,#1634,#909,.T.);
#2257=EDGE_CURVE('',#1726,#1778,#115,.T.);
#2258=EDGE_CURVE('',#1778,#1698,#910,.T.);
#2259=EDGE_CURVE('',#1698,#1727,#21,.T.);
#2260=EDGE_CURVE('',#1721,#1779,#911,.T.);
#2261=EDGE_CURVE('',#1779,#1728,#22,.T.);
#2262=EDGE_CURVE('',#1779,#1780,#912,.T.);
#2263=EDGE_CURVE('',#1780,#1729,#116,.T.);
#2264=EDGE_CURVE('',#1781,#1708,#913,.T.);
#2265=EDGE_CURVE('',#1733,#1781,#23,.T.);
#2266=EDGE_CURVE('',#1732,#1782,#117,.T.);
#2267=EDGE_CURVE('',#1782,#1781,#914,.T.);
#2268=EDGE_CURVE('',#1783,#1781,#915,.T.);
#2269=EDGE_CURVE('',#1783,#1709,#916,.T.);
#2270=EDGE_CURVE('',#1784,#1779,#917,.T.);
#2271=EDGE_CURVE('',#1785,#1784,#918,.T.);
#2272=EDGE_CURVE('',#1786,#1785,#919,.T.);
#2273=EDGE_CURVE('',#1787,#1786,#118,.T.);
#2274=EDGE_CURVE('',#1788,#1787,#920,.T.);
#2275=EDGE_CURVE('',#1789,#1788,#921,.T.);
#2276=EDGE_CURVE('',#1789,#1790,#922,.T.);
#2277=EDGE_CURVE('',#1791,#1790,#923,.T.);
#2278=EDGE_CURVE('',#1792,#1791,#924,.T.);
#2279=EDGE_CURVE('',#1793,#1792,#119,.T.);
#2280=EDGE_CURVE('',#1793,#1794,#925,.T.);
#2281=EDGE_CURVE('',#1794,#1783,#926,.T.);
#2282=EDGE_CURVE('',#1782,#1598,#927,.T.);
#2283=EDGE_CURVE('',#1780,#1597,#928,.T.);
#2284=EDGE_CURVE('',#1724,#1734,#24,.T.);
#2285=EDGE_CURVE('',#1724,#1795,#929,.T.);
#2286=EDGE_CURVE('',#1795,#1735,#25,.T.);
#2287=EDGE_CURVE('',#1795,#1704,#930,.T.);
#2288=EDGE_CURVE('',#1796,#1736,#120,.T.);
#2289=EDGE_CURVE('',#1701,#1796,#931,.T.);
#2290=EDGE_CURVE('',#1788,#1797,#932,.T.);
#2291=EDGE_CURVE('',#1797,#1798,#933,.T.);
#2292=EDGE_CURVE('',#1798,#1789,#934,.F.);
#2293=EDGE_CURVE('',#1797,#1799,#935,.T.);
#2294=EDGE_CURVE('',#1800,#1799,#936,.T.);
#2295=EDGE_CURVE('',#1798,#1800,#937,.T.);
#2296=EDGE_CURVE('',#1801,#1787,#938,.T.);
#2297=EDGE_CURVE('',#1802,#1801,#939,.T.);
#2298=EDGE_CURVE('',#1799,#1802,#940,.T.);
#2299=EDGE_CURVE('',#1802,#1803,#941,.T.);
#2300=EDGE_CURVE('',#1803,#1800,#942,.F.);
#2301=EDGE_CURVE('',#1804,#1801,#943,.T.);
#2302=EDGE_CURVE('',#1805,#1804,#944,.T.);
#2303=EDGE_CURVE('',#1803,#1805,#945,.T.);
#2304=EDGE_CURVE('',#1806,#1791,#946,.F.);
#2305=EDGE_CURVE('',#1790,#1807,#947,.F.);
#2306=EDGE_CURVE('',#1807,#1806,#948,.T.);
#2307=EDGE_CURVE('',#1808,#1809,#949,.F.);
#2308=EDGE_CURVE('',#1809,#1810,#950,.T.);
#2309=EDGE_CURVE('',#1810,#1811,#951,.F.);
#2310=EDGE_CURVE('',#1811,#1808,#952,.T.);
#2311=EDGE_CURVE('',#1810,#1807,#953,.T.);
#2312=EDGE_CURVE('',#1806,#1809,#954,.T.);
#2313=EDGE_CURVE('',#1805,#1715,#955,.T.);
#2314=EDGE_CURVE('',#1714,#1812,#956,.T.);
#2315=EDGE_CURVE('',#1812,#1811,#957,.T.);
#2316=EDGE_CURVE('',#1813,#1812,#958,.T.);
#2317=EDGE_CURVE('',#1808,#1813,#959,.T.);
#2318=EDGE_CURVE('',#1711,#1793,#960,.T.);
#2319=EDGE_CURVE('',#1792,#1712,#961,.T.);
#2320=EDGE_CURVE('',#1794,#1710,#962,.T.);
#2321=EDGE_CURVE('',#1717,#1801,#963,.T.);
#2322=EDGE_CURVE('',#1786,#1718,#964,.T.);
#2323=EDGE_CURVE('',#1804,#1716,#965,.T.);
#2324=EDGE_CURVE('',#1785,#1719,#966,.T.);
#2325=EDGE_CURVE('',#1784,#1720,#967,.T.);
#2326=EDGE_CURVE('',#1813,#1713,#968,.T.);
#2327=EDGE_CURVE('',#1814,#1635,#969,.T.);
#2328=EDGE_CURVE('',#1630,#1814,#970,.T.);
#2329=EDGE_CURVE('',#1814,#1628,#971,.T.);
#2330=EDGE_CURVE('',#1795,#1679,#972,.T.);
#2331=EDGE_CURVE('',#1796,#1668,#973,.T.);
#2332=EDGE_CURVE('',#1737,#1667,#974,.T.);
#2333=EDGE_CURVE('',#1815,#1495,#975,.T.);
#2334=EDGE_CURVE('',#1816,#1815,#976,.T.);
#2335=EDGE_CURVE('',#1816,#1496,#977,.T.);
#2336=EDGE_CURVE('',#1817,#1816,#121,.T.);
#2337=EDGE_CURVE('',#1817,#1497,#978,.T.);
#2338=EDGE_CURVE('',#1818,#1817,#979,.T.);
#2339=EDGE_CURVE('',#1498,#1818,#980,.T.);
#2340=EDGE_CURVE('',#1819,#1540,#981,.T.);
#2341=EDGE_CURVE('',#1820,#1819,#982,.T.);
#2342=EDGE_CURVE('',#1820,#1541,#983,.T.);
#2343=EDGE_CURVE('',#1821,#1820,#122,.T.);
#2344=EDGE_CURVE('',#1821,#1542,#984,.T.);
#2345=EDGE_CURVE('',#1822,#1821,#985,.T.);
#2346=EDGE_CURVE('',#1543,#1822,#986,.T.);
#2347=EDGE_CURVE('',#1823,#1514,#987,.T.);
#2348=EDGE_CURVE('',#1824,#1823,#123,.T.);
#2349=EDGE_CURVE('',#1824,#1515,#988,.T.);
#2350=EDGE_CURVE('',#1825,#1824,#989,.T.);
#2351=EDGE_CURVE('',#1516,#1825,#990,.T.);
#2352=EDGE_CURVE('',#1826,#1513,#991,.T.);
#2353=EDGE_CURVE('',#1823,#1826,#992,.T.);
#2354=EDGE_CURVE('',#1700,#1827,#993,.F.);
#2355=EDGE_CURVE('',#1694,#1827,#994,.T.);
#2356=EDGE_CURVE('',#1778,#1828,#995,.T.);
#2357=EDGE_CURVE('',#1828,#1699,#996,.F.);
#2358=EDGE_CURVE('',#1827,#1825,#997,.F.);
#2359=EDGE_CURVE('',#1815,#1828,#998,.F.);
#2360=EDGE_CURVE('',#1819,#1818,#999,.F.);
#2361=EDGE_CURVE('',#1826,#1822,#1000,.F.);
#2362=EDGE_CURVE('',#1730,#1596,#1001,.T.);
#2363=EDGE_CURVE('',#1731,#1599,#1002,.T.);
#2364=EDGE_CURVE('',#1738,#1566,#1003,.T.);
#2365=EDGE_CURVE('',#1739,#1565,#1004,.T.);
#2366=EDGE_CURVE('',#1725,#1577,#1005,.T.);
#2367=EDGE_CURVE('',#1695,#1576,#1006,.T.);
#2368=ORIENTED_EDGE('',*,*,#1829,.F.);
#2369=ORIENTED_EDGE('',*,*,#1830,.F.);
#2370=ORIENTED_EDGE('',*,*,#1831,.F.);
#2371=ORIENTED_EDGE('',*,*,#1832,.F.);
#2372=ORIENTED_EDGE('',*,*,#1833,.F.);
#2373=ORIENTED_EDGE('',*,*,#1834,.F.);
#2374=ORIENTED_EDGE('',*,*,#1829,.T.);
#2375=ORIENTED_EDGE('',*,*,#1835,.F.);
#2376=ORIENTED_EDGE('',*,*,#1830,.T.);
#2377=ORIENTED_EDGE('',*,*,#1834,.T.);
#2378=ORIENTED_EDGE('',*,*,#1836,.T.);
#2379=ORIENTED_EDGE('',*,*,#1837,.F.);
#2380=ORIENTED_EDGE('',*,*,#1838,.T.);
#2381=ORIENTED_EDGE('',*,*,#1839,.T.);
#2382=ORIENTED_EDGE('',*,*,#1840,.T.);
#2383=ORIENTED_EDGE('',*,*,#1841,.T.);
#2384=ORIENTED_EDGE('',*,*,#1842,.T.);
#2385=ORIENTED_EDGE('',*,*,#1843,.F.);
#2386=ORIENTED_EDGE('',*,*,#1844,.T.);
#2387=ORIENTED_EDGE('',*,*,#1845,.T.);
#2388=ORIENTED_EDGE('',*,*,#1846,.T.);
#2389=ORIENTED_EDGE('',*,*,#1847,.F.);
#2390=ORIENTED_EDGE('',*,*,#1833,.T.);
#2391=ORIENTED_EDGE('',*,*,#1848,.F.);
#2392=ORIENTED_EDGE('',*,*,#1849,.F.);
#2393=ORIENTED_EDGE('',*,*,#1836,.F.);
#2394=ORIENTED_EDGE('',*,*,#1850,.F.);
#2395=ORIENTED_EDGE('',*,*,#1851,.F.);
#2396=ORIENTED_EDGE('',*,*,#1852,.F.);
#2397=ORIENTED_EDGE('',*,*,#1853,.F.);
#2398=ORIENTED_EDGE('',*,*,#1854,.F.);
#2399=ORIENTED_EDGE('',*,*,#1855,.F.);
#2400=ORIENTED_EDGE('',*,*,#1850,.T.);
#2401=ORIENTED_EDGE('',*,*,#1856,.F.);
#2402=ORIENTED_EDGE('',*,*,#1851,.T.);
#2403=ORIENTED_EDGE('',*,*,#1855,.T.);
#2404=ORIENTED_EDGE('',*,*,#1857,.F.);
#2405=ORIENTED_EDGE('',*,*,#1858,.F.);
#2406=ORIENTED_EDGE('',*,*,#1859,.T.);
#2407=ORIENTED_EDGE('',*,*,#1860,.T.);
#2408=ORIENTED_EDGE('',*,*,#1861,.T.);
#2409=ORIENTED_EDGE('',*,*,#1862,.T.);
#2410=ORIENTED_EDGE('',*,*,#1863,.T.);
#2411=ORIENTED_EDGE('',*,*,#1864,.F.);
#2412=ORIENTED_EDGE('',*,*,#1865,.F.);
#2413=ORIENTED_EDGE('',*,*,#1866,.T.);
#2414=ORIENTED_EDGE('',*,*,#1867,.T.);
#2415=ORIENTED_EDGE('',*,*,#1868,.F.);
#2416=ORIENTED_EDGE('',*,*,#1854,.T.);
#2417=ORIENTED_EDGE('',*,*,#1869,.F.);
#2418=ORIENTED_EDGE('',*,*,#1870,.F.);
#2419=ORIENTED_EDGE('',*,*,#1857,.T.);
#2420=ORIENTED_EDGE('',*,*,#1871,.F.);
#2421=ORIENTED_EDGE('',*,*,#1872,.F.);
#2422=ORIENTED_EDGE('',*,*,#1873,.T.);
#2423=ORIENTED_EDGE('',*,*,#1874,.F.);
#2424=ORIENTED_EDGE('',*,*,#1875,.F.);
#2425=ORIENTED_EDGE('',*,*,#1871,.T.);
#2426=ORIENTED_EDGE('',*,*,#1876,.F.);
#2427=ORIENTED_EDGE('',*,*,#1877,.F.);
#2428=ORIENTED_EDGE('',*,*,#1872,.T.);
#2429=ORIENTED_EDGE('',*,*,#1875,.T.);
#2430=ORIENTED_EDGE('',*,*,#1878,.F.);
#2431=ORIENTED_EDGE('',*,*,#1879,.F.);
#2432=ORIENTED_EDGE('',*,*,#1880,.T.);
#2433=ORIENTED_EDGE('',*,*,#1881,.T.);
#2434=ORIENTED_EDGE('',*,*,#1882,.T.);
#2435=ORIENTED_EDGE('',*,*,#1883,.F.);
#2436=ORIENTED_EDGE('',*,*,#1877,.T.);
#2437=ORIENTED_EDGE('',*,*,#1884,.F.);
#2438=ORIENTED_EDGE('',*,*,#1885,.F.);
#2439=ORIENTED_EDGE('',*,*,#1878,.T.);
#2440=ORIENTED_EDGE('',*,*,#1876,.T.);
#2441=ORIENTED_EDGE('',*,*,#1874,.T.);
#2442=ORIENTED_EDGE('',*,*,#1886,.F.);
#2443=ORIENTED_EDGE('',*,*,#1887,.T.);
#2444=ORIENTED_EDGE('',*,*,#1888,.T.);
#2445=ORIENTED_EDGE('',*,*,#1889,.T.);
#2446=ORIENTED_EDGE('',*,*,#1890,.F.);
#2447=ORIENTED_EDGE('',*,*,#1891,.T.);
#2448=ORIENTED_EDGE('',*,*,#1892,.T.);
#2449=ORIENTED_EDGE('',*,*,#1893,.T.);
#2450=ORIENTED_EDGE('',*,*,#1894,.T.);
#2451=ORIENTED_EDGE('',*,*,#1895,.T.);
#2452=ORIENTED_EDGE('',*,*,#1896,.F.);
#2453=ORIENTED_EDGE('',*,*,#1884,.T.);
#2454=ORIENTED_EDGE('',*,*,#1897,.F.);
#2455=ORIENTED_EDGE('',*,*,#1898,.F.);
#2456=ORIENTED_EDGE('',*,*,#1899,.T.);
#2457=ORIENTED_EDGE('',*,*,#1846,.F.);
#2458=ORIENTED_EDGE('',*,*,#1900,.F.);
#2459=ORIENTED_EDGE('',*,*,#1897,.T.);
#2460=ORIENTED_EDGE('',*,*,#1845,.F.);
#2461=ORIENTED_EDGE('',*,*,#1901,.F.);
#2462=ORIENTED_EDGE('',*,*,#1832,.T.);
#2463=ORIENTED_EDGE('',*,*,#1902,.F.);
#2464=ORIENTED_EDGE('',*,*,#1898,.T.);
#2465=ORIENTED_EDGE('',*,*,#1900,.T.);
#2466=ORIENTED_EDGE('',*,*,#1903,.F.);
#2467=ORIENTED_EDGE('',*,*,#1904,.F.);
#2468=ORIENTED_EDGE('',*,*,#1848,.T.);
#2469=ORIENTED_EDGE('',*,*,#1835,.T.);
#2470=ORIENTED_EDGE('',*,*,#1901,.T.);
#2471=ORIENTED_EDGE('',*,*,#1844,.F.);
#2472=ORIENTED_EDGE('',*,*,#1905,.F.);
#2473=ORIENTED_EDGE('',*,*,#1903,.T.);
#2474=ORIENTED_EDGE('',*,*,#1906,.F.);
#2475=ORIENTED_EDGE('',*,*,#1907,.F.);
#2476=ORIENTED_EDGE('',*,*,#1908,.T.);
#2477=ORIENTED_EDGE('',*,*,#1867,.F.);
#2478=ORIENTED_EDGE('',*,*,#1909,.F.);
#2479=ORIENTED_EDGE('',*,*,#1906,.T.);
#2480=ORIENTED_EDGE('',*,*,#1866,.F.);
#2481=ORIENTED_EDGE('',*,*,#1910,.F.);
#2482=ORIENTED_EDGE('',*,*,#1853,.T.);
#2483=ORIENTED_EDGE('',*,*,#1911,.F.);
#2484=ORIENTED_EDGE('',*,*,#1907,.T.);
#2485=ORIENTED_EDGE('',*,*,#1909,.T.);
#2486=ORIENTED_EDGE('',*,*,#1912,.F.);
#2487=ORIENTED_EDGE('',*,*,#1913,.F.);
#2488=ORIENTED_EDGE('',*,*,#1869,.T.);
#2489=ORIENTED_EDGE('',*,*,#1856,.T.);
#2490=ORIENTED_EDGE('',*,*,#1910,.T.);
#2491=ORIENTED_EDGE('',*,*,#1865,.T.);
#2492=ORIENTED_EDGE('',*,*,#1914,.F.);
#2493=ORIENTED_EDGE('',*,*,#1912,.T.);
#2494=ORIENTED_EDGE('',*,*,#1915,.F.);
#2495=ORIENTED_EDGE('',*,*,#1887,.F.);
#2496=ORIENTED_EDGE('',*,*,#1916,.F.);
#2497=ORIENTED_EDGE('',*,*,#1882,.F.);
#2498=ORIENTED_EDGE('',*,*,#1917,.F.);
#2499=ORIENTED_EDGE('',*,*,#1888,.F.);
#2500=ORIENTED_EDGE('',*,*,#1915,.T.);
#2501=ORIENTED_EDGE('',*,*,#1881,.F.);
#2502=ORIENTED_EDGE('',*,*,#1918,.T.);
#2503=ORIENTED_EDGE('',*,*,#1919,.T.);
#2504=ORIENTED_EDGE('',*,*,#1920,.T.);
#2505=ORIENTED_EDGE('',*,*,#1921,.T.);
#2506=ORIENTED_EDGE('',*,*,#1921,.F.);
#2507=ORIENTED_EDGE('',*,*,#1922,.F.);
#2508=ORIENTED_EDGE('',*,*,#1923,.F.);
#2509=ORIENTED_EDGE('',*,*,#1924,.T.);
#2510=ORIENTED_EDGE('',*,*,#1920,.F.);
#2511=ORIENTED_EDGE('',*,*,#1925,.F.);
#2512=ORIENTED_EDGE('',*,*,#1926,.F.);
#2513=ORIENTED_EDGE('',*,*,#1927,.T.);
#2514=ORIENTED_EDGE('',*,*,#1928,.F.);
#2515=ORIENTED_EDGE('',*,*,#1929,.F.);
#2516=ORIENTED_EDGE('',*,*,#1930,.F.);
#2517=ORIENTED_EDGE('',*,*,#1931,.T.);
#2518=ORIENTED_EDGE('',*,*,#1932,.T.);
#2519=ORIENTED_EDGE('',*,*,#1933,.T.);
#2520=ORIENTED_EDGE('',*,*,#1934,.F.);
#2521=ORIENTED_EDGE('',*,*,#1935,.T.);
#2522=ORIENTED_EDGE('',*,*,#1936,.F.);
#2523=ORIENTED_EDGE('',*,*,#1937,.T.);
#2524=ORIENTED_EDGE('',*,*,#1938,.F.);
#2525=ORIENTED_EDGE('',*,*,#1939,.T.);
#2526=ORIENTED_EDGE('',*,*,#1940,.F.);
#2527=ORIENTED_EDGE('',*,*,#1941,.T.);
#2528=ORIENTED_EDGE('',*,*,#1942,.T.);
#2529=ORIENTED_EDGE('',*,*,#1943,.T.);
#2530=ORIENTED_EDGE('',*,*,#1944,.T.);
#2531=ORIENTED_EDGE('',*,*,#1922,.T.);
#2532=ORIENTED_EDGE('',*,*,#1945,.F.);
#2533=ORIENTED_EDGE('',*,*,#1946,.F.);
#2534=ORIENTED_EDGE('',*,*,#1947,.F.);
#2535=ORIENTED_EDGE('',*,*,#1948,.F.);
#2536=ORIENTED_EDGE('',*,*,#1949,.F.);
#2537=ORIENTED_EDGE('',*,*,#1950,.F.);
#2538=ORIENTED_EDGE('',*,*,#1951,.F.);
#2539=ORIENTED_EDGE('',*,*,#1952,.F.);
#2540=ORIENTED_EDGE('',*,*,#1953,.F.);
#2541=ORIENTED_EDGE('',*,*,#1954,.F.);
#2542=ORIENTED_EDGE('',*,*,#1955,.F.);
#2543=ORIENTED_EDGE('',*,*,#1956,.F.);
#2544=ORIENTED_EDGE('',*,*,#1957,.F.);
#2545=ORIENTED_EDGE('',*,*,#1958,.F.);
#2546=ORIENTED_EDGE('',*,*,#1959,.F.);
#2547=ORIENTED_EDGE('',*,*,#1960,.F.);
#2548=ORIENTED_EDGE('',*,*,#1961,.F.);
#2549=ORIENTED_EDGE('',*,*,#1962,.F.);
#2550=ORIENTED_EDGE('',*,*,#1963,.T.);
#2551=ORIENTED_EDGE('',*,*,#1964,.T.);
#2552=ORIENTED_EDGE('',*,*,#1965,.T.);
#2553=ORIENTED_EDGE('',*,*,#1966,.T.);
#2554=ORIENTED_EDGE('',*,*,#1847,.T.);
#2555=ORIENTED_EDGE('',*,*,#1899,.F.);
#2556=ORIENTED_EDGE('',*,*,#1902,.T.);
#2557=ORIENTED_EDGE('',*,*,#1831,.T.);
#2558=ORIENTED_EDGE('',*,*,#1911,.T.);
#2559=ORIENTED_EDGE('',*,*,#1852,.T.);
#2560=ORIENTED_EDGE('',*,*,#1868,.T.);
#2561=ORIENTED_EDGE('',*,*,#1908,.F.);
#2562=ORIENTED_EDGE('',*,*,#1886,.T.);
#2563=ORIENTED_EDGE('',*,*,#1873,.F.);
#2564=ORIENTED_EDGE('',*,*,#1883,.T.);
#2565=ORIENTED_EDGE('',*,*,#1916,.T.);
#2566=ORIENTED_EDGE('',*,*,#1967,.F.);
#2567=ORIENTED_EDGE('',*,*,#1968,.F.);
#2568=ORIENTED_EDGE('',*,*,#1969,.F.);
#2569=ORIENTED_EDGE('',*,*,#1970,.F.);
#2570=ORIENTED_EDGE('',*,*,#1971,.F.);
#2571=ORIENTED_EDGE('',*,*,#1972,.F.);
#2572=ORIENTED_EDGE('',*,*,#1973,.F.);
#2573=ORIENTED_EDGE('',*,*,#1974,.F.);
#2574=ORIENTED_EDGE('',*,*,#1975,.F.);
#2575=ORIENTED_EDGE('',*,*,#1976,.T.);
#2576=ORIENTED_EDGE('',*,*,#1977,.T.);
#2577=ORIENTED_EDGE('',*,*,#1926,.T.);
#2578=ORIENTED_EDGE('',*,*,#1978,.T.);
#2579=ORIENTED_EDGE('',*,*,#1977,.F.);
#2580=ORIENTED_EDGE('',*,*,#1979,.T.);
#2581=ORIENTED_EDGE('',*,*,#1980,.F.);
#2582=ORIENTED_EDGE('',*,*,#1927,.F.);
#2583=ORIENTED_EDGE('',*,*,#1981,.T.);
#2584=ORIENTED_EDGE('',*,*,#1982,.T.);
#2585=ORIENTED_EDGE('',*,*,#1928,.T.);
#2586=ORIENTED_EDGE('',*,*,#1980,.T.);
#2587=ORIENTED_EDGE('',*,*,#1982,.F.);
#2588=ORIENTED_EDGE('',*,*,#1983,.T.);
#2589=ORIENTED_EDGE('',*,*,#1984,.F.);
#2590=ORIENTED_EDGE('',*,*,#1929,.T.);
#2591=ORIENTED_EDGE('',*,*,#1930,.T.);
#2592=ORIENTED_EDGE('',*,*,#1984,.T.);
#2593=ORIENTED_EDGE('',*,*,#1985,.T.);
#2594=ORIENTED_EDGE('',*,*,#1986,.T.);
#2595=ORIENTED_EDGE('',*,*,#1987,.T.);
#2596=ORIENTED_EDGE('',*,*,#1988,.T.);
#2597=ORIENTED_EDGE('',*,*,#1989,.T.);
#2598=ORIENTED_EDGE('',*,*,#1990,.T.);
#2599=ORIENTED_EDGE('',*,*,#1991,.T.);
#2600=ORIENTED_EDGE('',*,*,#1992,.T.);
#2601=ORIENTED_EDGE('',*,*,#1993,.T.);
#2602=ORIENTED_EDGE('',*,*,#1988,.F.);
#2603=ORIENTED_EDGE('',*,*,#1994,.T.);
#2604=ORIENTED_EDGE('',*,*,#1992,.F.);
#2605=ORIENTED_EDGE('',*,*,#1995,.T.);
#2606=ORIENTED_EDGE('',*,*,#1996,.T.);
#2607=ORIENTED_EDGE('',*,*,#1997,.T.);
#2608=ORIENTED_EDGE('',*,*,#1998,.T.);
#2609=ORIENTED_EDGE('',*,*,#1999,.T.);
#2610=ORIENTED_EDGE('',*,*,#1996,.F.);
#2611=ORIENTED_EDGE('',*,*,#2000,.T.);
#2612=ORIENTED_EDGE('',*,*,#2001,.T.);
#2613=ORIENTED_EDGE('',*,*,#2002,.T.);
#2614=ORIENTED_EDGE('',*,*,#1990,.F.);
#2615=ORIENTED_EDGE('',*,*,#1998,.F.);
#2616=ORIENTED_EDGE('',*,*,#2003,.F.);
#2617=ORIENTED_EDGE('',*,*,#2004,.F.);
#2618=ORIENTED_EDGE('',*,*,#2005,.T.);
#2619=ORIENTED_EDGE('',*,*,#2006,.F.);
#2620=ORIENTED_EDGE('',*,*,#1997,.F.);
#2621=ORIENTED_EDGE('',*,*,#1995,.F.);
#2622=ORIENTED_EDGE('',*,*,#1991,.F.);
#2623=ORIENTED_EDGE('',*,*,#1987,.F.);
#2624=ORIENTED_EDGE('',*,*,#2002,.F.);
#2625=ORIENTED_EDGE('',*,*,#2007,.T.);
#2626=ORIENTED_EDGE('',*,*,#2008,.F.);
#2627=ORIENTED_EDGE('',*,*,#2009,.F.);
#2628=ORIENTED_EDGE('',*,*,#2010,.F.);
#2629=ORIENTED_EDGE('',*,*,#2011,.F.);
#2630=ORIENTED_EDGE('',*,*,#2012,.F.);
#2631=ORIENTED_EDGE('',*,*,#2003,.T.);
#2632=ORIENTED_EDGE('',*,*,#1999,.F.);
#2633=ORIENTED_EDGE('',*,*,#2006,.T.);
#2634=ORIENTED_EDGE('',*,*,#2013,.T.);
#2635=ORIENTED_EDGE('',*,*,#2014,.T.);
#2636=ORIENTED_EDGE('',*,*,#2000,.F.);
#2637=ORIENTED_EDGE('',*,*,#2015,.T.);
#2638=ORIENTED_EDGE('',*,*,#2016,.T.);
#2639=ORIENTED_EDGE('',*,*,#2017,.F.);
#2640=ORIENTED_EDGE('',*,*,#2018,.T.);
#2641=ORIENTED_EDGE('',*,*,#2019,.T.);
#2642=ORIENTED_EDGE('',*,*,#2020,.T.);
#2643=ORIENTED_EDGE('',*,*,#2021,.T.);
#2644=ORIENTED_EDGE('',*,*,#2022,.F.);
#2645=ORIENTED_EDGE('',*,*,#2023,.T.);
#2646=ORIENTED_EDGE('',*,*,#2024,.F.);
#2647=ORIENTED_EDGE('',*,*,#2023,.F.);
#2648=ORIENTED_EDGE('',*,*,#2025,.F.);
#2649=ORIENTED_EDGE('',*,*,#2026,.T.);
#2650=ORIENTED_EDGE('',*,*,#2027,.F.);
#2651=ORIENTED_EDGE('',*,*,#2028,.F.);
#2652=ORIENTED_EDGE('',*,*,#2029,.F.);
#2653=ORIENTED_EDGE('',*,*,#2030,.T.);
#2654=ORIENTED_EDGE('',*,*,#2031,.T.);
#2655=ORIENTED_EDGE('',*,*,#2032,.T.);
#2656=ORIENTED_EDGE('',*,*,#2033,.T.);
#2657=ORIENTED_EDGE('',*,*,#2034,.T.);
#2658=ORIENTED_EDGE('',*,*,#2035,.T.);
#2659=ORIENTED_EDGE('',*,*,#2032,.F.);
#2660=ORIENTED_EDGE('',*,*,#2036,.T.);
#2661=ORIENTED_EDGE('',*,*,#2037,.F.);
#2662=ORIENTED_EDGE('',*,*,#2038,.T.);
#2663=ORIENTED_EDGE('',*,*,#2034,.F.);
#2664=ORIENTED_EDGE('',*,*,#2039,.T.);
#2665=ORIENTED_EDGE('',*,*,#2040,.T.);
#2666=ORIENTED_EDGE('',*,*,#2041,.T.);
#2667=ORIENTED_EDGE('',*,*,#2040,.F.);
#2668=ORIENTED_EDGE('',*,*,#2042,.T.);
#2669=ORIENTED_EDGE('',*,*,#2037,.T.);
#2670=ORIENTED_EDGE('',*,*,#2036,.F.);
#2671=ORIENTED_EDGE('',*,*,#2043,.T.);
#2672=ORIENTED_EDGE('',*,*,#2044,.T.);
#2673=ORIENTED_EDGE('',*,*,#2045,.F.);
#2674=ORIENTED_EDGE('',*,*,#2046,.T.);
#2675=ORIENTED_EDGE('',*,*,#2047,.T.);
#2676=ORIENTED_EDGE('',*,*,#2031,.F.);
#2677=ORIENTED_EDGE('',*,*,#2048,.T.);
#2678=ORIENTED_EDGE('',*,*,#2049,.T.);
#2679=ORIENTED_EDGE('',*,*,#2050,.F.);
#2680=ORIENTED_EDGE('',*,*,#2051,.T.);
#2681=ORIENTED_EDGE('',*,*,#2043,.F.);
#2682=ORIENTED_EDGE('',*,*,#2052,.F.);
#2683=ORIENTED_EDGE('',*,*,#2053,.F.);
#2684=ORIENTED_EDGE('',*,*,#2054,.F.);
#2685=ORIENTED_EDGE('',*,*,#2055,.F.);
#2686=ORIENTED_EDGE('',*,*,#2056,.F.);
#2687=ORIENTED_EDGE('',*,*,#2033,.F.);
#2688=ORIENTED_EDGE('',*,*,#2035,.F.);
#2689=ORIENTED_EDGE('',*,*,#2042,.F.);
#2690=ORIENTED_EDGE('',*,*,#2039,.F.);
#2691=ORIENTED_EDGE('',*,*,#2057,.T.);
#2692=ORIENTED_EDGE('',*,*,#2058,.T.);
#2693=ORIENTED_EDGE('',*,*,#2059,.T.);
#2694=ORIENTED_EDGE('',*,*,#2060,.T.);
#2695=ORIENTED_EDGE('',*,*,#2061,.T.);
#2696=ORIENTED_EDGE('',*,*,#2062,.T.);
#2697=ORIENTED_EDGE('',*,*,#2063,.T.);
#2698=ORIENTED_EDGE('',*,*,#2064,.T.);
#2699=ORIENTED_EDGE('',*,*,#2065,.T.);
#2700=ORIENTED_EDGE('',*,*,#2064,.F.);
#2701=ORIENTED_EDGE('',*,*,#2066,.T.);
#2702=ORIENTED_EDGE('',*,*,#2060,.F.);
#2703=ORIENTED_EDGE('',*,*,#2057,.F.);
#2704=ORIENTED_EDGE('',*,*,#2066,.F.);
#2705=ORIENTED_EDGE('',*,*,#2063,.F.);
#2706=ORIENTED_EDGE('',*,*,#2067,.T.);
#2707=ORIENTED_EDGE('',*,*,#2068,.F.);
#2708=ORIENTED_EDGE('',*,*,#2069,.F.);
#2709=ORIENTED_EDGE('',*,*,#2070,.F.);
#2710=ORIENTED_EDGE('',*,*,#2071,.T.);
#2711=ORIENTED_EDGE('',*,*,#2062,.F.);
#2712=ORIENTED_EDGE('',*,*,#2072,.T.);
#2713=ORIENTED_EDGE('',*,*,#2030,.F.);
#2714=ORIENTED_EDGE('',*,*,#2073,.F.);
#2715=ORIENTED_EDGE('',*,*,#2067,.F.);
#2716=ORIENTED_EDGE('',*,*,#1913,.T.);
#2717=ORIENTED_EDGE('',*,*,#2074,.T.);
#2718=ORIENTED_EDGE('',*,*,#2075,.T.);
#2719=ORIENTED_EDGE('',*,*,#2076,.T.);
#2720=ORIENTED_EDGE('',*,*,#1914,.T.);
#2721=ORIENTED_EDGE('',*,*,#1864,.T.);
#2722=ORIENTED_EDGE('',*,*,#2077,.T.);
#2723=ORIENTED_EDGE('',*,*,#2074,.F.);
#2724=ORIENTED_EDGE('',*,*,#2078,.T.);
#2725=ORIENTED_EDGE('',*,*,#1858,.T.);
#2726=ORIENTED_EDGE('',*,*,#1870,.T.);
#2727=ORIENTED_EDGE('',*,*,#2076,.F.);
#2728=ORIENTED_EDGE('',*,*,#1885,.T.);
#2729=ORIENTED_EDGE('',*,*,#1896,.T.);
#2730=ORIENTED_EDGE('',*,*,#2079,.T.);
#2731=ORIENTED_EDGE('',*,*,#2080,.T.);
#2732=ORIENTED_EDGE('',*,*,#1879,.T.);
#2733=ORIENTED_EDGE('',*,*,#2080,.F.);
#2734=ORIENTED_EDGE('',*,*,#2081,.T.);
#2735=ORIENTED_EDGE('',*,*,#2082,.T.);
#2736=ORIENTED_EDGE('',*,*,#2083,.T.);
#2737=ORIENTED_EDGE('',*,*,#1890,.T.);
#2738=ORIENTED_EDGE('',*,*,#2084,.T.);
#2739=ORIENTED_EDGE('',*,*,#2082,.F.);
#2740=ORIENTED_EDGE('',*,*,#1917,.T.);
#2741=ORIENTED_EDGE('',*,*,#1880,.F.);
#2742=ORIENTED_EDGE('',*,*,#2084,.F.);
#2743=ORIENTED_EDGE('',*,*,#1889,.F.);
#2744=ORIENTED_EDGE('',*,*,#1905,.T.);
#2745=ORIENTED_EDGE('',*,*,#1843,.T.);
#2746=ORIENTED_EDGE('',*,*,#2085,.T.);
#2747=ORIENTED_EDGE('',*,*,#2086,.T.);
#2748=ORIENTED_EDGE('',*,*,#2087,.T.);
#2749=ORIENTED_EDGE('',*,*,#2088,.T.);
#2750=ORIENTED_EDGE('',*,*,#1904,.T.);
#2751=ORIENTED_EDGE('',*,*,#2086,.F.);
#2752=ORIENTED_EDGE('',*,*,#2089,.T.);
#2753=ORIENTED_EDGE('',*,*,#1837,.T.);
#2754=ORIENTED_EDGE('',*,*,#1849,.T.);
#2755=ORIENTED_EDGE('',*,*,#2088,.F.);
#2756=ORIENTED_EDGE('',*,*,#1940,.T.);
#2757=ORIENTED_EDGE('',*,*,#2090,.T.);
#2758=ORIENTED_EDGE('',*,*,#2091,.T.);
#2759=ORIENTED_EDGE('',*,*,#2092,.T.);
#2760=ORIENTED_EDGE('',*,*,#2092,.F.);
#2761=ORIENTED_EDGE('',*,*,#2093,.F.);
#2762=ORIENTED_EDGE('',*,*,#2094,.T.);
#2763=ORIENTED_EDGE('',*,*,#1941,.F.);
#2764=ORIENTED_EDGE('',*,*,#2091,.F.);
#2765=ORIENTED_EDGE('',*,*,#2095,.T.);
#2766=ORIENTED_EDGE('',*,*,#2096,.F.);
#2767=ORIENTED_EDGE('',*,*,#2097,.T.);
#2768=ORIENTED_EDGE('',*,*,#2098,.T.);
#2769=ORIENTED_EDGE('',*,*,#2099,.F.);
#2770=ORIENTED_EDGE('',*,*,#2100,.F.);
#2771=ORIENTED_EDGE('',*,*,#2093,.T.);
#2772=ORIENTED_EDGE('',*,*,#2101,.F.);
#2773=ORIENTED_EDGE('',*,*,#1938,.T.);
#2774=ORIENTED_EDGE('',*,*,#2102,.T.);
#2775=ORIENTED_EDGE('',*,*,#2096,.T.);
#2776=ORIENTED_EDGE('',*,*,#2103,.T.);
#2777=ORIENTED_EDGE('',*,*,#2102,.F.);
#2778=ORIENTED_EDGE('',*,*,#1937,.F.);
#2779=ORIENTED_EDGE('',*,*,#2104,.F.);
#2780=ORIENTED_EDGE('',*,*,#2105,.F.);
#2781=ORIENTED_EDGE('',*,*,#2106,.T.);
#2782=ORIENTED_EDGE('',*,*,#2107,.T.);
#2783=ORIENTED_EDGE('',*,*,#2108,.F.);
#2784=ORIENTED_EDGE('',*,*,#2097,.F.);
#2785=ORIENTED_EDGE('',*,*,#1934,.T.);
#2786=ORIENTED_EDGE('',*,*,#2109,.T.);
#2787=ORIENTED_EDGE('',*,*,#2052,.T.);
#2788=ORIENTED_EDGE('',*,*,#2110,.T.);
#2789=ORIENTED_EDGE('',*,*,#2110,.F.);
#2790=ORIENTED_EDGE('',*,*,#2056,.T.);
#2791=ORIENTED_EDGE('',*,*,#2111,.F.);
#2792=ORIENTED_EDGE('',*,*,#2112,.F.);
#2793=ORIENTED_EDGE('',*,*,#2113,.F.);
#2794=ORIENTED_EDGE('',*,*,#2114,.F.);
#2795=ORIENTED_EDGE('',*,*,#2115,.T.);
#2796=ORIENTED_EDGE('',*,*,#2028,.T.);
#2797=ORIENTED_EDGE('',*,*,#2116,.F.);
#2798=ORIENTED_EDGE('',*,*,#2117,.F.);
#2799=ORIENTED_EDGE('',*,*,#2118,.F.);
#2800=ORIENTED_EDGE('',*,*,#2119,.F.);
#2801=ORIENTED_EDGE('',*,*,#2120,.F.);
#2802=ORIENTED_EDGE('',*,*,#2121,.F.);
#2803=ORIENTED_EDGE('',*,*,#2122,.F.);
#2804=ORIENTED_EDGE('',*,*,#2123,.F.);
#2805=ORIENTED_EDGE('',*,*,#2124,.F.);
#2806=ORIENTED_EDGE('',*,*,#2125,.F.);
#2807=ORIENTED_EDGE('',*,*,#2126,.F.);
#2808=ORIENTED_EDGE('',*,*,#2127,.F.);
#2809=ORIENTED_EDGE('',*,*,#2128,.F.);
#2810=ORIENTED_EDGE('',*,*,#2129,.F.);
#2811=ORIENTED_EDGE('',*,*,#2130,.F.);
#2812=ORIENTED_EDGE('',*,*,#2131,.F.);
#2813=ORIENTED_EDGE('',*,*,#2132,.F.);
#2814=ORIENTED_EDGE('',*,*,#2133,.F.);
#2815=ORIENTED_EDGE('',*,*,#2134,.F.);
#2816=ORIENTED_EDGE('',*,*,#2135,.F.);
#2817=ORIENTED_EDGE('',*,*,#1935,.F.);
#2818=ORIENTED_EDGE('',*,*,#2136,.T.);
#2819=ORIENTED_EDGE('',*,*,#2104,.T.);
#2820=ORIENTED_EDGE('',*,*,#1936,.T.);
#2821=ORIENTED_EDGE('',*,*,#2135,.T.);
#2822=ORIENTED_EDGE('',*,*,#2058,.F.);
#2823=ORIENTED_EDGE('',*,*,#2071,.F.);
#2824=ORIENTED_EDGE('',*,*,#2137,.F.);
#2825=ORIENTED_EDGE('',*,*,#2026,.F.);
#2826=ORIENTED_EDGE('',*,*,#2138,.F.);
#2827=ORIENTED_EDGE('',*,*,#2027,.T.);
#2828=ORIENTED_EDGE('',*,*,#2137,.T.);
#2829=ORIENTED_EDGE('',*,*,#2070,.T.);
#2830=ORIENTED_EDGE('',*,*,#2139,.F.);
#2831=ORIENTED_EDGE('',*,*,#2140,.F.);
#2832=ORIENTED_EDGE('',*,*,#2116,.T.);
#2833=ORIENTED_EDGE('',*,*,#1919,.F.);
#2834=ORIENTED_EDGE('',*,*,#2141,.T.);
#2835=ORIENTED_EDGE('',*,*,#1978,.F.);
#2836=ORIENTED_EDGE('',*,*,#1925,.T.);
#2837=ORIENTED_EDGE('',*,*,#1918,.F.);
#2838=ORIENTED_EDGE('',*,*,#1924,.F.);
#2839=ORIENTED_EDGE('',*,*,#2142,.F.);
#2840=ORIENTED_EDGE('',*,*,#2143,.F.);
#2841=ORIENTED_EDGE('',*,*,#2144,.F.);
#2842=ORIENTED_EDGE('',*,*,#2145,.F.);
#2843=ORIENTED_EDGE('',*,*,#2134,.T.);
#2844=ORIENTED_EDGE('',*,*,#2146,.F.);
#2845=ORIENTED_EDGE('',*,*,#2147,.F.);
#2846=ORIENTED_EDGE('',*,*,#2148,.F.);
#2847=ORIENTED_EDGE('',*,*,#2149,.F.);
#2848=ORIENTED_EDGE('',*,*,#2150,.F.);
#2849=ORIENTED_EDGE('',*,*,#2151,.F.);
#2850=ORIENTED_EDGE('',*,*,#2152,.F.);
#2851=ORIENTED_EDGE('',*,*,#2118,.T.);
#2852=ORIENTED_EDGE('',*,*,#2153,.F.);
#2853=ORIENTED_EDGE('',*,*,#2154,.F.);
#2854=ORIENTED_EDGE('',*,*,#2155,.F.);
#2855=ORIENTED_EDGE('',*,*,#2113,.T.);
#2856=ORIENTED_EDGE('',*,*,#2156,.F.);
#2857=ORIENTED_EDGE('',*,*,#2157,.T.);
#2858=ORIENTED_EDGE('',*,*,#2158,.F.);
#2859=ORIENTED_EDGE('',*,*,#2159,.F.);
#2860=ORIENTED_EDGE('',*,*,#2160,.F.);
#2861=ORIENTED_EDGE('',*,*,#1985,.F.);
#2862=ORIENTED_EDGE('',*,*,#1983,.F.);
#2863=ORIENTED_EDGE('',*,*,#1981,.F.);
#2864=ORIENTED_EDGE('',*,*,#1979,.F.);
#2865=ORIENTED_EDGE('',*,*,#1976,.F.);
#2866=ORIENTED_EDGE('',*,*,#2141,.F.);
#2867=ORIENTED_EDGE('',*,*,#2161,.F.);
#2868=ORIENTED_EDGE('',*,*,#2162,.F.);
#2869=ORIENTED_EDGE('',*,*,#2163,.T.);
#2870=ORIENTED_EDGE('',*,*,#2164,.F.);
#2871=ORIENTED_EDGE('',*,*,#2165,.F.);
#2872=ORIENTED_EDGE('',*,*,#2166,.F.);
#2873=ORIENTED_EDGE('',*,*,#2167,.T.);
#2874=ORIENTED_EDGE('',*,*,#2168,.T.);
#2875=ORIENTED_EDGE('',*,*,#2169,.T.);
#2876=ORIENTED_EDGE('',*,*,#1975,.T.);
#2877=ORIENTED_EDGE('',*,*,#2021,.F.);
#2878=ORIENTED_EDGE('',*,*,#2170,.T.);
#2879=ORIENTED_EDGE('',*,*,#2171,.T.);
#2880=ORIENTED_EDGE('',*,*,#2168,.F.);
#2881=ORIENTED_EDGE('',*,*,#2172,.T.);
#2882=ORIENTED_EDGE('',*,*,#2173,.F.);
#2883=ORIENTED_EDGE('',*,*,#1974,.T.);
#2884=ORIENTED_EDGE('',*,*,#2174,.T.);
#2885=ORIENTED_EDGE('',*,*,#2175,.F.);
#2886=ORIENTED_EDGE('',*,*,#2167,.F.);
#2887=ORIENTED_EDGE('',*,*,#2176,.T.);
#2888=ORIENTED_EDGE('',*,*,#2177,.T.);
#2889=ORIENTED_EDGE('',*,*,#2174,.F.);
#2890=ORIENTED_EDGE('',*,*,#1973,.T.);
#2891=ORIENTED_EDGE('',*,*,#2059,.F.);
#2892=ORIENTED_EDGE('',*,*,#2138,.T.);
#2893=ORIENTED_EDGE('',*,*,#2025,.T.);
#2894=ORIENTED_EDGE('',*,*,#2022,.T.);
#2895=ORIENTED_EDGE('',*,*,#2173,.T.);
#2896=ORIENTED_EDGE('',*,*,#2178,.T.);
#2897=ORIENTED_EDGE('',*,*,#2177,.F.);
#2898=ORIENTED_EDGE('',*,*,#2179,.T.);
#2899=ORIENTED_EDGE('',*,*,#2180,.F.);
#2900=ORIENTED_EDGE('',*,*,#2181,.T.);
#2901=ORIENTED_EDGE('',*,*,#2182,.T.);
#2902=ORIENTED_EDGE('',*,*,#2183,.T.);
#2903=ORIENTED_EDGE('',*,*,#1969,.T.);
#2904=ORIENTED_EDGE('',*,*,#2061,.F.);
#2905=ORIENTED_EDGE('',*,*,#2184,.F.);
#2906=ORIENTED_EDGE('',*,*,#2185,.T.);
#2907=ORIENTED_EDGE('',*,*,#2182,.F.);
#2908=ORIENTED_EDGE('',*,*,#2186,.T.);
#2909=ORIENTED_EDGE('',*,*,#2170,.F.);
#2910=ORIENTED_EDGE('',*,*,#2020,.F.);
#2911=ORIENTED_EDGE('',*,*,#2024,.T.);
#2912=ORIENTED_EDGE('',*,*,#2072,.F.);
#2913=ORIENTED_EDGE('',*,*,#1968,.T.);
#2914=ORIENTED_EDGE('',*,*,#2169,.F.);
#2915=ORIENTED_EDGE('',*,*,#2187,.F.);
#2916=ORIENTED_EDGE('',*,*,#2181,.F.);
#2917=ORIENTED_EDGE('',*,*,#2188,.T.);
#2918=ORIENTED_EDGE('',*,*,#2189,.F.);
#2919=ORIENTED_EDGE('',*,*,#2176,.F.);
#2920=ORIENTED_EDGE('',*,*,#1972,.T.);
#2921=ORIENTED_EDGE('',*,*,#2190,.T.);
#2922=ORIENTED_EDGE('',*,*,#2191,.T.);
#2923=ORIENTED_EDGE('',*,*,#2188,.F.);
#2924=ORIENTED_EDGE('',*,*,#1971,.T.);
#2925=ORIENTED_EDGE('',*,*,#2065,.F.);
#2926=ORIENTED_EDGE('',*,*,#2180,.T.);
#2927=ORIENTED_EDGE('',*,*,#2192,.T.);
#2928=ORIENTED_EDGE('',*,*,#2191,.F.);
#2929=ORIENTED_EDGE('',*,*,#2193,.T.);
#2930=ORIENTED_EDGE('',*,*,#2184,.T.);
#2931=ORIENTED_EDGE('',*,*,#1970,.T.);
#2932=ORIENTED_EDGE('',*,*,#2183,.F.);
#2933=ORIENTED_EDGE('',*,*,#2194,.F.);
#2934=ORIENTED_EDGE('',*,*,#2190,.F.);
#2935=ORIENTED_EDGE('',*,*,#2195,.T.);
#2936=ORIENTED_EDGE('',*,*,#2045,.T.);
#2937=ORIENTED_EDGE('',*,*,#2196,.T.);
#2938=ORIENTED_EDGE('',*,*,#1952,.T.);
#2939=ORIENTED_EDGE('',*,*,#2197,.T.);
#2940=ORIENTED_EDGE('',*,*,#2198,.F.);
#2941=ORIENTED_EDGE('',*,*,#2195,.F.);
#2942=ORIENTED_EDGE('',*,*,#1951,.T.);
#2943=ORIENTED_EDGE('',*,*,#2199,.T.);
#2944=ORIENTED_EDGE('',*,*,#2200,.T.);
#2945=ORIENTED_EDGE('',*,*,#2197,.F.);
#2946=ORIENTED_EDGE('',*,*,#1950,.T.);
#2947=ORIENTED_EDGE('',*,*,#2041,.F.);
#2948=ORIENTED_EDGE('',*,*,#2047,.F.);
#2949=ORIENTED_EDGE('',*,*,#2201,.T.);
#2950=ORIENTED_EDGE('',*,*,#2200,.F.);
#2951=ORIENTED_EDGE('',*,*,#2202,.T.);
#2952=ORIENTED_EDGE('',*,*,#2203,.F.);
#2953=ORIENTED_EDGE('',*,*,#2204,.T.);
#2954=ORIENTED_EDGE('',*,*,#2050,.T.);
#2955=ORIENTED_EDGE('',*,*,#2205,.T.);
#2956=ORIENTED_EDGE('',*,*,#1946,.T.);
#2957=ORIENTED_EDGE('',*,*,#2206,.F.);
#2958=ORIENTED_EDGE('',*,*,#2204,.F.);
#2959=ORIENTED_EDGE('',*,*,#1945,.T.);
#2960=ORIENTED_EDGE('',*,*,#2196,.F.);
#2961=ORIENTED_EDGE('',*,*,#2207,.T.);
#2962=ORIENTED_EDGE('',*,*,#2208,.F.);
#2963=ORIENTED_EDGE('',*,*,#2199,.F.);
#2964=ORIENTED_EDGE('',*,*,#1949,.T.);
#2965=ORIENTED_EDGE('',*,*,#2209,.T.);
#2966=ORIENTED_EDGE('',*,*,#2210,.T.);
#2967=ORIENTED_EDGE('',*,*,#2207,.F.);
#2968=ORIENTED_EDGE('',*,*,#1948,.T.);
#2969=ORIENTED_EDGE('',*,*,#2038,.F.);
#2970=ORIENTED_EDGE('',*,*,#2203,.T.);
#2971=ORIENTED_EDGE('',*,*,#2211,.T.);
#2972=ORIENTED_EDGE('',*,*,#2210,.F.);
#2973=ORIENTED_EDGE('',*,*,#2212,.T.);
#2974=ORIENTED_EDGE('',*,*,#2048,.F.);
#2975=ORIENTED_EDGE('',*,*,#1947,.T.);
#2976=ORIENTED_EDGE('',*,*,#2205,.F.);
#2977=ORIENTED_EDGE('',*,*,#2213,.F.);
#2978=ORIENTED_EDGE('',*,*,#2209,.F.);
#2979=ORIENTED_EDGE('',*,*,#1953,.T.);
#2980=ORIENTED_EDGE('',*,*,#2214,.T.);
#2981=ORIENTED_EDGE('',*,*,#2215,.T.);
#2982=ORIENTED_EDGE('',*,*,#2214,.F.);
#2983=ORIENTED_EDGE('',*,*,#2215,.F.);
#2984=ORIENTED_EDGE('',*,*,#2216,.T.);
#2985=ORIENTED_EDGE('',*,*,#2101,.T.);
#2986=ORIENTED_EDGE('',*,*,#2216,.F.);
#2987=ORIENTED_EDGE('',*,*,#1967,.T.);
#2988=ORIENTED_EDGE('',*,*,#2217,.T.);
#2989=ORIENTED_EDGE('',*,*,#2218,.T.);
#2990=ORIENTED_EDGE('',*,*,#2217,.F.);
#2991=ORIENTED_EDGE('',*,*,#2218,.F.);
#2992=ORIENTED_EDGE('',*,*,#2219,.T.);
#2993=ORIENTED_EDGE('',*,*,#2161,.T.);
#2994=ORIENTED_EDGE('',*,*,#2219,.F.);
#2995=ORIENTED_EDGE('',*,*,#1954,.T.);
#2996=ORIENTED_EDGE('',*,*,#2220,.T.);
#2997=ORIENTED_EDGE('',*,*,#2221,.T.);
#2998=ORIENTED_EDGE('',*,*,#2220,.F.);
#2999=ORIENTED_EDGE('',*,*,#2221,.F.);
#3000=ORIENTED_EDGE('',*,*,#2222,.T.);
#3001=ORIENTED_EDGE('',*,*,#2162,.T.);
#3002=ORIENTED_EDGE('',*,*,#2222,.F.);
#3003=ORIENTED_EDGE('',*,*,#2223,.T.);
#3004=ORIENTED_EDGE('',*,*,#2224,.F.);
#3005=ORIENTED_EDGE('',*,*,#2225,.T.);
#3006=ORIENTED_EDGE('',*,*,#1962,.T.);
#3007=ORIENTED_EDGE('',*,*,#2226,.T.);
#3008=ORIENTED_EDGE('',*,*,#1960,.T.);
#3009=ORIENTED_EDGE('',*,*,#2227,.T.);
#3010=ORIENTED_EDGE('',*,*,#2228,.F.);
#3011=ORIENTED_EDGE('',*,*,#2229,.T.);
#3012=ORIENTED_EDGE('',*,*,#2230,.F.);
#3013=ORIENTED_EDGE('',*,*,#2231,.T.);
#3014=ORIENTED_EDGE('',*,*,#1958,.T.);
#3015=ORIENTED_EDGE('',*,*,#2232,.T.);
#3016=ORIENTED_EDGE('',*,*,#2227,.F.);
#3017=ORIENTED_EDGE('',*,*,#1959,.T.);
#3018=ORIENTED_EDGE('',*,*,#2231,.F.);
#3019=ORIENTED_EDGE('',*,*,#1994,.F.);
#3020=ORIENTED_EDGE('',*,*,#2019,.F.);
#3021=ORIENTED_EDGE('',*,*,#2233,.T.);
#3022=ORIENTED_EDGE('',*,*,#2232,.F.);
#3023=ORIENTED_EDGE('',*,*,#2234,.T.);
#3024=ORIENTED_EDGE('',*,*,#2235,.F.);
#3025=ORIENTED_EDGE('',*,*,#2017,.T.);
#3026=ORIENTED_EDGE('',*,*,#2223,.F.);
#3027=ORIENTED_EDGE('',*,*,#1961,.T.);
#3028=ORIENTED_EDGE('',*,*,#2226,.F.);
#3029=ORIENTED_EDGE('',*,*,#2236,.T.);
#3030=ORIENTED_EDGE('',*,*,#1956,.T.);
#3031=ORIENTED_EDGE('',*,*,#2237,.T.);
#3032=ORIENTED_EDGE('',*,*,#2238,.F.);
#3033=ORIENTED_EDGE('',*,*,#2239,.T.);
#3034=ORIENTED_EDGE('',*,*,#2237,.F.);
#3035=ORIENTED_EDGE('',*,*,#1955,.T.);
#3036=ORIENTED_EDGE('',*,*,#2225,.F.);
#3037=ORIENTED_EDGE('',*,*,#1989,.F.);
#3038=ORIENTED_EDGE('',*,*,#2240,.T.);
#3039=ORIENTED_EDGE('',*,*,#2241,.T.);
#3040=ORIENTED_EDGE('',*,*,#2239,.F.);
#3041=ORIENTED_EDGE('',*,*,#2242,.T.);
#3042=ORIENTED_EDGE('',*,*,#2015,.F.);
#3043=ORIENTED_EDGE('',*,*,#2243,.T.);
#3044=ORIENTED_EDGE('',*,*,#2229,.F.);
#3045=ORIENTED_EDGE('',*,*,#1957,.T.);
#3046=ORIENTED_EDGE('',*,*,#2236,.F.);
#3047=ORIENTED_EDGE('',*,*,#1993,.F.);
#3048=ORIENTED_EDGE('',*,*,#2235,.T.);
#3049=ORIENTED_EDGE('',*,*,#2244,.T.);
#3050=ORIENTED_EDGE('',*,*,#2243,.F.);
#3051=ORIENTED_EDGE('',*,*,#2245,.T.);
#3052=ORIENTED_EDGE('',*,*,#2240,.F.);
#3053=ORIENTED_EDGE('',*,*,#2175,.T.);
#3054=ORIENTED_EDGE('',*,*,#2178,.F.);
#3055=ORIENTED_EDGE('',*,*,#2172,.F.);
#3056=ORIENTED_EDGE('',*,*,#2198,.T.);
#3057=ORIENTED_EDGE('',*,*,#2201,.F.);
#3058=ORIENTED_EDGE('',*,*,#2046,.F.);
#3059=ORIENTED_EDGE('',*,*,#2213,.T.);
#3060=ORIENTED_EDGE('',*,*,#2049,.F.);
#3061=ORIENTED_EDGE('',*,*,#2212,.F.);
#3062=ORIENTED_EDGE('',*,*,#2185,.F.);
#3063=ORIENTED_EDGE('',*,*,#2193,.F.);
#3064=ORIENTED_EDGE('',*,*,#2194,.T.);
#3065=ORIENTED_EDGE('',*,*,#2171,.F.);
#3066=ORIENTED_EDGE('',*,*,#2186,.F.);
#3067=ORIENTED_EDGE('',*,*,#2187,.T.);
#3068=ORIENTED_EDGE('',*,*,#2206,.T.);
#3069=ORIENTED_EDGE('',*,*,#2044,.F.);
#3070=ORIENTED_EDGE('',*,*,#2051,.F.);
#3071=ORIENTED_EDGE('',*,*,#2208,.T.);
#3072=ORIENTED_EDGE('',*,*,#2211,.F.);
#3073=ORIENTED_EDGE('',*,*,#2202,.F.);
#3074=ORIENTED_EDGE('',*,*,#2189,.T.);
#3075=ORIENTED_EDGE('',*,*,#2192,.F.);
#3076=ORIENTED_EDGE('',*,*,#2179,.F.);
#3077=ORIENTED_EDGE('',*,*,#2246,.T.);
#3078=ORIENTED_EDGE('',*,*,#2247,.T.);
#3079=ORIENTED_EDGE('',*,*,#2165,.T.);
#3080=ORIENTED_EDGE('',*,*,#2248,.T.);
#3081=ORIENTED_EDGE('',*,*,#2249,.T.);
#3082=ORIENTED_EDGE('',*,*,#2250,.T.);
#3083=ORIENTED_EDGE('',*,*,#2166,.T.);
#3084=ORIENTED_EDGE('',*,*,#2247,.F.);
#3085=ORIENTED_EDGE('',*,*,#2164,.T.);
#3086=ORIENTED_EDGE('',*,*,#2251,.T.);
#3087=ORIENTED_EDGE('',*,*,#2252,.T.);
#3088=ORIENTED_EDGE('',*,*,#2248,.F.);
#3089=ORIENTED_EDGE('',*,*,#2249,.F.);
#3090=ORIENTED_EDGE('',*,*,#2253,.T.);
#3091=ORIENTED_EDGE('',*,*,#2009,.T.);
#3092=ORIENTED_EDGE('',*,*,#2254,.F.);
#3093=ORIENTED_EDGE('',*,*,#2246,.F.);
#3094=ORIENTED_EDGE('',*,*,#2255,.T.);
#3095=ORIENTED_EDGE('',*,*,#2010,.T.);
#3096=ORIENTED_EDGE('',*,*,#2253,.F.);
#3097=ORIENTED_EDGE('',*,*,#2252,.F.);
#3098=ORIENTED_EDGE('',*,*,#2256,.T.);
#3099=ORIENTED_EDGE('',*,*,#2011,.T.);
#3100=ORIENTED_EDGE('',*,*,#2255,.F.);
#3101=ORIENTED_EDGE('',*,*,#2144,.T.);
#3102=ORIENTED_EDGE('',*,*,#2257,.T.);
#3103=ORIENTED_EDGE('',*,*,#2258,.T.);
#3104=ORIENTED_EDGE('',*,*,#2259,.T.);
#3105=ORIENTED_EDGE('',*,*,#2105,.T.);
#3106=ORIENTED_EDGE('',*,*,#2136,.F.);
#3107=ORIENTED_EDGE('',*,*,#2145,.T.);
#3108=ORIENTED_EDGE('',*,*,#2259,.F.);
#3109=ORIENTED_EDGE('',*,*,#2146,.T.);
#3110=ORIENTED_EDGE('',*,*,#2133,.T.);
#3111=ORIENTED_EDGE('',*,*,#2260,.T.);
#3112=ORIENTED_EDGE('',*,*,#2261,.T.);
#3113=ORIENTED_EDGE('',*,*,#2262,.T.);
#3114=ORIENTED_EDGE('',*,*,#2263,.T.);
#3115=ORIENTED_EDGE('',*,*,#2147,.T.);
#3116=ORIENTED_EDGE('',*,*,#2261,.F.);
#3117=ORIENTED_EDGE('',*,*,#2264,.T.);
#3118=ORIENTED_EDGE('',*,*,#2119,.T.);
#3119=ORIENTED_EDGE('',*,*,#2152,.T.);
#3120=ORIENTED_EDGE('',*,*,#2265,.T.);
#3121=ORIENTED_EDGE('',*,*,#2151,.T.);
#3122=ORIENTED_EDGE('',*,*,#2266,.T.);
#3123=ORIENTED_EDGE('',*,*,#2267,.T.);
#3124=ORIENTED_EDGE('',*,*,#2265,.F.);
#3125=ORIENTED_EDGE('',*,*,#2264,.F.);
#3126=ORIENTED_EDGE('',*,*,#2268,.F.);
#3127=ORIENTED_EDGE('',*,*,#2269,.T.);
#3128=ORIENTED_EDGE('',*,*,#2120,.T.);
#3129=ORIENTED_EDGE('',*,*,#2262,.F.);
#3130=ORIENTED_EDGE('',*,*,#2270,.F.);
#3131=ORIENTED_EDGE('',*,*,#2271,.F.);
#3132=ORIENTED_EDGE('',*,*,#2272,.F.);
#3133=ORIENTED_EDGE('',*,*,#2273,.F.);
#3134=ORIENTED_EDGE('',*,*,#2274,.F.);
#3135=ORIENTED_EDGE('',*,*,#2275,.F.);
#3136=ORIENTED_EDGE('',*,*,#2276,.T.);
#3137=ORIENTED_EDGE('',*,*,#2277,.F.);
#3138=ORIENTED_EDGE('',*,*,#2278,.F.);
#3139=ORIENTED_EDGE('',*,*,#2279,.F.);
#3140=ORIENTED_EDGE('',*,*,#2280,.T.);
#3141=ORIENTED_EDGE('',*,*,#2281,.T.);
#3142=ORIENTED_EDGE('',*,*,#2268,.T.);
#3143=ORIENTED_EDGE('',*,*,#2267,.F.);
#3144=ORIENTED_EDGE('',*,*,#2282,.T.);
#3145=ORIENTED_EDGE('',*,*,#1964,.F.);
#3146=ORIENTED_EDGE('',*,*,#2283,.F.);
#3147=ORIENTED_EDGE('',*,*,#2153,.T.);
#3148=ORIENTED_EDGE('',*,*,#2117,.T.);
#3149=ORIENTED_EDGE('',*,*,#2140,.T.);
#3150=ORIENTED_EDGE('',*,*,#2284,.T.);
#3151=ORIENTED_EDGE('',*,*,#2285,.T.);
#3152=ORIENTED_EDGE('',*,*,#2286,.T.);
#3153=ORIENTED_EDGE('',*,*,#2154,.T.);
#3154=ORIENTED_EDGE('',*,*,#2284,.F.);
#3155=ORIENTED_EDGE('',*,*,#2287,.T.);
#3156=ORIENTED_EDGE('',*,*,#2114,.T.);
#3157=ORIENTED_EDGE('',*,*,#2155,.T.);
#3158=ORIENTED_EDGE('',*,*,#2286,.F.);
#3159=ORIENTED_EDGE('',*,*,#2288,.T.);
#3160=ORIENTED_EDGE('',*,*,#2156,.T.);
#3161=ORIENTED_EDGE('',*,*,#2112,.T.);
#3162=ORIENTED_EDGE('',*,*,#2289,.T.);
#3163=ORIENTED_EDGE('',*,*,#2290,.T.);
#3164=ORIENTED_EDGE('',*,*,#2291,.T.);
#3165=ORIENTED_EDGE('',*,*,#2292,.T.);
#3166=ORIENTED_EDGE('',*,*,#2275,.T.);
#3167=ORIENTED_EDGE('',*,*,#2291,.F.);
#3168=ORIENTED_EDGE('',*,*,#2293,.T.);
#3169=ORIENTED_EDGE('',*,*,#2294,.F.);
#3170=ORIENTED_EDGE('',*,*,#2295,.F.);
#3171=ORIENTED_EDGE('',*,*,#2290,.F.);
#3172=ORIENTED_EDGE('',*,*,#2274,.T.);
#3173=ORIENTED_EDGE('',*,*,#2296,.F.);
#3174=ORIENTED_EDGE('',*,*,#2297,.F.);
#3175=ORIENTED_EDGE('',*,*,#2298,.F.);
#3176=ORIENTED_EDGE('',*,*,#2293,.F.);
#3177=ORIENTED_EDGE('',*,*,#2298,.T.);
#3178=ORIENTED_EDGE('',*,*,#2299,.T.);
#3179=ORIENTED_EDGE('',*,*,#2300,.T.);
#3180=ORIENTED_EDGE('',*,*,#2294,.T.);
#3181=ORIENTED_EDGE('',*,*,#2299,.F.);
#3182=ORIENTED_EDGE('',*,*,#2297,.T.);
#3183=ORIENTED_EDGE('',*,*,#2301,.F.);
#3184=ORIENTED_EDGE('',*,*,#2302,.F.);
#3185=ORIENTED_EDGE('',*,*,#2303,.F.);
#3186=ORIENTED_EDGE('',*,*,#2304,.T.);
#3187=ORIENTED_EDGE('',*,*,#2277,.T.);
#3188=ORIENTED_EDGE('',*,*,#2305,.T.);
#3189=ORIENTED_EDGE('',*,*,#2306,.T.);
#3190=ORIENTED_EDGE('',*,*,#2307,.T.);
#3191=ORIENTED_EDGE('',*,*,#2308,.T.);
#3192=ORIENTED_EDGE('',*,*,#2309,.T.);
#3193=ORIENTED_EDGE('',*,*,#2310,.T.);
#3194=ORIENTED_EDGE('',*,*,#2306,.F.);
#3195=ORIENTED_EDGE('',*,*,#2311,.F.);
#3196=ORIENTED_EDGE('',*,*,#2308,.F.);
#3197=ORIENTED_EDGE('',*,*,#2312,.F.);
#3198=ORIENTED_EDGE('',*,*,#2295,.T.);
#3199=ORIENTED_EDGE('',*,*,#2300,.F.);
#3200=ORIENTED_EDGE('',*,*,#2303,.T.);
#3201=ORIENTED_EDGE('',*,*,#2313,.T.);
#3202=ORIENTED_EDGE('',*,*,#2126,.T.);
#3203=ORIENTED_EDGE('',*,*,#2314,.T.);
#3204=ORIENTED_EDGE('',*,*,#2315,.T.);
#3205=ORIENTED_EDGE('',*,*,#2309,.F.);
#3206=ORIENTED_EDGE('',*,*,#2311,.T.);
#3207=ORIENTED_EDGE('',*,*,#2305,.F.);
#3208=ORIENTED_EDGE('',*,*,#2276,.F.);
#3209=ORIENTED_EDGE('',*,*,#2292,.F.);
#3210=ORIENTED_EDGE('',*,*,#2310,.F.);
#3211=ORIENTED_EDGE('',*,*,#2315,.F.);
#3212=ORIENTED_EDGE('',*,*,#2316,.F.);
#3213=ORIENTED_EDGE('',*,*,#2317,.F.);
#3214=ORIENTED_EDGE('',*,*,#2123,.T.);
#3215=ORIENTED_EDGE('',*,*,#2318,.T.);
#3216=ORIENTED_EDGE('',*,*,#2279,.T.);
#3217=ORIENTED_EDGE('',*,*,#2319,.T.);
#3218=ORIENTED_EDGE('',*,*,#2318,.F.);
#3219=ORIENTED_EDGE('',*,*,#2122,.T.);
#3220=ORIENTED_EDGE('',*,*,#2320,.F.);
#3221=ORIENTED_EDGE('',*,*,#2280,.F.);
#3222=ORIENTED_EDGE('',*,*,#2129,.T.);
#3223=ORIENTED_EDGE('',*,*,#2321,.T.);
#3224=ORIENTED_EDGE('',*,*,#2296,.T.);
#3225=ORIENTED_EDGE('',*,*,#2273,.T.);
#3226=ORIENTED_EDGE('',*,*,#2322,.T.);
#3227=ORIENTED_EDGE('',*,*,#2301,.T.);
#3228=ORIENTED_EDGE('',*,*,#2321,.F.);
#3229=ORIENTED_EDGE('',*,*,#2128,.T.);
#3230=ORIENTED_EDGE('',*,*,#2323,.F.);
#3231=ORIENTED_EDGE('',*,*,#2131,.T.);
#3232=ORIENTED_EDGE('',*,*,#2324,.F.);
#3233=ORIENTED_EDGE('',*,*,#2271,.T.);
#3234=ORIENTED_EDGE('',*,*,#2325,.T.);
#3235=ORIENTED_EDGE('',*,*,#2322,.F.);
#3236=ORIENTED_EDGE('',*,*,#2272,.T.);
#3237=ORIENTED_EDGE('',*,*,#2324,.T.);
#3238=ORIENTED_EDGE('',*,*,#2130,.T.);
#3239=ORIENTED_EDGE('',*,*,#2302,.T.);
#3240=ORIENTED_EDGE('',*,*,#2323,.T.);
#3241=ORIENTED_EDGE('',*,*,#2127,.T.);
#3242=ORIENTED_EDGE('',*,*,#2313,.F.);
#3243=ORIENTED_EDGE('',*,*,#2260,.F.);
#3244=ORIENTED_EDGE('',*,*,#2132,.T.);
#3245=ORIENTED_EDGE('',*,*,#2325,.F.);
#3246=ORIENTED_EDGE('',*,*,#2270,.T.);
#3247=ORIENTED_EDGE('',*,*,#2316,.T.);
#3248=ORIENTED_EDGE('',*,*,#2314,.F.);
#3249=ORIENTED_EDGE('',*,*,#2125,.T.);
#3250=ORIENTED_EDGE('',*,*,#2326,.F.);
#3251=ORIENTED_EDGE('',*,*,#2317,.T.);
#3252=ORIENTED_EDGE('',*,*,#2326,.T.);
#3253=ORIENTED_EDGE('',*,*,#2124,.T.);
#3254=ORIENTED_EDGE('',*,*,#2319,.F.);
#3255=ORIENTED_EDGE('',*,*,#2278,.T.);
#3256=ORIENTED_EDGE('',*,*,#2304,.F.);
#3257=ORIENTED_EDGE('',*,*,#2312,.T.);
#3258=ORIENTED_EDGE('',*,*,#2307,.F.);
#3259=ORIENTED_EDGE('',*,*,#2121,.T.);
#3260=ORIENTED_EDGE('',*,*,#2269,.F.);
#3261=ORIENTED_EDGE('',*,*,#2281,.F.);
#3262=ORIENTED_EDGE('',*,*,#2320,.T.);
#3263=ORIENTED_EDGE('',*,*,#2001,.F.);
#3264=ORIENTED_EDGE('',*,*,#2014,.F.);
#3265=ORIENTED_EDGE('',*,*,#2327,.F.);
#3266=ORIENTED_EDGE('',*,*,#2328,.F.);
#3267=ORIENTED_EDGE('',*,*,#2007,.F.);
#3268=ORIENTED_EDGE('',*,*,#2329,.F.);
#3269=ORIENTED_EDGE('',*,*,#2327,.T.);
#3270=ORIENTED_EDGE('',*,*,#2013,.F.);
#3271=ORIENTED_EDGE('',*,*,#2005,.F.);
#3272=ORIENTED_EDGE('',*,*,#2328,.T.);
#3273=ORIENTED_EDGE('',*,*,#2329,.T.);
#3274=ORIENTED_EDGE('',*,*,#2004,.T.);
#3275=ORIENTED_EDGE('',*,*,#2012,.T.);
#3276=ORIENTED_EDGE('',*,*,#2256,.F.);
#3277=ORIENTED_EDGE('',*,*,#2251,.F.);
#3278=ORIENTED_EDGE('',*,*,#2163,.F.);
#3279=ORIENTED_EDGE('',*,*,#2250,.F.);
#3280=ORIENTED_EDGE('',*,*,#2254,.T.);
#3281=ORIENTED_EDGE('',*,*,#2008,.T.);
#3282=ORIENTED_EDGE('',*,*,#2016,.F.);
#3283=ORIENTED_EDGE('',*,*,#2242,.F.);
#3284=ORIENTED_EDGE('',*,*,#2224,.T.);
#3285=ORIENTED_EDGE('',*,*,#2245,.F.);
#3286=ORIENTED_EDGE('',*,*,#2238,.T.);
#3287=ORIENTED_EDGE('',*,*,#2241,.F.);
#3288=ORIENTED_EDGE('',*,*,#2233,.F.);
#3289=ORIENTED_EDGE('',*,*,#2018,.F.);
#3290=ORIENTED_EDGE('',*,*,#2228,.T.);
#3291=ORIENTED_EDGE('',*,*,#2244,.F.);
#3292=ORIENTED_EDGE('',*,*,#2234,.F.);
#3293=ORIENTED_EDGE('',*,*,#2230,.T.);
#3294=ORIENTED_EDGE('',*,*,#2285,.F.);
#3295=ORIENTED_EDGE('',*,*,#2139,.T.);
#3296=ORIENTED_EDGE('',*,*,#2069,.T.);
#3297=ORIENTED_EDGE('',*,*,#2330,.F.);
#3298=ORIENTED_EDGE('',*,*,#2029,.T.);
#3299=ORIENTED_EDGE('',*,*,#2115,.F.);
#3300=ORIENTED_EDGE('',*,*,#2287,.F.);
#3301=ORIENTED_EDGE('',*,*,#2330,.T.);
#3302=ORIENTED_EDGE('',*,*,#2068,.T.);
#3303=ORIENTED_EDGE('',*,*,#2073,.T.);
#3304=ORIENTED_EDGE('',*,*,#2289,.F.);
#3305=ORIENTED_EDGE('',*,*,#2111,.T.);
#3306=ORIENTED_EDGE('',*,*,#2055,.T.);
#3307=ORIENTED_EDGE('',*,*,#2331,.F.);
#3308=ORIENTED_EDGE('',*,*,#2054,.T.);
#3309=ORIENTED_EDGE('',*,*,#2332,.F.);
#3310=ORIENTED_EDGE('',*,*,#2157,.F.);
#3311=ORIENTED_EDGE('',*,*,#2288,.F.);
#3312=ORIENTED_EDGE('',*,*,#2331,.T.);
#3313=ORIENTED_EDGE('',*,*,#1839,.F.);
#3314=ORIENTED_EDGE('',*,*,#2333,.F.);
#3315=ORIENTED_EDGE('',*,*,#2334,.F.);
#3316=ORIENTED_EDGE('',*,*,#2335,.T.);
#3317=ORIENTED_EDGE('',*,*,#1840,.F.);
#3318=ORIENTED_EDGE('',*,*,#2335,.F.);
#3319=ORIENTED_EDGE('',*,*,#2336,.F.);
#3320=ORIENTED_EDGE('',*,*,#2337,.T.);
#3321=ORIENTED_EDGE('',*,*,#1841,.F.);
#3322=ORIENTED_EDGE('',*,*,#2337,.F.);
#3323=ORIENTED_EDGE('',*,*,#2338,.F.);
#3324=ORIENTED_EDGE('',*,*,#2339,.F.);
#3325=ORIENTED_EDGE('',*,*,#1892,.F.);
#3326=ORIENTED_EDGE('',*,*,#2340,.F.);
#3327=ORIENTED_EDGE('',*,*,#2341,.F.);
#3328=ORIENTED_EDGE('',*,*,#2342,.T.);
#3329=ORIENTED_EDGE('',*,*,#1893,.F.);
#3330=ORIENTED_EDGE('',*,*,#2342,.F.);
#3331=ORIENTED_EDGE('',*,*,#2343,.F.);
#3332=ORIENTED_EDGE('',*,*,#2344,.T.);
#3333=ORIENTED_EDGE('',*,*,#1894,.F.);
#3334=ORIENTED_EDGE('',*,*,#2344,.F.);
#3335=ORIENTED_EDGE('',*,*,#2345,.F.);
#3336=ORIENTED_EDGE('',*,*,#2346,.F.);
#3337=ORIENTED_EDGE('',*,*,#1861,.F.);
#3338=ORIENTED_EDGE('',*,*,#2347,.F.);
#3339=ORIENTED_EDGE('',*,*,#2348,.F.);
#3340=ORIENTED_EDGE('',*,*,#2349,.T.);
#3341=ORIENTED_EDGE('',*,*,#1862,.F.);
#3342=ORIENTED_EDGE('',*,*,#2349,.F.);
#3343=ORIENTED_EDGE('',*,*,#2350,.F.);
#3344=ORIENTED_EDGE('',*,*,#2351,.F.);
#3345=ORIENTED_EDGE('',*,*,#1860,.F.);
#3346=ORIENTED_EDGE('',*,*,#2352,.F.);
#3347=ORIENTED_EDGE('',*,*,#2353,.F.);
#3348=ORIENTED_EDGE('',*,*,#2347,.T.);
#3349=ORIENTED_EDGE('',*,*,#2354,.T.);
#3350=ORIENTED_EDGE('',*,*,#2355,.F.);
#3351=ORIENTED_EDGE('',*,*,#2098,.F.);
#3352=ORIENTED_EDGE('',*,*,#2108,.T.);
#3353=ORIENTED_EDGE('',*,*,#2258,.F.);
#3354=ORIENTED_EDGE('',*,*,#2356,.T.);
#3355=ORIENTED_EDGE('',*,*,#2357,.T.);
#3356=ORIENTED_EDGE('',*,*,#2106,.F.);
#3357=ORIENTED_EDGE('',*,*,#1863,.F.);
#3358=ORIENTED_EDGE('',*,*,#2351,.T.);
#3359=ORIENTED_EDGE('',*,*,#2358,.F.);
#3360=ORIENTED_EDGE('',*,*,#2354,.F.);
#3361=ORIENTED_EDGE('',*,*,#2107,.F.);
#3362=ORIENTED_EDGE('',*,*,#2357,.F.);
#3363=ORIENTED_EDGE('',*,*,#2359,.F.);
#3364=ORIENTED_EDGE('',*,*,#2333,.T.);
#3365=ORIENTED_EDGE('',*,*,#1838,.F.);
#3366=ORIENTED_EDGE('',*,*,#2089,.F.);
#3367=ORIENTED_EDGE('',*,*,#2087,.F.);
#3368=ORIENTED_EDGE('',*,*,#2085,.F.);
#3369=ORIENTED_EDGE('',*,*,#1842,.F.);
#3370=ORIENTED_EDGE('',*,*,#2339,.T.);
#3371=ORIENTED_EDGE('',*,*,#2360,.F.);
#3372=ORIENTED_EDGE('',*,*,#2340,.T.);
#3373=ORIENTED_EDGE('',*,*,#1891,.F.);
#3374=ORIENTED_EDGE('',*,*,#2083,.F.);
#3375=ORIENTED_EDGE('',*,*,#2081,.F.);
#3376=ORIENTED_EDGE('',*,*,#2079,.F.);
#3377=ORIENTED_EDGE('',*,*,#1895,.F.);
#3378=ORIENTED_EDGE('',*,*,#2346,.T.);
#3379=ORIENTED_EDGE('',*,*,#2361,.F.);
#3380=ORIENTED_EDGE('',*,*,#2352,.T.);
#3381=ORIENTED_EDGE('',*,*,#1859,.F.);
#3382=ORIENTED_EDGE('',*,*,#2078,.F.);
#3383=ORIENTED_EDGE('',*,*,#2075,.F.);
#3384=ORIENTED_EDGE('',*,*,#2077,.F.);
#3385=ORIENTED_EDGE('',*,*,#2149,.T.);
#3386=ORIENTED_EDGE('',*,*,#2362,.T.);
#3387=ORIENTED_EDGE('',*,*,#1966,.F.);
#3388=ORIENTED_EDGE('',*,*,#2363,.F.);
#3389=ORIENTED_EDGE('',*,*,#2150,.T.);
#3390=ORIENTED_EDGE('',*,*,#2363,.T.);
#3391=ORIENTED_EDGE('',*,*,#1965,.F.);
#3392=ORIENTED_EDGE('',*,*,#2282,.F.);
#3393=ORIENTED_EDGE('',*,*,#2266,.F.);
#3394=ORIENTED_EDGE('',*,*,#2148,.T.);
#3395=ORIENTED_EDGE('',*,*,#2263,.F.);
#3396=ORIENTED_EDGE('',*,*,#2283,.T.);
#3397=ORIENTED_EDGE('',*,*,#1963,.F.);
#3398=ORIENTED_EDGE('',*,*,#2362,.F.);
#3399=ORIENTED_EDGE('',*,*,#2090,.F.);
#3400=ORIENTED_EDGE('',*,*,#1939,.F.);
#3401=ORIENTED_EDGE('',*,*,#2103,.F.);
#3402=ORIENTED_EDGE('',*,*,#2095,.F.);
#3403=ORIENTED_EDGE('',*,*,#2109,.F.);
#3404=ORIENTED_EDGE('',*,*,#1933,.F.);
#3405=ORIENTED_EDGE('',*,*,#2364,.F.);
#3406=ORIENTED_EDGE('',*,*,#2158,.T.);
#3407=ORIENTED_EDGE('',*,*,#2332,.T.);
#3408=ORIENTED_EDGE('',*,*,#2053,.T.);
#3409=ORIENTED_EDGE('',*,*,#2159,.T.);
#3410=ORIENTED_EDGE('',*,*,#2364,.T.);
#3411=ORIENTED_EDGE('',*,*,#1932,.F.);
#3412=ORIENTED_EDGE('',*,*,#2365,.F.);
#3413=ORIENTED_EDGE('',*,*,#1986,.F.);
#3414=ORIENTED_EDGE('',*,*,#2160,.T.);
#3415=ORIENTED_EDGE('',*,*,#2365,.T.);
#3416=ORIENTED_EDGE('',*,*,#1931,.F.);
#3417=ORIENTED_EDGE('',*,*,#2142,.T.);
#3418=ORIENTED_EDGE('',*,*,#1923,.T.);
#3419=ORIENTED_EDGE('',*,*,#1944,.F.);
#3420=ORIENTED_EDGE('',*,*,#2366,.F.);
#3421=ORIENTED_EDGE('',*,*,#2334,.T.);
#3422=ORIENTED_EDGE('',*,*,#2359,.T.);
#3423=ORIENTED_EDGE('',*,*,#2356,.F.);
#3424=ORIENTED_EDGE('',*,*,#2257,.F.);
#3425=ORIENTED_EDGE('',*,*,#2143,.T.);
#3426=ORIENTED_EDGE('',*,*,#2366,.T.);
#3427=ORIENTED_EDGE('',*,*,#1943,.F.);
#3428=ORIENTED_EDGE('',*,*,#2367,.F.);
#3429=ORIENTED_EDGE('',*,*,#2099,.T.);
#3430=ORIENTED_EDGE('',*,*,#2355,.T.);
#3431=ORIENTED_EDGE('',*,*,#2358,.T.);
#3432=ORIENTED_EDGE('',*,*,#2350,.T.);
#3433=ORIENTED_EDGE('',*,*,#2348,.T.);
#3434=ORIENTED_EDGE('',*,*,#2353,.T.);
#3435=ORIENTED_EDGE('',*,*,#2361,.T.);
#3436=ORIENTED_EDGE('',*,*,#2345,.T.);
#3437=ORIENTED_EDGE('',*,*,#2343,.T.);
#3438=ORIENTED_EDGE('',*,*,#2341,.T.);
#3439=ORIENTED_EDGE('',*,*,#2360,.T.);
#3440=ORIENTED_EDGE('',*,*,#2338,.T.);
#3441=ORIENTED_EDGE('',*,*,#2336,.T.);
#3442=ORIENTED_EDGE('',*,*,#2100,.T.);
#3443=ORIENTED_EDGE('',*,*,#2367,.T.);
#3444=ORIENTED_EDGE('',*,*,#1942,.F.);
#3445=ORIENTED_EDGE('',*,*,#2094,.F.);
#3446=PLANE('',#3813);
#3447=PLANE('',#3814);
#3448=PLANE('',#3815);
#3449=PLANE('',#3817);
#3450=PLANE('',#3818);
#3451=PLANE('',#3819);
#3452=PLANE('',#3820);
#3453=PLANE('',#3822);
#3454=PLANE('',#3823);
#3455=PLANE('',#3824);
#3456=PLANE('',#3825);
#3457=PLANE('',#3826);
#3458=PLANE('',#3827);
#3459=PLANE('',#3829);
#3460=PLANE('',#3830);
#3461=PLANE('',#3831);
#3462=PLANE('',#3832);
#3463=PLANE('',#3833);
#3464=PLANE('',#3834);
#3465=PLANE('',#3835);
#3466=PLANE('',#3836);
#3467=PLANE('',#3837);
#3468=PLANE('',#3838);
#3469=PLANE('',#3842);
#3470=PLANE('',#3843);
#3471=PLANE('',#3859);
#3472=PLANE('',#3862);
#3473=PLANE('',#3865);
#3474=PLANE('',#3866);
#3475=PLANE('',#3867);
#3476=PLANE('',#3868);
#3477=PLANE('',#3869);
#3478=PLANE('',#3870);
#3479=PLANE('',#3871);
#3480=PLANE('',#3872);
#3481=PLANE('',#3873);
#3482=PLANE('',#3874);
#3483=PLANE('',#3875);
#3484=PLANE('',#3876);
#3485=PLANE('',#3877);
#3486=PLANE('',#3878);
#3487=PLANE('',#3879);
#3488=PLANE('',#3880);
#3489=PLANE('',#3881);
#3490=PLANE('',#3883);
#3491=PLANE('',#3884);
#3492=PLANE('',#3885);
#3493=PLANE('',#3886);
#3494=PLANE('',#3887);
#3495=PLANE('',#3888);
#3496=PLANE('',#3889);
#3497=PLANE('',#3890);
#3498=PLANE('',#3891);
#3499=PLANE('',#3892);
#3500=PLANE('',#3893);
#3501=PLANE('',#3894);
#3502=PLANE('',#3895);
#3503=PLANE('',#3896);
#3504=PLANE('',#3897);
#3505=PLANE('',#3900);
#3506=PLANE('',#3901);
#3507=PLANE('',#3906);
#3508=PLANE('',#3908);
#3509=PLANE('',#3918);
#3510=PLANE('',#3919);
#3511=PLANE('',#3920);
#3512=PLANE('',#3921);
#3513=PLANE('',#3926);
#3514=PLANE('',#3927);
#3515=PLANE('',#3928);
#3516=PLANE('',#3929);
#3517=PLANE('',#3930);
#3518=PLANE('',#3931);
#3519=PLANE('',#3932);
#3520=PLANE('',#3933);
#3521=PLANE('',#3934);
#3522=PLANE('',#3935);
#3523=PLANE('',#3936);
#3524=PLANE('',#3937);
#3525=PLANE('',#3938);
#3526=PLANE('',#3939);
#3527=PLANE('',#3940);
#3528=PLANE('',#3941);
#3529=PLANE('',#3942);
#3530=PLANE('',#3943);
#3531=PLANE('',#3944);
#3532=PLANE('',#3945);
#3533=PLANE('',#3946);
#3534=PLANE('',#3947);
#3535=PLANE('',#3957);
#3536=PLANE('',#3958);
#3537=PLANE('',#3959);
#3538=PLANE('',#3960);
#3539=PLANE('',#3961);
#3540=PLANE('',#3962);
#3541=PLANE('',#3963);
#3542=PLANE('',#3964);
#3543=PLANE('',#3965);
#3544=PLANE('',#3966);
#3545=PLANE('',#3967);
#3546=PLANE('',#3968);
#3547=PLANE('',#3969);
#3548=PLANE('',#3970);
#3549=PLANE('',#3971);
#3550=PLANE('',#3972);
#3551=PLANE('',#3973);
#3552=PLANE('',#3974);
#3553=PLANE('',#3975);
#3554=PLANE('',#3983);
#3555=PLANE('',#3984);
#3556=PLANE('',#3985);
#3557=PLANE('',#3998);
#3558=PLANE('',#3999);
#3559=PLANE('',#4009);
#3560=PLANE('',#4010);
#3561=PLANE('',#4011);
#3562=PLANE('',#4012);
#3563=PLANE('',#4013);
#3564=PLANE('',#4014);
#3565=PLANE('',#4015);
#3566=PLANE('',#4016);
#3567=PLANE('',#4017);
#3568=PLANE('',#4018);
#3569=PLANE('',#4020);
#3570=PLANE('',#4022);
#3571=PLANE('',#4023);
#3572=PLANE('',#4024);
#3573=PLANE('',#4025);
#3574=PLANE('',#4026);
#3575=PLANE('',#4027);
#3576=PLANE('',#4028);
#3577=PLANE('',#4029);
#3578=PLANE('',#4030);
#3579=PLANE('',#4031);
#3580=PLANE('',#4032);
#3581=PLANE('',#4033);
#3582=PLANE('',#4034);
#3583=PLANE('',#4035);
#3584=PLANE('',#4036);
#3585=PLANE('',#4037);
#3586=PLANE('',#4038);
#3587=PLANE('',#4039);
#3588=PLANE('',#4040);
#3589=PLANE('',#4041);
#3590=PLANE('',#4044);
#3591=PLANE('',#4045);
#3592=PLANE('',#4048);
#3593=PLANE('',#4051);
#3594=PLANE('',#4052);
#3595=PLANE('',#4053);
#3596=PLANE('',#4054);
#3597=PLANE('',#4055);
#3598=PLANE('',#4056);
#3599=PLANE('',#4057);
#3600=PLANE('',#4058);
#3601=PLANE('',#4059);
#3602=PLANE('',#4060);
#3603=PLANE('',#4062);
#3604=PLANE('',#4064);
#3605=ADVANCED_FACE('',(#124),#3446,.T.);
#3606=ADVANCED_FACE('',(#125),#3447,.F.);
#3607=ADVANCED_FACE('',(#126),#3448,.T.);
#3608=ADVANCED_FACE('',(#127),#3449,.T.);
#3609=ADVANCED_FACE('',(#128),#3450,.T.);
#3610=ADVANCED_FACE('',(#129),#3451,.F.);
#3611=ADVANCED_FACE('',(#130),#3452,.T.);
#3612=ADVANCED_FACE('',(#131),#3453,.T.);
#3613=ADVANCED_FACE('',(#132),#3454,.T.);
#3614=ADVANCED_FACE('',(#133),#3455,.F.);
#3615=ADVANCED_FACE('',(#134),#3456,.T.);
#3616=ADVANCED_FACE('',(#135),#3457,.T.);
#3617=ADVANCED_FACE('',(#136),#3458,.T.);
#3618=ADVANCED_FACE('',(#137),#3459,.T.);
#3619=ADVANCED_FACE('',(#138),#3460,.F.);
#3620=ADVANCED_FACE('',(#139),#3461,.T.);
#3621=ADVANCED_FACE('',(#140),#3462,.T.);
#3622=ADVANCED_FACE('',(#141),#3463,.T.);
#3623=ADVANCED_FACE('',(#142),#3464,.F.);
#3624=ADVANCED_FACE('',(#143),#3465,.T.);
#3625=ADVANCED_FACE('',(#144),#3466,.T.);
#3626=ADVANCED_FACE('',(#145),#3467,.T.);
#3627=ADVANCED_FACE('',(#146),#3468,.F.);
#3628=ADVANCED_FACE('',(#147),#41,.T.);
#3629=ADVANCED_FACE('',(#148),#3469,.T.);
#3630=ADVANCED_FACE('',(#149,#26,#27,#28,#29,#30,#31,#32,#33,#34,#35),#3470,
 .T.);
#3631=ADVANCED_FACE('',(#150),#42,.F.);
#3632=ADVANCED_FACE('',(#151),#3471,.T.);
#3633=ADVANCED_FACE('',(#152),#43,.F.);
#3634=ADVANCED_FACE('',(#153),#3472,.T.);
#3635=ADVANCED_FACE('',(#154),#44,.T.);
#3636=ADVANCED_FACE('',(#155),#3473,.T.);
#3637=ADVANCED_FACE('',(#156),#3474,.T.);
#3638=ADVANCED_FACE('',(#157),#3475,.T.);
#3639=ADVANCED_FACE('',(#158),#3476,.T.);
#3640=ADVANCED_FACE('',(#159),#3477,.T.);
#3641=ADVANCED_FACE('',(#160),#3478,.F.);
#3642=ADVANCED_FACE('',(#161),#3479,.T.);
#3643=ADVANCED_FACE('',(#162),#3480,.T.);
#3644=ADVANCED_FACE('',(#163),#3481,.T.);
#3645=ADVANCED_FACE('',(#164),#3482,.F.);
#3646=ADVANCED_FACE('',(#165),#3483,.T.);
#3647=ADVANCED_FACE('',(#166),#3484,.T.);
#3648=ADVANCED_FACE('',(#167),#3485,.T.);
#3649=ADVANCED_FACE('',(#168),#3486,.T.);
#3650=ADVANCED_FACE('',(#169),#3487,.T.);
#3651=ADVANCED_FACE('',(#170),#3488,.T.);
#3652=ADVANCED_FACE('',(#171,#36),#3489,.T.);
#3653=ADVANCED_FACE('',(#172),#3490,.T.);
#3654=ADVANCED_FACE('',(#173),#3491,.T.);
#3655=ADVANCED_FACE('',(#174),#3492,.T.);
#3656=ADVANCED_FACE('',(#175),#3493,.T.);
#3657=ADVANCED_FACE('',(#176),#3494,.F.);
#3658=ADVANCED_FACE('',(#177),#3495,.T.);
#3659=ADVANCED_FACE('',(#178),#3496,.T.);
#3660=ADVANCED_FACE('',(#179),#3497,.T.);
#3661=ADVANCED_FACE('',(#180),#3498,.T.);
#3662=ADVANCED_FACE('',(#181),#3499,.T.);
#3663=ADVANCED_FACE('',(#182),#3500,.T.);
#3664=ADVANCED_FACE('',(#183),#3501,.T.);
#3665=ADVANCED_FACE('',(#184),#3502,.T.);
#3666=ADVANCED_FACE('',(#185),#3503,.T.);
#3667=ADVANCED_FACE('',(#186),#3504,.T.);
#3668=ADVANCED_FACE('',(#187),#45,.T.);
#3669=ADVANCED_FACE('',(#188),#3505,.T.);
#3670=ADVANCED_FACE('',(#189,#37),#3506,.F.);
#3671=ADVANCED_FACE('',(#190),#46,.T.);
#3672=ADVANCED_FACE('',(#191),#3507,.T.);
#3673=ADVANCED_FACE('',(#192),#47,.T.);
#3674=ADVANCED_FACE('',(#193),#3508,.T.);
#3675=ADVANCED_FACE('',(#194),#48,.F.);
#3676=ADVANCED_FACE('',(#195),#3509,.F.);
#3677=ADVANCED_FACE('',(#196),#3510,.T.);
#3678=ADVANCED_FACE('',(#197),#3511,.T.);
#3679=ADVANCED_FACE('',(#198,#38,#39,#40),#3512,.F.);
#3680=ADVANCED_FACE('',(#199),#3513,.T.);
#3681=ADVANCED_FACE('',(#200),#3514,.T.);
#3682=ADVANCED_FACE('',(#201),#3515,.T.);
#3683=ADVANCED_FACE('',(#202),#3516,.T.);
#3684=ADVANCED_FACE('',(#203),#3517,.T.);
#3685=ADVANCED_FACE('',(#204),#3518,.T.);
#3686=ADVANCED_FACE('',(#205),#3519,.T.);
#3687=ADVANCED_FACE('',(#206),#3520,.T.);
#3688=ADVANCED_FACE('',(#207),#3521,.T.);
#3689=ADVANCED_FACE('',(#208),#3522,.T.);
#3690=ADVANCED_FACE('',(#209),#3523,.T.);
#3691=ADVANCED_FACE('',(#210),#3524,.T.);
#3692=ADVANCED_FACE('',(#211),#3525,.T.);
#3693=ADVANCED_FACE('',(#212),#3526,.T.);
#3694=ADVANCED_FACE('',(#213),#3527,.T.);
#3695=ADVANCED_FACE('',(#214),#3528,.T.);
#3696=ADVANCED_FACE('',(#215),#3529,.T.);
#3697=ADVANCED_FACE('',(#216),#3530,.T.);
#3698=ADVANCED_FACE('',(#217),#3531,.T.);
#3699=ADVANCED_FACE('',(#218),#3532,.T.);
#3700=ADVANCED_FACE('',(#219),#3533,.T.);
#3701=ADVANCED_FACE('',(#220),#3534,.T.);
#3702=ADVANCED_FACE('',(#221),#15,.F.);
#3703=ADVANCED_FACE('',(#222),#49,.F.);
#3704=ADVANCED_FACE('',(#223),#16,.F.);
#3705=ADVANCED_FACE('',(#224),#50,.F.);
#3706=ADVANCED_FACE('',(#225),#17,.F.);
#3707=ADVANCED_FACE('',(#226),#51,.F.);
#3708=ADVANCED_FACE('',(#227),#3535,.T.);
#3709=ADVANCED_FACE('',(#228),#3536,.T.);
#3710=ADVANCED_FACE('',(#229),#3537,.T.);
#3711=ADVANCED_FACE('',(#230),#3538,.T.);
#3712=ADVANCED_FACE('',(#231),#3539,.T.);
#3713=ADVANCED_FACE('',(#232),#3540,.T.);
#3714=ADVANCED_FACE('',(#233),#3541,.T.);
#3715=ADVANCED_FACE('',(#234),#3542,.T.);
#3716=ADVANCED_FACE('',(#235),#3543,.T.);
#3717=ADVANCED_FACE('',(#236),#3544,.T.);
#3718=ADVANCED_FACE('',(#237),#3545,.T.);
#3719=ADVANCED_FACE('',(#238),#3546,.T.);
#3720=ADVANCED_FACE('',(#239),#3547,.T.);
#3721=ADVANCED_FACE('',(#240),#3548,.T.);
#3722=ADVANCED_FACE('',(#241),#3549,.T.);
#3723=ADVANCED_FACE('',(#242),#3550,.T.);
#3724=ADVANCED_FACE('',(#243),#3551,.T.);
#3725=ADVANCED_FACE('',(#244),#3552,.T.);
#3726=ADVANCED_FACE('',(#245),#3553,.T.);
#3727=ADVANCED_FACE('',(#246),#52,.F.);
#3728=ADVANCED_FACE('',(#247),#53,.F.);
#3729=ADVANCED_FACE('',(#248),#54,.F.);
#3730=ADVANCED_FACE('',(#249),#3554,.T.);
#3731=ADVANCED_FACE('',(#250),#3555,.T.);
#3732=ADVANCED_FACE('',(#251),#3556,.T.);
#3733=ADVANCED_FACE('',(#252),#55,.F.);
#3734=ADVANCED_FACE('',(#253),#56,.F.);
#3735=ADVANCED_FACE('',(#254),#57,.F.);
#3736=ADVANCED_FACE('',(#255),#58,.F.);
#3737=ADVANCED_FACE('',(#256),#59,.F.);
#3738=ADVANCED_FACE('',(#257),#60,.F.);
#3739=ADVANCED_FACE('',(#258),#3557,.T.);
#3740=ADVANCED_FACE('',(#259),#3558,.T.);
#3741=ADVANCED_FACE('',(#260),#61,.F.);
#3742=ADVANCED_FACE('',(#261),#62,.F.);
#3743=ADVANCED_FACE('',(#262),#63,.F.);
#3744=ADVANCED_FACE('',(#263),#64,.F.);
#3745=ADVANCED_FACE('',(#264),#3559,.T.);
#3746=ADVANCED_FACE('',(#265),#3560,.T.);
#3747=ADVANCED_FACE('',(#266),#3561,.T.);
#3748=ADVANCED_FACE('',(#267),#3562,.T.);
#3749=ADVANCED_FACE('',(#268),#3563,.T.);
#3750=ADVANCED_FACE('',(#269),#3564,.T.);
#3751=ADVANCED_FACE('',(#270),#3565,.T.);
#3752=ADVANCED_FACE('',(#271),#3566,.T.);
#3753=ADVANCED_FACE('',(#272),#3567,.F.);
#3754=ADVANCED_FACE('',(#273),#3568,.T.);
#3755=ADVANCED_FACE('',(#274),#65,.T.);
#3756=ADVANCED_FACE('',(#275),#3569,.T.);
#3757=ADVANCED_FACE('',(#276),#66,.T.);
#3758=ADVANCED_FACE('',(#277),#3570,.T.);
#3759=ADVANCED_FACE('',(#278),#3571,.T.);
#3760=ADVANCED_FACE('',(#279),#3572,.T.);
#3761=ADVANCED_FACE('',(#280),#3573,.T.);
#3762=ADVANCED_FACE('',(#281),#3574,.T.);
#3763=ADVANCED_FACE('',(#282),#3575,.T.);
#3764=ADVANCED_FACE('',(#283),#3576,.T.);
#3765=ADVANCED_FACE('',(#284),#3577,.T.);
#3766=ADVANCED_FACE('',(#285),#3578,.F.);
#3767=ADVANCED_FACE('',(#286),#3579,.F.);
#3768=ADVANCED_FACE('',(#287),#3580,.T.);
#3769=ADVANCED_FACE('',(#288),#3581,.T.);
#3770=ADVANCED_FACE('',(#289),#3582,.T.);
#3771=ADVANCED_FACE('',(#290),#3583,.T.);
#3772=ADVANCED_FACE('',(#291),#3584,.T.);
#3773=ADVANCED_FACE('',(#292),#3585,.T.);
#3774=ADVANCED_FACE('',(#293),#3586,.T.);
#3775=ADVANCED_FACE('',(#294),#3587,.T.);
#3776=ADVANCED_FACE('',(#295),#3588,.T.);
#3777=ADVANCED_FACE('',(#296),#3589,.F.);
#3778=ADVANCED_FACE('',(#297),#67,.F.);
#3779=ADVANCED_FACE('',(#298),#3590,.F.);
#3780=ADVANCED_FACE('',(#299),#3591,.F.);
#3781=ADVANCED_FACE('',(#300),#68,.F.);
#3782=ADVANCED_FACE('',(#301),#3592,.F.);
#3783=ADVANCED_FACE('',(#302),#69,.F.);
#3784=ADVANCED_FACE('',(#303),#3593,.F.);
#3785=ADVANCED_FACE('',(#304),#3594,.F.);
#3786=ADVANCED_FACE('',(#305),#3595,.T.);
#3787=ADVANCED_FACE('',(#306),#3596,.T.);
#3788=ADVANCED_FACE('',(#307),#3597,.T.);
#3789=ADVANCED_FACE('',(#308),#3598,.T.);
#3790=ADVANCED_FACE('',(#309),#3599,.T.);
#3791=ADVANCED_FACE('',(#310),#3600,.T.);
#3792=ADVANCED_FACE('',(#311),#3601,.T.);
#3793=ADVANCED_FACE('',(#312),#3602,.T.);
#3794=ADVANCED_FACE('',(#313),#70,.T.);
#3795=ADVANCED_FACE('',(#314),#3603,.T.);
#3796=ADVANCED_FACE('',(#315),#71,.T.);
#3797=ADVANCED_FACE('',(#316),#3604,.T.);
#3798=ADVANCED_FACE('',(#317),#72,.T.);
#3799=CLOSED_SHELL('',(#3605,#3606,#3607,#3608,#3609,#3610,#3611,#3612,
#3613,#3614,#3615,#3616,#3617,#3618,#3619,#3620,#3621,#3622,#3623,#3624,
#3625,#3626,#3627,#3628,#3629,#3630,#3631,#3632,#3633,#3634,#3635,#3636,
#3637,#3638,#3639,#3640,#3641,#3642,#3643,#3644,#3645,#3646,#3647,#3648,
#3649,#3650,#3651,#3652,#3653,#3654,#3655,#3656,#3657,#3658,#3659,#3660,
#3661,#3662,#3663,#3664,#3665,#3666,#3667,#3668,#3669,#3670,#3671,#3672,
#3673,#3674,#3675,#3676,#3677,#3678,#3679,#3680,#3681,#3682,#3683,#3684,
#3685,#3686,#3687,#3688,#3689,#3690,#3691,#3692,#3693,#3694,#3695,#3696,
#3697,#3698,#3699,#3700,#3701,#3702,#3703,#3704,#3705,#3706,#3707,#3708,
#3709,#3710,#3711,#3712,#3713,#3714,#3715,#3716,#3717,#3718,#3719,#3720,
#3721,#3722,#3723,#3724,#3725,#3726,#3727,#3728,#3729,#3730,#3731,#3732,
#3733,#3734,#3735,#3736,#3737,#3738,#3739,#3740,#3741,#3742,#3743,#3744,
#3745,#3746,#3747,#3748,#3749,#3750,#3751,#3752,#3753,#3754,#3755,#3756,
#3757,#3758,#3759,#3760,#3761,#3762,#3763,#3764,#3765,#3766,#3767,#3768,
#3769,#3770,#3771,#3772,#3773,#3774,#3775,#3776,#3777,#3778,#3779,#3780,
#3781,#3782,#3783,#3784,#3785,#3786,#3787,#3788,#3789,#3790,#3791,#3792,
#3793,#3794,#3795,#3796,#3797,#3798));
#3800=DERIVED_UNIT_ELEMENT(#3802,1.);
#3801=DERIVED_UNIT_ELEMENT(#6135,-3.);
#3802=(
MASS_UNIT()
NAMED_UNIT(*)
SI_UNIT(.KILO.,.GRAM.)
);
#3803=DERIVED_UNIT((#3800,#3801));
#3804=MEASURE_REPRESENTATION_ITEM('density measure',
POSITIVE_RATIO_MEASURE(7850.),#3803);
#3805=PROPERTY_DEFINITION_REPRESENTATION(#3810,#3807);
#3806=PROPERTY_DEFINITION_REPRESENTATION(#3811,#3808);
#3807=REPRESENTATION('material name',(#3809),#6132);
#3808=REPRESENTATION('density',(#3804),#6132);
#3809=DESCRIPTIVE_REPRESENTATION_ITEM('Steel','Steel');
#3810=PROPERTY_DEFINITION('material property','material name',#6142);
#3811=PROPERTY_DEFINITION('material property','density of part',#6142);
#3812=AXIS2_PLACEMENT_3D('',#5054,#4066,#4067);
#3813=AXIS2_PLACEMENT_3D('',#5055,#4068,#4069);
#3814=AXIS2_PLACEMENT_3D('',#5064,#4074,#4075);
#3815=AXIS2_PLACEMENT_3D('',#5070,#4079,#4080);
#3816=AXIS2_PLACEMENT_3D('',#5080,#4085,#4086);
#3817=AXIS2_PLACEMENT_3D('',#5094,#4094,#4095);
#3818=AXIS2_PLACEMENT_3D('',#5098,#4098,#4099);
#3819=AXIS2_PLACEMENT_3D('',#5107,#4104,#4105);
#3820=AXIS2_PLACEMENT_3D('',#5113,#4109,#4110);
#3821=AXIS2_PLACEMENT_3D('',#5123,#4115,#4116);
#3822=AXIS2_PLACEMENT_3D('',#5137,#4124,#4125);
#3823=AXIS2_PLACEMENT_3D('',#5141,#4128,#4129);
#3824=AXIS2_PLACEMENT_3D('',#5150,#4134,#4135);
#3825=AXIS2_PLACEMENT_3D('',#5156,#4139,#4140);
#3826=AXIS2_PLACEMENT_3D('',#5168,#4147,#4148);
#3827=AXIS2_PLACEMENT_3D('',#5172,#4151,#4152);
#3828=AXIS2_PLACEMENT_3D('',#5188,#4160,#4161);
#3829=AXIS2_PLACEMENT_3D('',#5194,#4165,#4166);
#3830=AXIS2_PLACEMENT_3D('',#5200,#4170,#4171);
#3831=AXIS2_PLACEMENT_3D('',#5204,#4174,#4175);
#3832=AXIS2_PLACEMENT_3D('',#5209,#4179,#4180);
#3833=AXIS2_PLACEMENT_3D('',#5211,#4182,#4183);
#3834=AXIS2_PLACEMENT_3D('',#5217,#4187,#4188);
#3835=AXIS2_PLACEMENT_3D('',#5221,#4191,#4192);
#3836=AXIS2_PLACEMENT_3D('',#5226,#4196,#4197);
#3837=AXIS2_PLACEMENT_3D('',#5228,#4199,#4200);
#3838=AXIS2_PLACEMENT_3D('',#5231,#4203,#4204);
#3839=AXIS2_PLACEMENT_3D('',#5233,#4206,#4207);
#3840=AXIS2_PLACEMENT_3D('',#5236,#4208,#4209);
#3841=AXIS2_PLACEMENT_3D('',#5240,#4211,#4212);
#3842=AXIS2_PLACEMENT_3D('',#5242,#4214,#4215);
#3843=AXIS2_PLACEMENT_3D('',#5248,#4219,#4220);
#3844=AXIS2_PLACEMENT_3D('',#5252,#4222,#4223);
#3845=AXIS2_PLACEMENT_3D('',#5256,#4225,#4226);
#3846=AXIS2_PLACEMENT_3D('',#5260,#4228,#4229);
#3847=AXIS2_PLACEMENT_3D('',#5264,#4231,#4232);
#3848=AXIS2_PLACEMENT_3D('',#5268,#4234,#4235);
#3849=AXIS2_PLACEMENT_3D('',#5272,#4237,#4238);
#3850=AXIS2_PLACEMENT_3D('',#5276,#4240,#4241);
#3851=AXIS2_PLACEMENT_3D('',#5280,#4243,#4244);
#3852=AXIS2_PLACEMENT_3D('',#5284,#4246,#4247);
#3853=AXIS2_PLACEMENT_3D('',#5287,#4249,#4250);
#3854=AXIS2_PLACEMENT_3D('',#5305,#4259,#4260);
#3855=AXIS2_PLACEMENT_3D('',#5307,#4261,#4262);
#3856=AXIS2_PLACEMENT_3D('',#5333,#4275,#4276);
#3857=AXIS2_PLACEMENT_3D('',#5350,#4285,#4286);
#3858=AXIS2_PLACEMENT_3D('',#5353,#4287,#4288);
#3859=AXIS2_PLACEMENT_3D('',#5356,#4291,#4292);
#3860=AXIS2_PLACEMENT_3D('',#5360,#4295,#4296);
#3861=AXIS2_PLACEMENT_3D('',#5362,#4297,#4298);
#3862=AXIS2_PLACEMENT_3D('',#5364,#4300,#4301);
#3863=AXIS2_PLACEMENT_3D('',#5368,#4304,#4305);
#3864=AXIS2_PLACEMENT_3D('',#5370,#4306,#4307);
#3865=AXIS2_PLACEMENT_3D('',#5372,#4309,#4310);
#3866=AXIS2_PLACEMENT_3D('',#5381,#4315,#4316);
#3867=AXIS2_PLACEMENT_3D('',#5387,#4320,#4321);
#3868=AXIS2_PLACEMENT_3D('',#5393,#4325,#4326);
#3869=AXIS2_PLACEMENT_3D('',#5399,#4330,#4331);
#3870=AXIS2_PLACEMENT_3D('',#5405,#4335,#4336);
#3871=AXIS2_PLACEMENT_3D('',#5413,#4341,#4342);
#3872=AXIS2_PLACEMENT_3D('',#5425,#4349,#4350);
#3873=AXIS2_PLACEMENT_3D('',#5438,#4358,#4359);
#3874=AXIS2_PLACEMENT_3D('',#5447,#4364,#4365);
#3875=AXIS2_PLACEMENT_3D('',#5461,#4373,#4374);
#3876=AXIS2_PLACEMENT_3D('',#5470,#4379,#4380);
#3877=AXIS2_PLACEMENT_3D('',#5476,#4384,#4385);
#3878=AXIS2_PLACEMENT_3D('',#5482,#4389,#4390);
#3879=AXIS2_PLACEMENT_3D('',#5485,#4393,#4394);
#3880=AXIS2_PLACEMENT_3D('',#5495,#4400,#4401);
#3881=AXIS2_PLACEMENT_3D('',#5503,#4406,#4407);
#3882=AXIS2_PLACEMENT_3D('',#5506,#4408,#4409);
#3883=AXIS2_PLACEMENT_3D('',#5514,#4414,#4415);
#3884=AXIS2_PLACEMENT_3D('',#5523,#4420,#4421);
#3885=AXIS2_PLACEMENT_3D('',#5532,#4426,#4427);
#3886=AXIS2_PLACEMENT_3D('',#5535,#4430,#4431);
#3887=AXIS2_PLACEMENT_3D('',#5545,#4437,#4438);
#3888=AXIS2_PLACEMENT_3D('',#5548,#4441,#4442);
#3889=AXIS2_PLACEMENT_3D('',#5554,#4446,#4447);
#3890=AXIS2_PLACEMENT_3D('',#5556,#4449,#4450);
#3891=AXIS2_PLACEMENT_3D('',#5558,#4452,#4453);
#3892=AXIS2_PLACEMENT_3D('',#5562,#4456,#4457);
#3893=AXIS2_PLACEMENT_3D('',#5566,#4460,#4461);
#3894=AXIS2_PLACEMENT_3D('',#5569,#4464,#4465);
#3895=AXIS2_PLACEMENT_3D('',#5570,#4466,#4467);
#3896=AXIS2_PLACEMENT_3D('',#5574,#4470,#4471);
#3897=AXIS2_PLACEMENT_3D('',#5578,#4474,#4475);
#3898=AXIS2_PLACEMENT_3D('',#5580,#4477,#4478);
#3899=AXIS2_PLACEMENT_3D('',#5584,#4480,#4481);
#3900=AXIS2_PLACEMENT_3D('',#5586,#4483,#4484);
#3901=AXIS2_PLACEMENT_3D('',#5590,#4487,#4488);
#3902=AXIS2_PLACEMENT_3D('',#5594,#4490,#4491);
#3903=AXIS2_PLACEMENT_3D('',#5601,#4495,#4496);
#3904=AXIS2_PLACEMENT_3D('',#5603,#4497,#4498);
#3905=AXIS2_PLACEMENT_3D('',#5604,#4499,#4500);
#3906=AXIS2_PLACEMENT_3D('',#5607,#4503,#4504);
#3907=AXIS2_PLACEMENT_3D('',#5617,#4510,#4511);
#3908=AXIS2_PLACEMENT_3D('',#5620,#4514,#4515);
#3909=AXIS2_PLACEMENT_3D('',#5624,#4517,#4518);
#3910=AXIS2_PLACEMENT_3D('',#5628,#4520,#4521);
#3911=AXIS2_PLACEMENT_3D('',#5633,#4524,#4525);
#3912=AXIS2_PLACEMENT_3D('',#5637,#4527,#4528);
#3913=AXIS2_PLACEMENT_3D('',#5645,#4532,#4533);
#3914=AXIS2_PLACEMENT_3D('',#5657,#4539,#4540);
#3915=AXIS2_PLACEMENT_3D('',#5665,#4544,#4545);
#3916=AXIS2_PLACEMENT_3D('',#5669,#4548,#4549);
#3917=AXIS2_PLACEMENT_3D('',#5670,#4550,#4551);
#3918=AXIS2_PLACEMENT_3D('',#5671,#4552,#4553);
#3919=AXIS2_PLACEMENT_3D('',#5674,#4556,#4557);
#3920=AXIS2_PLACEMENT_3D('',#5678,#4560,#4561);
#3921=AXIS2_PLACEMENT_3D('',#5680,#4563,#4564);
#3922=AXIS2_PLACEMENT_3D('',#5682,#4565,#4566);
#3923=AXIS2_PLACEMENT_3D('',#5713,#4583,#4584);
#3924=AXIS2_PLACEMENT_3D('',#5716,#4586,#4587);
#3925=AXIS2_PLACEMENT_3D('',#5718,#4588,#4589);
#3926=AXIS2_PLACEMENT_3D('',#5727,#4594,#4595);
#3927=AXIS2_PLACEMENT_3D('',#5733,#4599,#4600);
#3928=AXIS2_PLACEMENT_3D('',#5740,#4605,#4606);
#3929=AXIS2_PLACEMENT_3D('',#5744,#4609,#4610);
#3930=AXIS2_PLACEMENT_3D('',#5748,#4613,#4614);
#3931=AXIS2_PLACEMENT_3D('',#5753,#4618,#4619);
#3932=AXIS2_PLACEMENT_3D('',#5759,#4623,#4624);
#3933=AXIS2_PLACEMENT_3D('',#5764,#4628,#4629);
#3934=AXIS2_PLACEMENT_3D('',#5766,#4631,#4632);
#3935=AXIS2_PLACEMENT_3D('',#5770,#4635,#4636);
#3936=AXIS2_PLACEMENT_3D('',#5774,#4639,#4640);
#3937=AXIS2_PLACEMENT_3D('',#5777,#4643,#4644);
#3938=AXIS2_PLACEMENT_3D('',#5779,#4646,#4647);
#3939=AXIS2_PLACEMENT_3D('',#5782,#4650,#4651);
#3940=AXIS2_PLACEMENT_3D('',#5786,#4654,#4655);
#3941=AXIS2_PLACEMENT_3D('',#5790,#4658,#4659);
#3942=AXIS2_PLACEMENT_3D('',#5795,#4663,#4664);
#3943=AXIS2_PLACEMENT_3D('',#5798,#4667,#4668);
#3944=AXIS2_PLACEMENT_3D('',#5800,#4670,#4671);
#3945=AXIS2_PLACEMENT_3D('',#5804,#4674,#4675);
#3946=AXIS2_PLACEMENT_3D('',#5808,#4678,#4679);
#3947=AXIS2_PLACEMENT_3D('',#5811,#4682,#4683);
#3948=AXIS2_PLACEMENT_3D('',#5813,#4685,#4686);
#3949=AXIS2_PLACEMENT_3D('',#5816,#4688,#4689);
#3950=AXIS2_PLACEMENT_3D('',#5817,#4690,#4691);
#3951=AXIS2_PLACEMENT_3D('',#5819,#4693,#4694);
#3952=AXIS2_PLACEMENT_3D('',#5822,#4696,#4697);
#3953=AXIS2_PLACEMENT_3D('',#5823,#4698,#4699);
#3954=AXIS2_PLACEMENT_3D('',#5825,#4701,#4702);
#3955=AXIS2_PLACEMENT_3D('',#5828,#4704,#4705);
#3956=AXIS2_PLACEMENT_3D('',#5829,#4706,#4707);
#3957=AXIS2_PLACEMENT_3D('',#5831,#4709,#4710);
#3958=AXIS2_PLACEMENT_3D('',#5836,#4714,#4715);
#3959=AXIS2_PLACEMENT_3D('',#5841,#4719,#4720);
#3960=AXIS2_PLACEMENT_3D('',#5847,#4724,#4725);
#3961=AXIS2_PLACEMENT_3D('',#5849,#4727,#4728);
#3962=AXIS2_PLACEMENT_3D('',#5854,#4732,#4733);
#3963=AXIS2_PLACEMENT_3D('',#5855,#4734,#4735);
#3964=AXIS2_PLACEMENT_3D('',#5861,#4739,#4740);
#3965=AXIS2_PLACEMENT_3D('',#5863,#4742,#4743);
#3966=AXIS2_PLACEMENT_3D('',#5868,#4747,#4748);
#3967=AXIS2_PLACEMENT_3D('',#5870,#4750,#4751);
#3968=AXIS2_PLACEMENT_3D('',#5873,#4754,#4755);
#3969=AXIS2_PLACEMENT_3D('',#5874,#4756,#4757);
#3970=AXIS2_PLACEMENT_3D('',#5875,#4758,#4759);
#3971=AXIS2_PLACEMENT_3D('',#5876,#4760,#4761);
#3972=AXIS2_PLACEMENT_3D('',#5877,#4762,#4763);
#3973=AXIS2_PLACEMENT_3D('',#5878,#4764,#4765);
#3974=AXIS2_PLACEMENT_3D('',#5879,#4766,#4767);
#3975=AXIS2_PLACEMENT_3D('',#5880,#4768,#4769);
#3976=AXIS2_PLACEMENT_3D('',#5881,#4770,#4771);
#3977=AXIS2_PLACEMENT_3D('',#5885,#4773,#4774);
#3978=AXIS2_PLACEMENT_3D('',#5886,#4775,#4776);
#3979=AXIS2_PLACEMENT_3D('',#5887,#4777,#4778);
#3980=AXIS2_PLACEMENT_3D('',#5890,#4780,#4781);
#3981=AXIS2_PLACEMENT_3D('',#5891,#4782,#4783);
#3982=AXIS2_PLACEMENT_3D('',#5893,#4784,#4785);
#3983=AXIS2_PLACEMENT_3D('',#5895,#4787,#4788);
#3984=AXIS2_PLACEMENT_3D('',#5898,#4791,#4792);
#3985=AXIS2_PLACEMENT_3D('',#5900,#4794,#4795);
#3986=AXIS2_PLACEMENT_3D('',#5902,#4797,#4798);
#3987=AXIS2_PLACEMENT_3D('',#5904,#4799,#4800);
#3988=AXIS2_PLACEMENT_3D('',#5906,#4802,#4803);
#3989=AXIS2_PLACEMENT_3D('',#5907,#4804,#4805);
#3990=AXIS2_PLACEMENT_3D('',#5908,#4806,#4807);
#3991=AXIS2_PLACEMENT_3D('',#5911,#4809,#4810);
#3992=AXIS2_PLACEMENT_3D('',#5912,#4811,#4812);
#3993=AXIS2_PLACEMENT_3D('',#5915,#4814,#4815);
#3994=AXIS2_PLACEMENT_3D('',#5916,#4816,#4817);
#3995=AXIS2_PLACEMENT_3D('',#5919,#4819,#4820);
#3996=AXIS2_PLACEMENT_3D('',#5920,#4821,#4822);
#3997=AXIS2_PLACEMENT_3D('',#5922,#4823,#4824);
#3998=AXIS2_PLACEMENT_3D('',#5924,#4826,#4827);
#3999=AXIS2_PLACEMENT_3D('',#5928,#4830,#4831);
#4000=AXIS2_PLACEMENT_3D('',#5936,#4835,#4836);
#4001=AXIS2_PLACEMENT_3D('',#5948,#4842,#4843);
#4002=AXIS2_PLACEMENT_3D('',#5954,#4848,#4849);
#4003=AXIS2_PLACEMENT_3D('',#5955,#4850,#4851);
#4004=AXIS2_PLACEMENT_3D('',#5956,#4852,#4853);
#4005=AXIS2_PLACEMENT_3D('',#5959,#4855,#4856);
#4006=AXIS2_PLACEMENT_3D('',#5960,#4857,#4858);
#4007=AXIS2_PLACEMENT_3D('',#5962,#4860,#4861);
#4008=AXIS2_PLACEMENT_3D('',#5964,#4862,#4863);
#4009=AXIS2_PLACEMENT_3D('',#5966,#4865,#4866);
#4010=AXIS2_PLACEMENT_3D('',#5972,#4870,#4871);
#4011=AXIS2_PLACEMENT_3D('',#5978,#4875,#4876);
#4012=AXIS2_PLACEMENT_3D('',#5984,#4880,#4881);
#4013=AXIS2_PLACEMENT_3D('',#5988,#4884,#4885);
#4014=AXIS2_PLACEMENT_3D('',#5994,#4889,#4890);
#4015=AXIS2_PLACEMENT_3D('',#6000,#4894,#4895);
#4016=AXIS2_PLACEMENT_3D('',#6009,#4900,#4901);
#4017=AXIS2_PLACEMENT_3D('',#6012,#4904,#4905);
#4018=AXIS2_PLACEMENT_3D('',#6017,#4909,#4910);
#4019=AXIS2_PLACEMENT_3D('',#6021,#4913,#4914);
#4020=AXIS2_PLACEMENT_3D('',#6024,#4917,#4918);
#4021=AXIS2_PLACEMENT_3D('',#6026,#4920,#4921);
#4022=AXIS2_PLACEMENT_3D('',#6029,#4924,#4925);
#4023=AXIS2_PLACEMENT_3D('',#6031,#4927,#4928);
#4024=AXIS2_PLACEMENT_3D('',#6034,#4931,#4932);
#4025=AXIS2_PLACEMENT_3D('',#6035,#4933,#4934);
#4026=AXIS2_PLACEMENT_3D('',#6036,#4935,#4936);
#4027=AXIS2_PLACEMENT_3D('',#6037,#4937,#4938);
#4028=AXIS2_PLACEMENT_3D('',#6039,#4940,#4941);
#4029=AXIS2_PLACEMENT_3D('',#6040,#4942,#4943);
#4030=AXIS2_PLACEMENT_3D('',#6041,#4944,#4945);
#4031=AXIS2_PLACEMENT_3D('',#6045,#4948,#4949);
#4032=AXIS2_PLACEMENT_3D('',#6047,#4951,#4952);
#4033=AXIS2_PLACEMENT_3D('',#6048,#4953,#4954);
#4034=AXIS2_PLACEMENT_3D('',#6049,#4955,#4956);
#4035=AXIS2_PLACEMENT_3D('',#6050,#4957,#4958);
#4036=AXIS2_PLACEMENT_3D('',#6051,#4959,#4960);
#4037=AXIS2_PLACEMENT_3D('',#6052,#4961,#4962);
#4038=AXIS2_PLACEMENT_3D('',#6054,#4964,#4965);
#4039=AXIS2_PLACEMENT_3D('',#6055,#4966,#4967);
#4040=AXIS2_PLACEMENT_3D('',#6057,#4969,#4970);
#4041=AXIS2_PLACEMENT_3D('',#6059,#4972,#4973);
#4042=AXIS2_PLACEMENT_3D('',#6065,#4977,#4978);
#4043=AXIS2_PLACEMENT_3D('',#6067,#4979,#4980);
#4044=AXIS2_PLACEMENT_3D('',#6069,#4982,#4983);
#4045=AXIS2_PLACEMENT_3D('',#6073,#4986,#4987);
#4046=AXIS2_PLACEMENT_3D('',#6079,#4991,#4992);
#4047=AXIS2_PLACEMENT_3D('',#6081,#4993,#4994);
#4048=AXIS2_PLACEMENT_3D('',#6083,#4996,#4997);
#4049=AXIS2_PLACEMENT_3D('',#6087,#5000,#5001);
#4050=AXIS2_PLACEMENT_3D('',#6091,#5003,#5004);
#4051=AXIS2_PLACEMENT_3D('',#6093,#5006,#5007);
#4052=AXIS2_PLACEMENT_3D('',#6097,#5010,#5011);
#4053=AXIS2_PLACEMENT_3D('',#6101,#5014,#5015);
#4054=AXIS2_PLACEMENT_3D('',#6105,#5018,#5019);
#4055=AXIS2_PLACEMENT_3D('',#6109,#5022,#5023);
#4056=AXIS2_PLACEMENT_3D('',#6114,#5028,#5029);
#4057=AXIS2_PLACEMENT_3D('',#6117,#5032,#5033);
#4058=AXIS2_PLACEMENT_3D('',#6118,#5034,#5035);
#4059=AXIS2_PLACEMENT_3D('',#6119,#5036,#5037);
#4060=AXIS2_PLACEMENT_3D('',#6120,#5038,#5039);
#4061=AXIS2_PLACEMENT_3D('',#6122,#5041,#5042);
#4062=AXIS2_PLACEMENT_3D('',#6124,#5044,#5045);
#4063=AXIS2_PLACEMENT_3D('',#6125,#5046,#5047);
#4064=AXIS2_PLACEMENT_3D('',#6127,#5049,#5050);
#4065=AXIS2_PLACEMENT_3D('',#6129,#5052,#5053);
#4066=DIRECTION('axis',(0.,0.,1.));
#4067=DIRECTION('refdir',(1.,0.,0.));
#4068=DIRECTION('center_axis',(0.,1.,0.));
#4069=DIRECTION('ref_axis',(1.,0.,0.));
#4070=DIRECTION('',(1.,0.,0.));
#4071=DIRECTION('',(0.,0.,-1.));
#4072=DIRECTION('',(-1.,0.,0.));
#4073=DIRECTION('',(0.,0.,1.));
#4074=DIRECTION('center_axis',(0.,0.,1.));
#4075=DIRECTION('ref_axis',(1.,0.,0.));
#4076=DIRECTION('',(1.,0.,0.));
#4077=DIRECTION('',(6.6053249918203E-17,-1.,0.));
#4078=DIRECTION('',(-2.64212999672812E-16,1.,0.));
#4079=DIRECTION('center_axis',(1.,6.6053249918203E-17,0.));
#4080=DIRECTION('ref_axis',(-6.6053249918203E-17,1.,0.));
#4081=DIRECTION('',(0.,0.,-1.));
#4082=DIRECTION('',(4.67067009365712E-17,-0.707106781186549,-0.707106781186546));
#4083=DIRECTION('',(-6.6053249918203E-17,1.,-6.62312631973097E-31));
#4084=DIRECTION('',(3.0555766212712E-32,-4.62592926927149E-16,1.));
#4085=DIRECTION('center_axis',(-1.,-6.6053249918203E-17,0.));
#4086=DIRECTION('ref_axis',(0.,-1.,0.));
#4087=DIRECTION('',(0.,0.,-1.));
#4088=DIRECTION('',(-6.6053249918203E-17,1.,-6.62312631973097E-31));
#4089=DIRECTION('',(4.67067009365711E-17,-0.707106781186548,0.707106781186548));
#4090=DIRECTION('',(0.,0.,1.));
#4091=DIRECTION('',(6.6053249918203E-17,-1.,0.));
#4092=DIRECTION('',(0.,0.,1.));
#4093=DIRECTION('',(-6.6053249918203E-17,1.,0.));
#4094=DIRECTION('center_axis',(0.,1.,0.));
#4095=DIRECTION('ref_axis',(-1.,0.,0.));
#4096=DIRECTION('',(0.,0.,1.));
#4097=DIRECTION('',(1.,0.,1.20980295275936E-15));
#4098=DIRECTION('center_axis',(0.,1.,0.));
#4099=DIRECTION('ref_axis',(1.,0.,0.));
#4100=DIRECTION('',(1.,0.,0.));
#4101=DIRECTION('',(0.,0.,-1.));
#4102=DIRECTION('',(-1.,0.,0.));
#4103=DIRECTION('',(0.,0.,1.));
#4104=DIRECTION('center_axis',(0.,0.,1.));
#4105=DIRECTION('ref_axis',(1.,0.,0.));
#4106=DIRECTION('',(1.,5.76739225759315E-16,0.));
#4107=DIRECTION('',(0.,-1.,0.));
#4108=DIRECTION('',(0.,1.,0.));
#4109=DIRECTION('center_axis',(1.,0.,0.));
#4110=DIRECTION('ref_axis',(0.,1.,0.));
#4111=DIRECTION('',(0.,0.,1.));
#4112=DIRECTION('',(0.,-0.707106781186548,-0.707106781186548));
#4113=DIRECTION('',(0.,1.,-5.82401215182703E-31));
#4114=DIRECTION('',(0.,7.40148683083439E-15,1.));
#4115=DIRECTION('center_axis',(-1.,0.,0.));
#4116=DIRECTION('ref_axis',(0.,-1.,0.));
#4117=DIRECTION('',(0.,-3.70074341541719E-15,-1.));
#4118=DIRECTION('',(0.,-1.,5.82401215182703E-31));
#4119=DIRECTION('',(0.,-0.707106781186555,0.70710678118654));
#4120=DIRECTION('',(0.,0.,-1.));
#4121=DIRECTION('',(0.,-1.,0.));
#4122=DIRECTION('',(0.,0.,1.));
#4123=DIRECTION('',(0.,1.,0.));
#4124=DIRECTION('center_axis',(-5.76739225759315E-16,1.,0.));
#4125=DIRECTION('ref_axis',(-1.,-5.76739225759315E-16,0.));
#4126=DIRECTION('',(0.,0.,1.));
#4127=DIRECTION('',(1.,5.76739225759315E-16,1.20980295275936E-15));
#4128=DIRECTION('center_axis',(0.,-1.,0.));
#4129=DIRECTION('ref_axis',(-1.,0.,0.));
#4130=DIRECTION('',(-1.,0.,0.));
#4131=DIRECTION('',(0.,0.,-1.));
#4132=DIRECTION('',(-1.,0.,0.));
#4133=DIRECTION('',(0.,0.,1.));
#4134=DIRECTION('center_axis',(0.,0.,1.));
#4135=DIRECTION('ref_axis',(1.,0.,0.));
#4136=DIRECTION('',(0.,1.,0.));
#4137=DIRECTION('',(0.,-1.,0.));
#4138=DIRECTION('',(-1.,0.,0.));
#4139=DIRECTION('center_axis',(-1.,0.,0.));
#4140=DIRECTION('ref_axis',(0.,-1.,0.));
#4141=DIRECTION('',(0.,0.,1.));
#4142=DIRECTION('',(0.,1.,-5.82401215182703E-31));
#4143=DIRECTION('',(0.,0.,1.));
#4144=DIRECTION('',(0.,1.,0.));
#4145=DIRECTION('',(0.,0.,1.));
#4146=DIRECTION('',(0.,-1.,0.));
#4147=DIRECTION('center_axis',(0.,-1.,0.));
#4148=DIRECTION('ref_axis',(1.,0.,0.));
#4149=DIRECTION('',(0.,0.,1.));
#4150=DIRECTION('',(-1.,0.,-1.20980295275936E-15));
#4151=DIRECTION('center_axis',(1.,0.,0.));
#4152=DIRECTION('ref_axis',(0.,1.,0.));
#4153=DIRECTION('',(0.,1.,0.));
#4154=DIRECTION('',(0.,0.,-1.));
#4155=DIRECTION('',(0.,-1.,0.));
#4156=DIRECTION('',(0.,0.,-1.));
#4157=DIRECTION('',(0.,-0.707106781186548,-0.707106781186548));
#4158=DIRECTION('',(0.,1.,-5.82401215182703E-31));
#4159=DIRECTION('',(0.,-9.25185853854298E-16,1.));
#4160=DIRECTION('center_axis',(-1.,0.,0.));
#4161=DIRECTION('ref_axis',(0.,-1.,0.));
#4162=DIRECTION('',(0.,0.,-1.));
#4163=DIRECTION('',(0.,1.,-5.82401215182703E-31));
#4164=DIRECTION('',(0.,-0.707106781186551,0.707106781186544));
#4165=DIRECTION('center_axis',(0.,-1.,0.));
#4166=DIRECTION('ref_axis',(-1.,0.,0.));
#4167=DIRECTION('',(-1.,0.,0.));
#4168=DIRECTION('',(0.,0.,-1.));
#4169=DIRECTION('',(-1.,0.,0.));
#4170=DIRECTION('center_axis',(0.,0.,1.));
#4171=DIRECTION('ref_axis',(1.,0.,0.));
#4172=DIRECTION('',(-2.64212999672812E-16,1.,0.));
#4173=DIRECTION('',(-1.,0.,0.));
#4174=DIRECTION('center_axis',(-1.,-2.64212999672812E-16,0.));
#4175=DIRECTION('ref_axis',(2.64212999672812E-16,-1.,0.));
#4176=DIRECTION('',(2.64212999672812E-16,-1.,0.));
#4177=DIRECTION('',(0.,0.,1.));
#4178=DIRECTION('',(-2.64212999672812E-16,1.,-9.0204688234428E-31));
#4179=DIRECTION('center_axis',(0.,-1.,0.));
#4180=DIRECTION('ref_axis',(1.,0.,0.));
#4181=DIRECTION('',(-1.,0.,-1.20980295275936E-15));
#4182=DIRECTION('center_axis',(0.,-1.,0.));
#4183=DIRECTION('ref_axis',(-1.,0.,0.));
#4184=DIRECTION('',(-1.,0.,0.));
#4185=DIRECTION('',(0.,0.,-1.));
#4186=DIRECTION('',(-1.,0.,0.));
#4187=DIRECTION('center_axis',(0.,0.,1.));
#4188=DIRECTION('ref_axis',(1.,0.,0.));
#4189=DIRECTION('',(0.,1.,0.));
#4190=DIRECTION('',(-1.,0.,0.));
#4191=DIRECTION('center_axis',(-1.,0.,0.));
#4192=DIRECTION('ref_axis',(0.,-1.,0.));
#4193=DIRECTION('',(0.,-1.,0.));
#4194=DIRECTION('',(0.,0.,1.));
#4195=DIRECTION('',(0.,1.,-5.82401215182703E-31));
#4196=DIRECTION('center_axis',(0.,-1.,0.));
#4197=DIRECTION('ref_axis',(1.,0.,0.));
#4198=DIRECTION('',(-1.,0.,-1.20980295275936E-15));
#4199=DIRECTION('center_axis',(0.,1.,0.));
#4200=DIRECTION('ref_axis',(1.,0.,0.));
#4201=DIRECTION('',(1.,0.,0.));
#4202=DIRECTION('',(-1.,0.,0.));
#4203=DIRECTION('center_axis',(0.,0.,1.));
#4204=DIRECTION('ref_axis',(1.,0.,0.));
#4205=DIRECTION('',(1.,-5.76739225759315E-16,0.));
#4206=DIRECTION('center_axis',(0.,0.,-1.));
#4207=DIRECTION('ref_axis',(0.38268343236509,-0.923879532511287,0.));
#4208=DIRECTION('center_axis',(0.,0.,1.));
#4209=DIRECTION('ref_axis',(0.38268343236509,-0.923879532511287,0.));
#4210=DIRECTION('',(0.,0.,1.));
#4211=DIRECTION('center_axis',(0.,0.,-1.));
#4212=DIRECTION('ref_axis',(0.38268343236509,-0.923879532511287,0.));
#4213=DIRECTION('',(0.,0.,-1.));
#4214=DIRECTION('center_axis',(0.,-1.,0.));
#4215=DIRECTION('ref_axis',(1.,0.,0.));
#4216=DIRECTION('',(1.,0.,0.));
#4217=DIRECTION('',(0.,0.,1.));
#4218=DIRECTION('',(1.,0.,0.));
#4219=DIRECTION('center_axis',(0.,0.,1.));
#4220=DIRECTION('ref_axis',(1.,0.,0.));
#4221=DIRECTION('',(-0.707106781186548,-0.707106781186548,0.));
#4222=DIRECTION('center_axis',(0.,0.,1.));
#4223=DIRECTION('ref_axis',(-0.382683432365091,0.923879532511286,0.));
#4224=DIRECTION('',(1.,0.,0.));
#4225=DIRECTION('center_axis',(0.,0.,1.));
#4226=DIRECTION('ref_axis',(0.382683432365089,0.923879532511287,0.));
#4227=DIRECTION('',(-0.707106781186548,0.707106781186547,0.));
#4228=DIRECTION('center_axis',(0.,0.,-1.));
#4229=DIRECTION('ref_axis',(-0.38268343236509,-0.923879532511287,0.));
#4230=DIRECTION('',(1.,0.,0.));
#4231=DIRECTION('center_axis',(0.,0.,1.));
#4232=DIRECTION('ref_axis',(1.,0.,0.));
#4233=DIRECTION('',(-3.04170691678125E-16,1.,0.));
#4234=DIRECTION('center_axis',(0.,0.,-1.));
#4235=DIRECTION('ref_axis',(0.707106781186548,0.707106781186548,0.));
#4236=DIRECTION('',(-1.,-2.78717078528081E-16,0.));
#4237=DIRECTION('center_axis',(0.,0.,1.));
#4238=DIRECTION('ref_axis',(-0.707106781186544,-0.707106781186551,0.));
#4239=DIRECTION('',(-1.19378819852167E-16,1.,0.));
#4240=DIRECTION('center_axis',(0.,0.,-1.));
#4241=DIRECTION('ref_axis',(0.923879532511287,0.382683432365089,0.));
#4242=DIRECTION('',(-0.707106781186547,0.707106781186548,0.));
#4243=DIRECTION('center_axis',(0.,0.,-1.));
#4244=DIRECTION('ref_axis',(0.382683432365093,0.923879532511285,0.));
#4245=DIRECTION('',(-1.,0.,0.));
#4246=DIRECTION('center_axis',(0.,0.,1.));
#4247=DIRECTION('ref_axis',(1.,0.,0.));
#4248=DIRECTION('',(6.12323399573677E-17,-1.,0.));
#4249=DIRECTION('center_axis',(0.,0.,1.));
#4250=DIRECTION('ref_axis',(1.,0.,0.));
#4251=DIRECTION('',(-0.707106781186548,0.707106781186548,0.));
#4252=DIRECTION('',(0.,1.,0.));
#4253=DIRECTION('',(0.707106781186548,0.707106781186548,0.));
#4254=DIRECTION('',(1.,0.,0.));
#4255=DIRECTION('',(0.707106781186548,-0.707106781186548,0.));
#4256=DIRECTION('',(0.,-1.,0.));
#4257=DIRECTION('',(-0.707106781186547,-0.707106781186547,0.));
#4258=DIRECTION('',(-1.,0.,0.));
#4259=DIRECTION('center_axis',(0.,0.,1.));
#4260=DIRECTION('ref_axis',(1.,0.,0.));
#4261=DIRECTION('center_axis',(0.,0.,1.));
#4262=DIRECTION('ref_axis',(1.,0.,0.));
#4263=DIRECTION('',(0.,-1.,0.));
#4264=DIRECTION('',(-0.70710678118655,-0.707106781186545,0.));
#4265=DIRECTION('',(-1.,0.,0.));
#4266=DIRECTION('',(-0.707106781186544,0.707106781186551,0.));
#4267=DIRECTION('',(0.,1.,0.));
#4268=DIRECTION('',(0.707106781186551,0.707106781186544,0.));
#4269=DIRECTION('',(1.,0.,0.));
#4270=DIRECTION('',(0.707106781186549,-0.707106781186546,0.));
#4271=DIRECTION('',(0.,1.,0.));
#4272=DIRECTION('',(1.,0.,0.));
#4273=DIRECTION('',(0.,-1.,0.));
#4274=DIRECTION('',(-1.,0.,0.));
#4275=DIRECTION('center_axis',(0.,0.,1.));
#4276=DIRECTION('ref_axis',(1.,0.,0.));
#4277=DIRECTION('',(-0.707106781186548,0.707106781186548,0.));
#4278=DIRECTION('',(0.,1.,0.));
#4279=DIRECTION('',(0.707106781186548,0.707106781186548,0.));
#4280=DIRECTION('',(1.,0.,0.));
#4281=DIRECTION('',(0.707106781186548,-0.707106781186548,0.));
#4282=DIRECTION('',(0.,-1.,0.));
#4283=DIRECTION('',(-0.707106781186548,-0.707106781186548,0.));
#4284=DIRECTION('',(-1.,0.,0.));
#4285=DIRECTION('center_axis',(0.,0.,1.));
#4286=DIRECTION('ref_axis',(-0.382683432365091,0.923879532511286,0.));
#4287=DIRECTION('center_axis',(0.,0.,-1.));
#4288=DIRECTION('ref_axis',(-0.382683432365091,0.923879532511286,0.));
#4289=DIRECTION('',(0.,0.,1.));
#4290=DIRECTION('',(0.,0.,-1.));
#4291=DIRECTION('center_axis',(0.,-1.,0.));
#4292=DIRECTION('ref_axis',(1.,0.,0.));
#4293=DIRECTION('',(1.,0.,0.));
#4294=DIRECTION('',(0.,0.,-1.));
#4295=DIRECTION('center_axis',(0.,0.,1.));
#4296=DIRECTION('ref_axis',(0.382683432365089,0.923879532511287,0.));
#4297=DIRECTION('center_axis',(0.,0.,-1.));
#4298=DIRECTION('ref_axis',(0.382683432365089,0.923879532511287,0.));
#4299=DIRECTION('',(0.,0.,1.));
#4300=DIRECTION('center_axis',(-0.707106781186547,-0.707106781186548,0.));
#4301=DIRECTION('ref_axis',(0.,0.,1.));
#4302=DIRECTION('',(0.707106781186548,-0.707106781186547,0.));
#4303=DIRECTION('',(0.,0.,-1.));
#4304=DIRECTION('center_axis',(0.,0.,1.));
#4305=DIRECTION('ref_axis',(-0.38268343236509,-0.923879532511287,0.));
#4306=DIRECTION('center_axis',(0.,0.,1.));
#4307=DIRECTION('ref_axis',(-0.38268343236509,-0.923879532511287,0.));
#4308=DIRECTION('',(0.,0.,1.));
#4309=DIRECTION('center_axis',(0.707106781186548,4.3297802811768E-17,-0.707106781186548));
#4310=DIRECTION('ref_axis',(-0.707106781186548,0.,-0.707106781186548));
#4311=DIRECTION('',(0.,1.,6.12323399573582E-17));
#4312=DIRECTION('',(0.577350269189626,-0.577350269189626,0.577350269189626));
#4313=DIRECTION('',(0.,-1.,-6.12323399573582E-17));
#4314=DIRECTION('',(-0.577350269189626,-0.577350269189626,-0.577350269189626));
#4315=DIRECTION('center_axis',(3.29986647461954E-17,-0.707106781186548,
-0.707106781186548));
#4316=DIRECTION('ref_axis',(-1.,0.,-4.66671592242725E-17));
#4317=DIRECTION('',(1.,0.,4.66671592242725E-17));
#4318=DIRECTION('',(-0.577350269189626,-0.577350269189626,0.577350269189626));
#4319=DIRECTION('',(-1.,0.,-4.66671592242725E-17));
#4320=DIRECTION('center_axis',(-0.707106781186548,4.3297802811768E-17,-0.707106781186548));
#4321=DIRECTION('ref_axis',(-0.707106781186548,0.,0.707106781186548));
#4322=DIRECTION('',(0.,1.,6.12323399573582E-17));
#4323=DIRECTION('',(0.,-1.,-6.12323399573582E-17));
#4324=DIRECTION('',(-0.577350269189626,0.577350269189626,0.577350269189626));
#4325=DIRECTION('center_axis',(3.29986647461954E-17,0.707106781186548,-0.707106781186548));
#4326=DIRECTION('ref_axis',(-1.,0.,-4.66671592242725E-17));
#4327=DIRECTION('',(-1.,0.,-4.66671592242725E-17));
#4328=DIRECTION('',(0.,0.707106781186548,0.707106781186548));
#4329=DIRECTION('',(1.,0.,4.66671592242725E-17));
#4330=DIRECTION('center_axis',(3.29986647461954E-17,0.707106781186548,-0.707106781186547));
#4331=DIRECTION('ref_axis',(-1.,0.,-4.66671592242725E-17));
#4332=DIRECTION('',(1.,0.,4.66671592242725E-17));
#4333=DIRECTION('',(0.,-0.707106781186547,-0.707106781186548));
#4334=DIRECTION('',(-1.,0.,-4.66671592242725E-17));
#4335=DIRECTION('center_axis',(1.,0.,0.));
#4336=DIRECTION('ref_axis',(0.,0.,-1.));
#4337=DIRECTION('',(0.,1.,6.12323399573582E-17));
#4338=DIRECTION('',(0.,0.,-1.));
#4339=DIRECTION('',(0.,1.,0.));
#4340=DIRECTION('',(0.,0.,1.));
#4341=DIRECTION('center_axis',(4.66671592242725E-17,6.12323399573582E-17,
-1.));
#4342=DIRECTION('ref_axis',(-1.,0.,-4.66671592242725E-17));
#4343=DIRECTION('',(0.,-1.,-6.12323399573582E-17));
#4344=DIRECTION('',(1.,0.,4.66671592242725E-17));
#4345=DIRECTION('',(0.,-1.,-6.12323399573582E-17));
#4346=DIRECTION('',(-1.,0.,-4.66671592242725E-17));
#4347=DIRECTION('',(0.,1.,6.12323399573582E-17));
#4348=DIRECTION('',(1.,0.,4.66671592242725E-17));
#4349=DIRECTION('center_axis',(0.,1.,0.));
#4350=DIRECTION('ref_axis',(-1.,0.,0.));
#4351=DIRECTION('',(-1.,0.,3.52909362411483E-16));
#4352=DIRECTION('',(0.,0.,-1.));
#4353=DIRECTION('',(0.,0.,1.));
#4354=DIRECTION('',(1.,0.,0.));
#4355=DIRECTION('',(-1.,0.,0.));
#4356=DIRECTION('',(1.,0.,0.));
#4357=DIRECTION('',(0.,0.,-1.));
#4358=DIRECTION('center_axis',(0.,-0.707106781186544,-0.707106781186551));
#4359=DIRECTION('ref_axis',(-1.,0.,0.));
#4360=DIRECTION('',(0.,0.707106781186551,-0.707106781186544));
#4361=DIRECTION('',(-1.,0.,0.));
#4362=DIRECTION('',(0.,-0.707106781186551,0.707106781186544));
#4363=DIRECTION('',(1.,0.,0.));
#4364=DIRECTION('center_axis',(0.,1.04083408558608E-15,1.));
#4365=DIRECTION('ref_axis',(0.,1.,-1.04083408558608E-15));
#4366=DIRECTION('',(0.,-1.,1.04083408558608E-15));
#4367=DIRECTION('',(0.,1.,-1.04083408558608E-15));
#4368=DIRECTION('',(-1.,0.,0.));
#4369=DIRECTION('',(0.,-1.,1.04083408558608E-15));
#4370=DIRECTION('',(-1.,-2.78717078528081E-16,2.90098235567E-31));
#4371=DIRECTION('',(0.,1.,-1.04083408558608E-15));
#4372=DIRECTION('',(-1.,0.,0.));
#4373=DIRECTION('center_axis',(-0.707106781186563,7.40839939328918E-32,
-0.707106781186532));
#4374=DIRECTION('ref_axis',(-0.707106781186532,0.,0.707106781186563));
#4375=DIRECTION('',(0.,1.,1.04770588974664E-31));
#4376=DIRECTION('',(0.577350269189611,0.577350269189631,-0.577350269189635));
#4377=DIRECTION('',(0.,-1.,-1.04770588974664E-31));
#4378=DIRECTION('',(-0.57735026918961,0.577350269189634,0.577350269189634));
#4379=DIRECTION('center_axis',(-4.3297802811774E-17,-0.707106781186551,
-0.707106781186544));
#4380=DIRECTION('ref_axis',(-1.,0.,6.1232339957367E-17));
#4381=DIRECTION('',(1.,0.,-6.1232339957367E-17));
#4382=DIRECTION('',(-1.,0.,6.1232339957367E-17));
#4383=DIRECTION('',(0.577350269189611,-0.577350269189631,0.577350269189635));
#4384=DIRECTION('center_axis',(-4.32978028117742E-17,0.707106781186548,
-0.707106781186547));
#4385=DIRECTION('ref_axis',(-1.,0.,6.1232339957367E-17));
#4386=DIRECTION('',(1.,0.,-6.1232339957367E-17));
#4387=DIRECTION('',(-1.,0.,6.1232339957367E-17));
#4388=DIRECTION('',(0.577350269189609,0.577350269189635,0.577350269189633));
#4389=DIRECTION('center_axis',(0.707106781186562,7.40839939328919E-32,-0.707106781186533));
#4390=DIRECTION('ref_axis',(-0.707106781186533,0.,-0.707106781186562));
#4391=DIRECTION('',(0.,-1.,-1.04770588974664E-31));
#4392=DIRECTION('',(0.,1.,1.04770588974664E-31));
#4393=DIRECTION('center_axis',(0.,-1.,0.));
#4394=DIRECTION('ref_axis',(1.,0.,0.));
#4395=DIRECTION('',(0.,0.,1.));
#4396=DIRECTION('',(-1.,0.,0.));
#4397=DIRECTION('',(1.,0.,0.));
#4398=DIRECTION('',(-1.,0.,0.));
#4399=DIRECTION('',(0.,0.,-1.));
#4400=DIRECTION('center_axis',(-1.,0.,0.));
#4401=DIRECTION('ref_axis',(0.,-1.,0.));
#4402=DIRECTION('',(0.,0.,1.));
#4403=DIRECTION('',(0.,1.,0.));
#4404=DIRECTION('',(0.,-1.,0.));
#4405=DIRECTION('',(0.,1.,0.));
#4406=DIRECTION('center_axis',(-6.1232339957367E-17,1.04770588974664E-31,
-1.));
#4407=DIRECTION('ref_axis',(-1.,0.,6.1232339957367E-17));
#4408=DIRECTION('center_axis',(6.1232339957367E-17,-1.04770588974664E-31,
1.));
#4409=DIRECTION('ref_axis',(0.707106781186548,0.707106781186548,0.));
#4410=DIRECTION('',(-3.04170691678125E-16,1.,1.23395672172566E-31));
#4411=DIRECTION('',(1.,-3.73812466203757E-16,-6.1232339957367E-17));
#4412=DIRECTION('',(0.,-1.,-1.04770588974664E-31));
#4413=DIRECTION('',(-1.,0.,6.1232339957367E-17));
#4414=DIRECTION('center_axis',(0.70710678118654,7.40839939328943E-32,-0.707106781186555));
#4415=DIRECTION('ref_axis',(-0.707106781186555,0.,-0.70710678118654));
#4416=DIRECTION('',(0.,1.,1.04770588974664E-31));
#4417=DIRECTION('',(0.707106781186555,0.,0.70710678118654));
#4418=DIRECTION('',(0.,-1.,-1.04770588974664E-31));
#4419=DIRECTION('',(-0.577350269189635,-0.57735026918962,-0.577350269189622));
#4420=DIRECTION('center_axis',(-0.707106781186556,7.40839939328925E-32,
-0.707106781186539));
#4421=DIRECTION('ref_axis',(-0.707106781186539,0.,0.707106781186556));
#4422=DIRECTION('',(0.,1.,1.04770588974664E-31));
#4423=DIRECTION('',(0.707106781186539,0.,-0.707106781186556));
#4424=DIRECTION('',(0.,-1.,-1.04770588974664E-31));
#4425=DIRECTION('',(-0.577350269189618,0.577350269189629,0.577350269189631));
#4426=DIRECTION('center_axis',(-4.32978028117742E-17,0.707106781186548,
-0.707106781186547));
#4427=DIRECTION('ref_axis',(-1.,0.,6.1232339957367E-17));
#4428=DIRECTION('',(1.,0.,-6.1232339957367E-17));
#4429=DIRECTION('',(-1.,0.,6.1232339957367E-17));
#4430=DIRECTION('center_axis',(-6.1232339957367E-17,1.04770588974664E-31,
-1.));
#4431=DIRECTION('ref_axis',(-1.,0.,6.1232339957367E-17));
#4432=DIRECTION('',(1.,0.,-6.1232339957367E-17));
#4433=DIRECTION('',(0.,1.,1.04770588974664E-31));
#4434=DIRECTION('',(1.,3.73812466203757E-16,-6.1232339957367E-17));
#4435=DIRECTION('',(0.,-1.,-1.04770588974664E-31));
#4436=DIRECTION('',(1.,0.,-6.1232339957367E-17));
#4437=DIRECTION('center_axis',(0.,-1.,0.));
#4438=DIRECTION('ref_axis',(0.,0.,1.));
#4439=DIRECTION('',(0.,0.,1.));
#4440=DIRECTION('',(0.,0.,1.));
#4441=DIRECTION('center_axis',(-0.707106781186548,-4.11819848626975E-31,
-0.707106781186548));
#4442=DIRECTION('ref_axis',(-0.707106781186548,0.,0.707106781186548));
#4443=DIRECTION('',(0.577350269189623,0.577350269189635,-0.577350269189619));
#4444=DIRECTION('',(0.,-1.,5.82401215182703E-31));
#4445=DIRECTION('',(-0.577350269189626,0.577350269189626,0.577350269189626));
#4446=DIRECTION('center_axis',(8.55459871795664E-16,-0.70710678118654,-0.707106781186555));
#4447=DIRECTION('ref_axis',(-1.,0.,-1.20980295275936E-15));
#4448=DIRECTION('',(1.,0.,1.20980295275936E-15));
#4449=DIRECTION('center_axis',(4.47643654284964E-16,0.707106781186548,-0.707106781186548));
#4450=DIRECTION('ref_axis',(-1.,0.,-6.33063727000049E-16));
#4451=DIRECTION('',(-1.,-5.76739225759315E-16,-1.20980295275936E-15));
#4452=DIRECTION('center_axis',(8.55459871795659E-16,-0.707106781186544,
-0.707106781186551));
#4453=DIRECTION('ref_axis',(-1.,0.,-1.20980295275936E-15));
#4454=DIRECTION('',(1.,0.,1.20980295275936E-15));
#4455=DIRECTION('',(-0.577350269189624,-0.57735026918963,0.577350269189624));
#4456=DIRECTION('center_axis',(-0.707106781186548,-4.11819848626975E-31,
-0.707106781186548));
#4457=DIRECTION('ref_axis',(-0.707106781186548,0.,0.707106781186548));
#4458=DIRECTION('',(0.,-1.,5.82401215182703E-31));
#4459=DIRECTION('',(-0.577350269189626,0.577350269189626,0.577350269189626));
#4460=DIRECTION('center_axis',(1.26327608930635E-15,0.707106781186548,-0.707106781186548));
#4461=DIRECTION('ref_axis',(-1.,0.,-1.78654217851868E-15));
#4462=DIRECTION('',(-1.,5.76739225759315E-16,-1.20980295275936E-15));
#4463=DIRECTION('',(1.,-5.76739225759315E-16,1.20980295275936E-15));
#4464=DIRECTION('center_axis',(5.76739225759315E-16,1.,0.));
#4465=DIRECTION('ref_axis',(-1.,5.76739225759315E-16,0.));
#4466=DIRECTION('center_axis',(8.55459871795654E-16,-0.707106781186548,
-0.707106781186548));
#4467=DIRECTION('ref_axis',(-1.,0.,-1.20980295275936E-15));
#4468=DIRECTION('',(1.,0.,1.20980295275936E-15));
#4469=DIRECTION('',(-0.577350269189624,-0.577350269189627,0.577350269189627));
#4470=DIRECTION('center_axis',(-0.70710678118655,-1.86826803746286E-16,
-0.707106781186546));
#4471=DIRECTION('ref_axis',(-0.707106781186545,0.,0.707106781186549));
#4472=DIRECTION('',(2.64212999672812E-16,-1.,9.0204688234428E-31));
#4473=DIRECTION('',(-0.577350269189625,0.577350269189628,0.577350269189625));
#4474=DIRECTION('center_axis',(8.55459871795657E-16,0.707106781186546,-0.707106781186549));
#4475=DIRECTION('ref_axis',(-1.,0.,-1.20980295275936E-15));
#4476=DIRECTION('',(-1.,0.,-1.20980295275936E-15));
#4477=DIRECTION('center_axis',(0.,0.,1.));
#4478=DIRECTION('ref_axis',(0.382683432365093,0.923879532511285,0.));
#4479=DIRECTION('',(0.,0.,-1.));
#4480=DIRECTION('center_axis',(0.,0.,1.));
#4481=DIRECTION('ref_axis',(0.382683432365093,0.923879532511285,0.));
#4482=DIRECTION('',(0.,0.,1.));
#4483=DIRECTION('center_axis',(0.,1.,0.));
#4484=DIRECTION('ref_axis',(-1.,0.,0.));
#4485=DIRECTION('',(1.,0.,0.));
#4486=DIRECTION('',(0.,0.,1.));
#4487=DIRECTION('center_axis',(0.,0.,1.));
#4488=DIRECTION('ref_axis',(1.,0.,0.));
#4489=DIRECTION('',(0.707106781186547,-0.707106781186548,0.));
#4490=DIRECTION('center_axis',(0.,0.,1.));
#4491=DIRECTION('ref_axis',(0.923879532511287,0.382683432365089,0.));
#4492=DIRECTION('',(1.19378819852167E-16,-1.,0.));
#4493=DIRECTION('',(-1.,4.7751527405331E-16,0.));
#4494=DIRECTION('',(6.12323399573677E-17,-1.,0.));
#4495=DIRECTION('center_axis',(0.,0.,1.));
#4496=DIRECTION('ref_axis',(1.,0.,0.));
#4497=DIRECTION('center_axis',(0.,0.,-1.));
#4498=DIRECTION('ref_axis',(1.,0.,0.));
#4499=DIRECTION('center_axis',(0.,0.,1.));
#4500=DIRECTION('ref_axis',(0.923879532511287,0.382683432365089,0.));
#4501=DIRECTION('',(0.,0.,-1.));
#4502=DIRECTION('',(0.,0.,1.));
#4503=DIRECTION('center_axis',(1.,1.19378819852167E-16,0.));
#4504=DIRECTION('ref_axis',(-1.19378819852167E-16,1.,0.));
#4505=DIRECTION('',(0.,0.,1.));
#4506=DIRECTION('',(-1.19378819852167E-16,1.,0.));
#4507=DIRECTION('',(0.,0.,-1.));
#4508=DIRECTION('',(-6.23650727235859E-17,-1.,5.06951766052656E-31));
#4509=DIRECTION('',(0.,0.,-1.));
#4510=DIRECTION('center_axis',(0.,0.,1.));
#4511=DIRECTION('ref_axis',(0.707106781186548,0.707106781186548,0.));
#4512=DIRECTION('',(0.,0.,-1.));
#4513=DIRECTION('',(0.,0.,1.));
#4514=DIRECTION('center_axis',(-2.78717078528081E-16,1.,0.));
#4515=DIRECTION('ref_axis',(-1.,-2.78717078528081E-16,0.));
#4516=DIRECTION('',(0.,0.,-1.));
#4517=DIRECTION('center_axis',(-2.78717078528081E-16,1.,0.));
#4518=DIRECTION('ref_axis',(0.707106781186546,0.,0.707106781186549));
#4519=DIRECTION('',(1.,2.78717078528081E-16,0.));
#4520=DIRECTION('center_axis',(-2.78717078528081E-16,1.,0.));
#4521=DIRECTION('ref_axis',(-0.707106781186546,0.,0.707106781186549));
#4522=DIRECTION('',(0.,0.,-1.));
#4523=DIRECTION('',(0.,0.,-1.));
#4524=DIRECTION('center_axis',(-2.78717078528081E-16,1.,0.));
#4525=DIRECTION('ref_axis',(0.707106781186546,0.,0.707106781186549));
#4526=DIRECTION('',(1.,2.78717078528081E-16,0.));
#4527=DIRECTION('center_axis',(-2.78717078528081E-16,1.,0.));
#4528=DIRECTION('ref_axis',(-0.707106781186546,0.,0.707106781186549));
#4529=DIRECTION('',(0.,0.,1.));
#4530=DIRECTION('',(1.,2.78717078528081E-16,-1.73472347597681E-15));
#4531=DIRECTION('',(0.707106781186575,1.97082736259717E-16,-0.70710678118652));
#4532=DIRECTION('center_axis',(2.78717078528081E-16,-1.,0.));
#4533=DIRECTION('ref_axis',(-1.,0.,2.35513868802587E-14));
#4534=DIRECTION('',(-0.707106781186606,-1.97082736259726E-16,-0.70710678118649));
#4535=DIRECTION('',(0.,0.,-1.));
#4536=DIRECTION('',(1.,2.78717078528081E-16,0.));
#4537=DIRECTION('',(0.,0.,1.));
#4538=DIRECTION('',(-0.707106781186606,-1.97082736259726E-16,0.70710678118649));
#4539=DIRECTION('center_axis',(2.78717078528081E-16,-1.,0.));
#4540=DIRECTION('ref_axis',(1.,0.,1.96261557335483E-14));
#4541=DIRECTION('',(0.707106781186575,1.97082736259717E-16,0.70710678118652));
#4542=DIRECTION('',(1.,2.78717078528081E-16,1.73472347597681E-15));
#4543=DIRECTION('',(0.,0.,-1.));
#4544=DIRECTION('center_axis',(-2.78717078528081E-16,1.,0.));
#4545=DIRECTION('ref_axis',(0.707106781186549,0.,0.707106781186546));
#4546=DIRECTION('',(1.,2.78717078528081E-16,0.));
#4547=DIRECTION('',(0.,0.,-1.));
#4548=DIRECTION('center_axis',(0.,0.,1.));
#4549=DIRECTION('ref_axis',(-0.707106781186544,-0.707106781186551,0.));
#4550=DIRECTION('center_axis',(0.,-0.707106781186549,-0.707106781186546));
#4551=DIRECTION('ref_axis',(4.90653893338679E-17,-0.707106781186546,0.707106781186549));
#4552=DIRECTION('center_axis',(0.,-1.,0.));
#4553=DIRECTION('ref_axis',(0.,0.,1.));
#4554=DIRECTION('',(0.,0.,-1.));
#4555=DIRECTION('',(0.,0.,1.));
#4556=DIRECTION('center_axis',(-1.,0.,0.));
#4557=DIRECTION('ref_axis',(0.,1.,0.));
#4558=DIRECTION('',(0.,0.,-1.));
#4559=DIRECTION('',(0.,-1.,0.));
#4560=DIRECTION('center_axis',(0.707106781186548,-0.707106781186548,0.));
#4561=DIRECTION('ref_axis',(0.,0.,-1.));
#4562=DIRECTION('',(0.707106781186548,0.707106781186548,0.));
#4563=DIRECTION('center_axis',(0.,0.,1.));
#4564=DIRECTION('ref_axis',(1.,0.,0.));
#4565=DIRECTION('center_axis',(0.,0.,1.));
#4566=DIRECTION('ref_axis',(1.,0.,0.));
#4567=DIRECTION('',(6.12323399573677E-17,-1.,0.));
#4568=DIRECTION('',(-1.,-2.38757637026655E-16,0.));
#4569=DIRECTION('',(1.19378819852167E-16,-1.,0.));
#4570=DIRECTION('',(0.,1.,0.));
#4571=DIRECTION('',(-1.,0.,0.));
#4572=DIRECTION('',(0.,1.,0.));
#4573=DIRECTION('',(-1.,0.,0.));
#4574=DIRECTION('',(0.,-1.,0.));
#4575=DIRECTION('',(-1.,0.,0.));
#4576=DIRECTION('',(0.,-1.,0.));
#4577=DIRECTION('',(0.,1.,0.));
#4578=DIRECTION('',(-1.,-3.73812466203757E-16,0.));
#4579=DIRECTION('',(0.,-1.,0.));
#4580=DIRECTION('',(0.,1.,0.));
#4581=DIRECTION('',(1.,-3.73812466203757E-16,0.));
#4582=DIRECTION('',(-3.04170691678125E-16,1.,0.));
#4583=DIRECTION('center_axis',(0.,0.,1.));
#4584=DIRECTION('ref_axis',(1.,0.,0.));
#4585=DIRECTION('',(1.,0.,0.));
#4586=DIRECTION('center_axis',(0.,0.,-1.));
#4587=DIRECTION('ref_axis',(1.,0.,0.));
#4588=DIRECTION('center_axis',(0.,0.,-1.));
#4589=DIRECTION('ref_axis',(1.,0.,0.));
#4590=DIRECTION('',(1.,0.,0.));
#4591=DIRECTION('',(0.,-1.,0.));
#4592=DIRECTION('',(1.,0.,0.));
#4593=DIRECTION('',(0.,1.,0.));
#4594=DIRECTION('center_axis',(0.,-0.707106781186547,0.707106781186548));
#4595=DIRECTION('ref_axis',(1.,0.,0.));
#4596=DIRECTION('',(-0.281084637714823,0.678598344545847,0.678598344545846));
#4597=DIRECTION('',(1.,0.,0.));
#4598=DIRECTION('',(-0.281084637714823,-0.678598344545847,-0.678598344545846));
#4599=DIRECTION('center_axis',(0.,-1.,0.));
#4600=DIRECTION('ref_axis',(1.,0.,0.));
#4601=DIRECTION('',(0.,0.,1.));
#4602=DIRECTION('',(-1.,0.,0.));
#4603=DIRECTION('',(-1.,0.,0.));
#4604=DIRECTION('',(0.,0.,1.));
#4605=DIRECTION('center_axis',(0.499999999999999,-0.499999999999999,0.707106781186549));
#4606=DIRECTION('ref_axis',(0.816496580927727,0.,-0.577350269189624));
#4607=DIRECTION('',(-0.678598344545847,0.281084637714823,0.678598344545846));
#4608=DIRECTION('',(-0.707106781186548,-0.707106781186548,0.));
#4609=DIRECTION('center_axis',(0.707106781186547,0.,0.707106781186548));
#4610=DIRECTION('ref_axis',(0.707106781186548,0.,-0.707106781186547));
#4611=DIRECTION('',(-0.678598344545847,-0.281084637714823,0.678598344545846));
#4612=DIRECTION('',(0.,1.,0.));
#4613=DIRECTION('center_axis',(1.,0.,0.));
#4614=DIRECTION('ref_axis',(0.,1.,0.));
#4615=DIRECTION('',(0.,-1.,0.));
#4616=DIRECTION('',(0.,-1.,0.));
#4617=DIRECTION('',(0.,0.,1.));
#4618=DIRECTION('center_axis',(-0.707106781186547,0.,0.707106781186548));
#4619=DIRECTION('ref_axis',(0.707106781186548,0.,0.707106781186547));
#4620=DIRECTION('',(0.678598344545847,0.281084637714823,0.678598344545846));
#4621=DIRECTION('',(0.,-1.,0.));
#4622=DIRECTION('',(-0.678598344545847,0.28108463771482,-0.678598344545847));
#4623=DIRECTION('center_axis',(-1.,0.,0.));
#4624=DIRECTION('ref_axis',(0.,-1.,0.));
#4625=DIRECTION('',(0.,0.,-1.));
#4626=DIRECTION('',(0.,1.,0.));
#4627=DIRECTION('',(0.,1.,0.));
#4628=DIRECTION('center_axis',(-0.499999999999999,-0.499999999999999,0.707106781186549));
#4629=DIRECTION('ref_axis',(0.816496580927727,0.,0.577350269189624));
#4630=DIRECTION('',(-0.707106781186547,0.707106781186547,0.));
#4631=DIRECTION('center_axis',(0.499999999999999,0.499999999999999,0.707106781186549));
#4632=DIRECTION('ref_axis',(0.816496580927727,0.,-0.577350269189624));
#4633=DIRECTION('',(-0.281084637714825,-0.678598344545845,0.678598344545847));
#4634=DIRECTION('',(0.707106781186548,-0.707106781186548,0.));
#4635=DIRECTION('center_axis',(0.,0.707106781186548,0.707106781186547));
#4636=DIRECTION('ref_axis',(1.,0.,0.));
#4637=DIRECTION('',(0.281084637714822,-0.678598344545846,0.678598344545847));
#4638=DIRECTION('',(-1.,0.,0.));
#4639=DIRECTION('center_axis',(0.,1.,0.));
#4640=DIRECTION('ref_axis',(-1.,0.,0.));
#4641=DIRECTION('',(1.,0.,0.));
#4642=DIRECTION('',(1.,0.,0.));
#4643=DIRECTION('center_axis',(-0.5,0.5,0.707106781186548));
#4644=DIRECTION('ref_axis',(0.816496580927726,0.,0.577350269189626));
#4645=DIRECTION('',(0.707106781186548,0.707106781186548,0.));
#4646=DIRECTION('center_axis',(0.,-0.707106781186547,0.707106781186548));
#4647=DIRECTION('ref_axis',(1.,0.,0.));
#4648=DIRECTION('',(-0.281084637714823,0.678598344545847,0.678598344545846));
#4649=DIRECTION('',(-0.281084637714823,-0.678598344545847,-0.678598344545846));
#4650=DIRECTION('center_axis',(0.499999999999999,-0.499999999999999,0.707106781186549));
#4651=DIRECTION('ref_axis',(0.816496580927727,0.,-0.577350269189624));
#4652=DIRECTION('',(-0.678598344545847,0.281084637714823,0.678598344545846));
#4653=DIRECTION('',(-0.707106781186547,-0.707106781186547,0.));
#4654=DIRECTION('center_axis',(0.707106781186547,0.,0.707106781186548));
#4655=DIRECTION('ref_axis',(0.707106781186548,0.,-0.707106781186547));
#4656=DIRECTION('',(-0.678598344545847,-0.281084637714823,0.678598344545846));
#4657=DIRECTION('',(0.,1.,0.));
#4658=DIRECTION('center_axis',(1.,0.,0.));
#4659=DIRECTION('ref_axis',(0.,1.,0.));
#4660=DIRECTION('',(0.,-1.,0.));
#4661=DIRECTION('',(0.,-1.,0.));
#4662=DIRECTION('',(0.,0.,1.));
#4663=DIRECTION('center_axis',(-0.707106781186547,0.,0.707106781186548));
#4664=DIRECTION('ref_axis',(0.707106781186548,0.,0.707106781186547));
#4665=DIRECTION('',(0.678598344545847,0.281084637714823,0.678598344545846));
#4666=DIRECTION('',(-0.678598344545847,0.281084637714821,-0.678598344545847));
#4667=DIRECTION('center_axis',(-0.499999999999999,-0.499999999999999,0.707106781186549));
#4668=DIRECTION('ref_axis',(0.816496580927727,0.,0.577350269189624));
#4669=DIRECTION('',(-0.707106781186548,0.707106781186548,0.));
#4670=DIRECTION('center_axis',(0.499999999999999,0.499999999999999,0.707106781186549));
#4671=DIRECTION('ref_axis',(0.816496580927727,0.,-0.577350269189624));
#4672=DIRECTION('',(-0.281084637714825,-0.678598344545845,0.678598344545847));
#4673=DIRECTION('',(0.707106781186548,-0.707106781186548,0.));
#4674=DIRECTION('center_axis',(0.,0.707106781186548,0.707106781186547));
#4675=DIRECTION('ref_axis',(1.,0.,0.));
#4676=DIRECTION('',(0.281084637714824,-0.678598344545846,0.678598344545847));
#4677=DIRECTION('',(-1.,0.,0.));
#4678=DIRECTION('center_axis',(0.,1.,0.));
#4679=DIRECTION('ref_axis',(-1.,0.,0.));
#4680=DIRECTION('',(1.,0.,0.));
#4681=DIRECTION('',(1.,0.,0.));
#4682=DIRECTION('center_axis',(-0.5,0.5,0.707106781186548));
#4683=DIRECTION('ref_axis',(0.816496580927727,0.,0.577350269189625));
#4684=DIRECTION('',(0.707106781186548,0.707106781186548,0.));
#4685=DIRECTION('center_axis',(0.,0.,1.));
#4686=DIRECTION('ref_axis',(1.,0.,0.));
#4687=DIRECTION('',(0.707106781186548,8.65956056235494E-17,-0.707106781186547));
#4688=DIRECTION('center_axis',(0.,0.,-1.));
#4689=DIRECTION('ref_axis',(1.,0.,0.));
#4690=DIRECTION('center_axis',(0.,0.,1.));
#4691=DIRECTION('ref_axis',(1.,0.,0.));
#4692=DIRECTION('',(0.,0.,-1.));
#4693=DIRECTION('center_axis',(0.,0.,1.));
#4694=DIRECTION('ref_axis',(1.,0.,0.));
#4695=DIRECTION('',(0.707106781186547,8.65956056235493E-17,-0.707106781186548));
#4696=DIRECTION('center_axis',(0.,0.,-1.));
#4697=DIRECTION('ref_axis',(1.,0.,0.));
#4698=DIRECTION('center_axis',(0.,0.,1.));
#4699=DIRECTION('ref_axis',(1.,0.,0.));
#4700=DIRECTION('',(0.,0.,-1.));
#4701=DIRECTION('center_axis',(0.,0.,1.));
#4702=DIRECTION('ref_axis',(1.,0.,0.));
#4703=DIRECTION('',(0.707106781186545,8.6595605623549E-17,-0.70710678118655));
#4704=DIRECTION('center_axis',(0.,0.,-1.));
#4705=DIRECTION('ref_axis',(1.,0.,0.));
#4706=DIRECTION('center_axis',(0.,0.,1.));
#4707=DIRECTION('ref_axis',(1.,0.,0.));
#4708=DIRECTION('',(0.,0.,-1.));
#4709=DIRECTION('center_axis',(0.5,0.500000000000002,0.707106781186546));
#4710=DIRECTION('ref_axis',(0.816496580927725,0.,-0.577350269189627));
#4711=DIRECTION('',(-0.281084637714816,-0.678598344545848,0.678598344545848));
#4712=DIRECTION('',(0.707106781186549,-0.707106781186546,0.));
#4713=DIRECTION('',(0.678598344545848,0.281084637714817,-0.678598344545847));
#4714=DIRECTION('center_axis',(-0.499999999999998,0.500000000000002,0.707106781186547));
#4715=DIRECTION('ref_axis',(0.816496580927727,0.,0.577350269189624));
#4716=DIRECTION('',(-0.281084637714817,0.678598344545848,-0.678598344545847));
#4717=DIRECTION('',(0.678598344545847,-0.28108463771482,0.678598344545847));
#4718=DIRECTION('',(0.707106781186551,0.707106781186544,0.));
#4719=DIRECTION('center_axis',(-0.500000000000002,-0.499999999999997,0.707106781186548));
#4720=DIRECTION('ref_axis',(0.816496580927725,0.,0.577350269189627));
#4721=DIRECTION('',(0.281084637714823,0.678598344545847,0.678598344545846));
#4722=DIRECTION('',(-0.707106781186544,0.707106781186551,0.));
#4723=DIRECTION('',(-0.678598344545848,-0.281084637714819,-0.678598344545847));
#4724=DIRECTION('center_axis',(-0.707106781186547,0.,0.707106781186548));
#4725=DIRECTION('ref_axis',(0.707106781186548,0.,0.707106781186547));
#4726=DIRECTION('',(0.,-1.,0.));
#4727=DIRECTION('center_axis',(-1.,0.,0.));
#4728=DIRECTION('ref_axis',(0.,-1.,0.));
#4729=DIRECTION('',(0.,1.,0.));
#4730=DIRECTION('',(0.,1.,0.));
#4731=DIRECTION('',(0.,0.,1.));
#4732=DIRECTION('center_axis',(0.,0.707106781186547,0.707106781186548));
#4733=DIRECTION('ref_axis',(1.,0.,0.));
#4734=DIRECTION('center_axis',(0.499999999999999,-0.500000000000002,0.707106781186546));
#4735=DIRECTION('ref_axis',(0.816496580927726,0.,-0.577350269189626));
#4736=DIRECTION('',(0.281084637714815,-0.678598344545848,-0.678598344545848));
#4737=DIRECTION('',(-0.678598344545848,0.281084637714817,0.678598344545847));
#4738=DIRECTION('',(-0.70710678118655,-0.707106781186545,0.));
#4739=DIRECTION('center_axis',(0.707106781186547,0.,0.707106781186548));
#4740=DIRECTION('ref_axis',(0.707106781186548,0.,-0.707106781186547));
#4741=DIRECTION('',(0.,1.,0.));
#4742=DIRECTION('center_axis',(1.,0.,0.));
#4743=DIRECTION('ref_axis',(0.,1.,0.));
#4744=DIRECTION('',(0.,0.,1.));
#4745=DIRECTION('',(0.,-1.,0.));
#4746=DIRECTION('',(0.,-1.,0.));
#4747=DIRECTION('center_axis',(0.,-0.707106781186547,0.707106781186548));
#4748=DIRECTION('ref_axis',(1.,0.,0.));
#4749=DIRECTION('',(1.,0.,0.));
#4750=DIRECTION('center_axis',(0.,-1.,0.));
#4751=DIRECTION('ref_axis',(1.,0.,0.));
#4752=DIRECTION('',(-1.,0.,0.));
#4753=DIRECTION('',(-1.,0.,0.));
#4754=DIRECTION('center_axis',(0.,0.,-1.));
#4755=DIRECTION('ref_axis',(-1.,0.,0.));
#4756=DIRECTION('center_axis',(0.,0.,-1.));
#4757=DIRECTION('ref_axis',(-1.,0.,0.));
#4758=DIRECTION('center_axis',(0.,0.,-1.));
#4759=DIRECTION('ref_axis',(-1.,0.,0.));
#4760=DIRECTION('center_axis',(0.,0.,-1.));
#4761=DIRECTION('ref_axis',(-1.,0.,0.));
#4762=DIRECTION('center_axis',(0.,0.,-1.));
#4763=DIRECTION('ref_axis',(-1.,0.,0.));
#4764=DIRECTION('center_axis',(0.,0.,-1.));
#4765=DIRECTION('ref_axis',(-1.,0.,0.));
#4766=DIRECTION('center_axis',(0.,0.,-1.));
#4767=DIRECTION('ref_axis',(-1.,0.,0.));
#4768=DIRECTION('center_axis',(0.,0.,-1.));
#4769=DIRECTION('ref_axis',(-1.,0.,0.));
#4770=DIRECTION('center_axis',(-1.,0.,0.));
#4771=DIRECTION('ref_axis',(0.,-0.707106781186548,0.707106781186547));
#4772=DIRECTION('',(-1.,0.,0.));
#4773=DIRECTION('center_axis',(-0.707106781186548,-0.707106781186548,0.));
#4774=DIRECTION('ref_axis',(0.707106781186548,-0.707106781186548,0.));
#4775=DIRECTION('center_axis',(0.707106781186549,-0.707106781186546,0.));
#4776=DIRECTION('ref_axis',(0.707106781186546,0.707106781186549,0.));
#4777=DIRECTION('center_axis',(0.,-1.,0.));
#4778=DIRECTION('ref_axis',(0.707106781186549,0.,0.707106781186546));
#4779=DIRECTION('',(0.,-1.,0.));
#4780=DIRECTION('center_axis',(0.,-1.,0.));
#4781=DIRECTION('ref_axis',(0.707106781186549,0.,0.707106781186546));
#4782=DIRECTION('center_axis',(0.,1.,0.));
#4783=DIRECTION('ref_axis',(-0.707106781186546,0.,0.707106781186549));
#4784=DIRECTION('center_axis',(0.,-1.,0.));
#4785=DIRECTION('ref_axis',(-0.707106781186546,0.,0.707106781186549));
#4786=DIRECTION('',(0.,1.,0.));
#4787=DIRECTION('center_axis',(-1.,0.,0.));
#4788=DIRECTION('ref_axis',(0.,1.,0.));
#4789=DIRECTION('',(0.,0.,-1.));
#4790=DIRECTION('',(0.,0.,-1.));
#4791=DIRECTION('center_axis',(0.,1.,0.));
#4792=DIRECTION('ref_axis',(1.,0.,0.));
#4793=DIRECTION('',(0.,0.,-1.));
#4794=DIRECTION('center_axis',(1.,0.,0.));
#4795=DIRECTION('ref_axis',(0.,-1.,0.));
#4796=DIRECTION('',(0.,0.,-1.));
#4797=DIRECTION('center_axis',(1.,2.38757637026655E-16,0.));
#4798=DIRECTION('ref_axis',(0.,0.707106781186548,0.707106781186547));
#4799=DIRECTION('center_axis',(-1.,-6.12323399573677E-17,0.));
#4800=DIRECTION('ref_axis',(0.,0.707106781186548,0.707106781186547));
#4801=DIRECTION('',(1.,2.38757637026655E-16,0.));
#4802=DIRECTION('center_axis',(0.707106781186544,0.707106781186551,0.));
#4803=DIRECTION('ref_axis',(-0.707106781186551,0.707106781186544,0.));
#4804=DIRECTION('center_axis',(-1.19378819852167E-16,1.,0.));
#4805=DIRECTION('ref_axis',(-0.707106781186548,0.,0.707106781186547));
#4806=DIRECTION('center_axis',(0.,-1.,0.));
#4807=DIRECTION('ref_axis',(0.707106781186549,0.,0.707106781186546));
#4808=DIRECTION('',(0.,-1.,0.));
#4809=DIRECTION('center_axis',(0.707106781186547,-0.707106781186548,0.));
#4810=DIRECTION('ref_axis',(0.707106781186548,0.707106781186547,0.));
#4811=DIRECTION('center_axis',(1.,0.,0.));
#4812=DIRECTION('ref_axis',(0.,0.707106781186548,0.707106781186547));
#4813=DIRECTION('',(1.,0.,0.));
#4814=DIRECTION('center_axis',(1.,0.,0.));
#4815=DIRECTION('ref_axis',(0.,0.707106781186548,0.707106781186547));
#4816=DIRECTION('center_axis',(0.,1.,0.));
#4817=DIRECTION('ref_axis',(-0.707106781186546,0.,0.707106781186549));
#4818=DIRECTION('',(0.,1.,0.));
#4819=DIRECTION('center_axis',(-0.707106781186548,-0.707106781186547,0.));
#4820=DIRECTION('ref_axis',(0.707106781186547,-0.707106781186548,0.));
#4821=DIRECTION('center_axis',(1.,0.,0.));
#4822=DIRECTION('ref_axis',(0.,0.707106781186548,0.707106781186547));
#4823=DIRECTION('center_axis',(-1.,0.,0.));
#4824=DIRECTION('ref_axis',(0.,0.707106781186548,0.707106781186547));
#4825=DIRECTION('',(1.,0.,0.));
#4826=DIRECTION('center_axis',(1.,0.,0.));
#4827=DIRECTION('ref_axis',(0.,0.,-1.));
#4828=DIRECTION('',(0.,0.,1.));
#4829=DIRECTION('',(0.,1.,0.));
#4830=DIRECTION('center_axis',(0.,-1.,0.));
#4831=DIRECTION('ref_axis',(1.,0.,0.));
#4832=DIRECTION('',(0.,0.,1.));
#4833=DIRECTION('',(-1.,0.,-1.73472347597681E-15));
#4834=DIRECTION('',(-0.707106781186575,0.,-0.70710678118652));
#4835=DIRECTION('center_axis',(0.,1.,0.));
#4836=DIRECTION('ref_axis',(1.,0.,1.96261557335483E-14));
#4837=DIRECTION('',(-0.707106781186606,0.,0.70710678118649));
#4838=DIRECTION('',(0.0461047666084078,0.,-0.998936609848685));
#4839=DIRECTION('',(1.,0.,0.));
#4840=DIRECTION('',(5.73018335290407E-15,0.,1.));
#4841=DIRECTION('',(0.707106781186606,0.,0.70710678118649));
#4842=DIRECTION('center_axis',(0.,1.,0.));
#4843=DIRECTION('ref_axis',(-1.,0.,2.35513868802587E-14));
#4844=DIRECTION('',(0.707106781186575,0.,-0.70710678118652));
#4845=DIRECTION('',(1.,0.,-1.73472347597681E-15));
#4846=DIRECTION('',(0.,0.,1.));
#4847=DIRECTION('',(0.,0.,1.));
#4848=DIRECTION('center_axis',(0.,-1.,0.));
#4849=DIRECTION('ref_axis',(0.707106781186546,0.,0.707106781186549));
#4850=DIRECTION('center_axis',(0.70710678118655,-0.707106781186545,7.85046229341885E-16));
#4851=DIRECTION('ref_axis',(0.707106781186545,0.70710678118655,7.8504622934188E-16));
#4852=DIRECTION('center_axis',(1.,3.73812466203757E-16,0.));
#4853=DIRECTION('ref_axis',(0.,0.707106781186548,0.707106781186547));
#4854=DIRECTION('',(1.,3.73812466203757E-16,0.));
#4855=DIRECTION('center_axis',(0.707106781186549,0.707106781186546,-7.85046229341885E-16));
#4856=DIRECTION('ref_axis',(-0.707106781186546,0.70710678118655,-7.8504622934189E-16));
#4857=DIRECTION('center_axis',(0.,1.,0.));
#4858=DIRECTION('ref_axis',(-0.707106781186546,0.,0.707106781186549));
#4859=DIRECTION('',(0.,1.,0.));
#4860=DIRECTION('center_axis',(0.,-1.,0.));
#4861=DIRECTION('ref_axis',(0.707106781186546,0.,0.707106781186549));
#4862=DIRECTION('center_axis',(-3.73812466203757E-16,-1.,0.));
#4863=DIRECTION('ref_axis',(0.707106781186546,0.,0.707106781186549));
#4864=DIRECTION('',(0.,-1.,0.));
#4865=DIRECTION('center_axis',(0.706354850799481,-0.707106781186572,0.0326009931138271));
#4866=DIRECTION('ref_axis',(0.0461047666084078,0.,-0.998936609848685));
#4867=DIRECTION('',(0.586423172932176,0.558762672783743,-0.58642317293208));
#4868=DIRECTION('',(-0.0461047666084078,0.,0.998936609848685));
#4869=DIRECTION('',(0.707482846276279,0.706730515985276,0.));
#4870=DIRECTION('center_axis',(0.998936609848685,0.,0.0461047666084078));
#4871=DIRECTION('ref_axis',(0.0461047666084078,0.,-0.998936609848685));
#4872=DIRECTION('',(0.,1.,0.));
#4873=DIRECTION('',(0.0461047666084078,0.,-0.998936609848685));
#4874=DIRECTION('',(0.,1.,0.));
#4875=DIRECTION('center_axis',(-0.70710678118649,0.,-0.707106781186606));
#4876=DIRECTION('ref_axis',(-0.707106781186606,0.,0.70710678118649));
#4877=DIRECTION('',(0.,-1.,0.));
#4878=DIRECTION('',(-0.707106781186606,0.,0.70710678118649));
#4879=DIRECTION('',(-0.586423172932172,0.558762672783751,0.586423172932075));
#4880=DIRECTION('center_axis',(0.706354850799489,0.707106781186564,0.0326009931138275));
#4881=DIRECTION('ref_axis',(0.0461047666084078,0.,-0.998936609848685));
#4882=DIRECTION('',(-0.0461047666084078,0.,0.998936609848685));
#4883=DIRECTION('',(-0.707482846276272,0.706730515985284,0.));
#4884=DIRECTION('center_axis',(0.,1.,0.));
#4885=DIRECTION('ref_axis',(0.,0.,1.));
#4886=DIRECTION('',(0.707106781186606,0.,-0.70710678118649));
#4887=DIRECTION('',(0.,0.,-1.));
#4888=DIRECTION('',(-1.,0.,0.));
#4889=DIRECTION('center_axis',(-0.70710678118654,-0.707106781186555,4.05185150628069E-15));
#4890=DIRECTION('ref_axis',(5.73018335290407E-15,0.,1.));
#4891=DIRECTION('',(-0.577350269189663,0.577350269189646,-0.577350269189568));
#4892=DIRECTION('',(0.707106781186555,-0.70710678118654,0.));
#4893=DIRECTION('',(-5.73018335290407E-15,0.,-1.));
#4894=DIRECTION('center_axis',(-0.707106781186548,0.707106781186548,4.05185150628073E-15));
#4895=DIRECTION('ref_axis',(5.73018335290407E-15,0.,1.));
#4896=DIRECTION('',(0.577350269189659,0.577350269189655,0.577350269189564));
#4897=DIRECTION('',(5.73018335290407E-15,0.,1.));
#4898=DIRECTION('',(-0.707106781186548,-0.707106781186548,0.));
#4899=DIRECTION('',(-5.73018335290407E-15,0.,-1.));
#4900=DIRECTION('center_axis',(-1.,0.,5.73018335290407E-15));
#4901=DIRECTION('ref_axis',(5.73018335290407E-15,0.,1.));
#4902=DIRECTION('',(0.,-1.,0.));
#4903=DIRECTION('',(0.,1.,0.));
#4904=DIRECTION('center_axis',(0.,0.,1.));
#4905=DIRECTION('ref_axis',(1.,0.,0.));
#4906=DIRECTION('',(0.,1.,0.));
#4907=DIRECTION('',(0.,-1.,0.));
#4908=DIRECTION('',(-1.,0.,0.));
#4909=DIRECTION('center_axis',(0.,1.,0.));
#4910=DIRECTION('ref_axis',(0.,0.,1.));
#4911=DIRECTION('',(0.,0.,1.));
#4912=DIRECTION('',(0.707106781186606,0.,0.70710678118649));
#4913=DIRECTION('center_axis',(0.,1.,0.));
#4914=DIRECTION('ref_axis',(-1.,0.,2.35513868802587E-14));
#4915=DIRECTION('',(0.,-1.,0.));
#4916=DIRECTION('',(0.,1.,0.));
#4917=DIRECTION('center_axis',(-0.70710678118652,0.,-0.707106781186575));
#4918=DIRECTION('ref_axis',(-0.707106781186575,0.,0.70710678118652));
#4919=DIRECTION('',(0.,1.,0.));
#4920=DIRECTION('center_axis',(0.,1.,0.));
#4921=DIRECTION('ref_axis',(1.,0.,1.96261557335483E-14));
#4922=DIRECTION('',(0.,-1.,0.));
#4923=DIRECTION('',(0.,1.,0.));
#4924=DIRECTION('center_axis',(0.70710678118649,0.,0.707106781186606));
#4925=DIRECTION('ref_axis',(0.707106781186606,0.,-0.70710678118649));
#4926=DIRECTION('',(0.,1.,0.));
#4927=DIRECTION('center_axis',(1.73472347597681E-15,0.,-1.));
#4928=DIRECTION('ref_axis',(-1.,0.,-1.73472347597681E-15));
#4929=DIRECTION('',(0.,1.,0.));
#4930=DIRECTION('',(0.,1.,0.));
#4931=DIRECTION('center_axis',(0.70710678118652,0.,-0.707106781186575));
#4932=DIRECTION('ref_axis',(-0.707106781186575,0.,-0.70710678118652));
#4933=DIRECTION('center_axis',(1.,0.,0.));
#4934=DIRECTION('ref_axis',(0.,0.,-1.));
#4935=DIRECTION('center_axis',(-1.,0.,0.));
#4936=DIRECTION('ref_axis',(0.,0.,1.));
#4937=DIRECTION('center_axis',(-1.,0.,0.));
#4938=DIRECTION('ref_axis',(0.,0.,1.));
#4939=DIRECTION('',(0.,1.,0.));
#4940=DIRECTION('center_axis',(-0.70710678118649,0.,0.707106781186606));
#4941=DIRECTION('ref_axis',(0.707106781186606,0.,0.70710678118649));
#4942=DIRECTION('center_axis',(-1.73472347597681E-15,0.,-1.));
#4943=DIRECTION('ref_axis',(-1.,0.,1.73472347597681E-15));
#4944=DIRECTION('center_axis',(-1.,0.,0.));
#4945=DIRECTION('ref_axis',(0.,0.,1.));
#4946=DIRECTION('',(0.,1.,0.));
#4947=DIRECTION('',(0.,0.,1.));
#4948=DIRECTION('center_axis',(3.52909362411483E-16,0.,1.));
#4949=DIRECTION('ref_axis',(1.,0.,-3.52909362411483E-16));
#4950=DIRECTION('',(1.,0.,-3.52909362411483E-16));
#4951=DIRECTION('center_axis',(0.,-1.,0.));
#4952=DIRECTION('ref_axis',(-1.,0.,0.));
#4953=DIRECTION('center_axis',(0.,0.,-1.));
#4954=DIRECTION('ref_axis',(-1.,0.,0.));
#4955=DIRECTION('center_axis',(0.,0.,-1.));
#4956=DIRECTION('ref_axis',(-1.,0.,0.));
#4957=DIRECTION('center_axis',(0.,0.,-1.));
#4958=DIRECTION('ref_axis',(-1.,0.,0.));
#4959=DIRECTION('center_axis',(0.,0.,-1.));
#4960=DIRECTION('ref_axis',(-1.,0.,0.));
#4961=DIRECTION('center_axis',(3.73812466203757E-16,-1.,0.));
#4962=DIRECTION('ref_axis',(-1.,-3.73812466203757E-16,0.));
#4963=DIRECTION('',(0.,0.,-1.));
#4964=DIRECTION('center_axis',(1.,0.,0.));
#4965=DIRECTION('ref_axis',(0.,-1.,0.));
#4966=DIRECTION('center_axis',(-1.,0.,0.));
#4967=DIRECTION('ref_axis',(0.,1.,0.));
#4968=DIRECTION('',(0.,0.,-1.));
#4969=DIRECTION('center_axis',(-3.73812466203757E-16,-1.,0.));
#4970=DIRECTION('ref_axis',(-1.,3.73812466203757E-16,0.));
#4971=DIRECTION('',(0.,0.,-1.));
#4972=DIRECTION('center_axis',(0.,-1.,-4.62592926927149E-16));
#4973=DIRECTION('ref_axis',(-2.83256473634769E-32,4.62592926927149E-16,
-1.));
#4974=DIRECTION('',(1.,-5.59646288922061E-31,1.20980295275936E-15));
#4975=DIRECTION('',(-2.83256473634769E-32,4.62592926927149E-16,-1.));
#4976=DIRECTION('',(1.,0.,0.));
#4977=DIRECTION('center_axis',(1.,0.,0.));
#4978=DIRECTION('ref_axis',(0.,-1.,0.));
#4979=DIRECTION('center_axis',(1.,6.12323399573677E-17,0.));
#4980=DIRECTION('ref_axis',(0.,-1.,0.));
#4981=DIRECTION('',(1.,0.,0.));
#4982=DIRECTION('center_axis',(0.,1.,0.));
#4983=DIRECTION('ref_axis',(0.,0.,1.));
#4984=DIRECTION('',(0.,0.,1.));
#4985=DIRECTION('',(-1.,0.,-1.20980295275936E-15));
#4986=DIRECTION('center_axis',(0.,-1.,-9.25185853854298E-16));
#4987=DIRECTION('ref_axis',(-5.66512947269539E-32,9.25185853854298E-16,
-1.));
#4988=DIRECTION('',(1.,-1.11929257784412E-30,1.20980295275936E-15));
#4989=DIRECTION('',(-5.66512947269539E-32,9.25185853854298E-16,-1.));
#4990=DIRECTION('',(1.,0.,0.));
#4991=DIRECTION('center_axis',(1.,0.,0.));
#4992=DIRECTION('ref_axis',(0.,-1.,0.));
#4993=DIRECTION('center_axis',(1.,6.12323399573677E-17,0.));
#4994=DIRECTION('ref_axis',(0.,-1.,0.));
#4995=DIRECTION('',(1.,0.,0.));
#4996=DIRECTION('center_axis',(0.,1.,0.));
#4997=DIRECTION('ref_axis',(0.,0.,1.));
#4998=DIRECTION('',(0.,0.,1.));
#4999=DIRECTION('',(-1.,0.,-1.20980295275936E-15));
#5000=DIRECTION('center_axis',(1.,0.,0.));
#5001=DIRECTION('ref_axis',(0.,-1.,0.));
#5002=DIRECTION('',(1.,0.,0.));
#5003=DIRECTION('center_axis',(1.,6.12323399573677E-17,0.));
#5004=DIRECTION('ref_axis',(0.,-1.,0.));
#5005=DIRECTION('',(1.,0.,0.));
#5006=DIRECTION('center_axis',(0.,1.,-3.70074341541719E-15));
#5007=DIRECTION('ref_axis',(-2.26605178907815E-31,3.70074341541719E-15,
1.));
#5008=DIRECTION('',(-2.26605178907815E-31,3.70074341541719E-15,1.));
#5009=DIRECTION('',(-1.,-4.47717031137649E-30,-1.20980295275936E-15));
#5010=DIRECTION('center_axis',(0.,-1.,7.40148683083439E-15));
#5011=DIRECTION('ref_axis',(4.53210357815631E-31,-7.40148683083439E-15,
-1.));
#5012=DIRECTION('',(1.,8.95434062275299E-30,1.20980295275936E-15));
#5013=DIRECTION('',(4.53210357815631E-31,-7.40148683083439E-15,-1.));
#5014=DIRECTION('center_axis',(4.7751527405331E-16,1.,0.));
#5015=DIRECTION('ref_axis',(1.,-4.7751527405331E-16,0.));
#5016=DIRECTION('',(1.,-4.7751527405331E-16,1.20980295275936E-15));
#5017=DIRECTION('',(0.,0.,-1.));
#5018=DIRECTION('center_axis',(2.38757637026655E-16,-1.,0.));
#5019=DIRECTION('ref_axis',(-1.,-2.38757637026655E-16,0.));
#5020=DIRECTION('',(0.,0.,-1.));
#5021=DIRECTION('',(-1.,-2.38757637026655E-16,-1.20980295275936E-15));
#5022=DIRECTION('center_axis',(1.20980295275936E-15,-5.82401215182703E-31,
-1.));
#5023=DIRECTION('ref_axis',(-1.,0.,-1.20980295275936E-15));
#5024=DIRECTION('',(-6.12323399573677E-17,1.,-6.56480280867492E-31));
#5025=DIRECTION('',(-6.12323399573677E-17,1.,-6.56480280867492E-31));
#5026=DIRECTION('',(-6.12323399573677E-17,1.,-6.56480280867492E-31));
#5027=DIRECTION('',(-6.12323399573677E-17,1.,-6.56480280867492E-31));
#5028=DIRECTION('center_axis',(0.,1.,0.));
#5029=DIRECTION('ref_axis',(-1.,0.,0.));
#5030=DIRECTION('',(0.,0.,1.));
#5031=DIRECTION('',(0.,0.,1.));
#5032=DIRECTION('center_axis',(-1.,0.,0.));
#5033=DIRECTION('ref_axis',(0.,-1.,0.));
#5034=DIRECTION('center_axis',(1.,0.,0.));
#5035=DIRECTION('ref_axis',(0.,1.,0.));
#5036=DIRECTION('center_axis',(0.707106781186548,0.707106781186547,0.));
#5037=DIRECTION('ref_axis',(-0.707106781186547,0.707106781186548,0.));
#5038=DIRECTION('center_axis',(1.,3.04170691678125E-16,0.));
#5039=DIRECTION('ref_axis',(-3.04170691678125E-16,1.,0.));
#5040=DIRECTION('',(0.,0.,1.));
#5041=DIRECTION('center_axis',(0.,0.,1.));
#5042=DIRECTION('ref_axis',(1.,0.,0.));
#5043=DIRECTION('',(0.,0.,1.));
#5044=DIRECTION('center_axis',(0.,-1.,0.));
#5045=DIRECTION('ref_axis',(1.,0.,0.));
#5046=DIRECTION('center_axis',(0.,0.,1.));
#5047=DIRECTION('ref_axis',(1.,0.,0.));
#5048=DIRECTION('',(0.,0.,1.));
#5049=DIRECTION('center_axis',(-1.,-6.12323399573677E-17,0.));
#5050=DIRECTION('ref_axis',(6.12323399573677E-17,-1.,0.));
#5051=DIRECTION('',(0.,0.,1.));
#5052=DIRECTION('center_axis',(0.,0.,1.));
#5053=DIRECTION('ref_axis',(-0.707106784938005,0.70710677743509,0.));
#5054=CARTESIAN_POINT('',(0.,0.,0.));
#5055=CARTESIAN_POINT('Origin',(1.6,18.198,1.6));
#5056=CARTESIAN_POINT('',(1.6,18.198,0.800000000000001));
#5057=CARTESIAN_POINT('',(17.0000002086,18.198,0.800000000000001));
#5058=CARTESIAN_POINT('',(5.45000005215,18.198,0.800000000000001));
#5059=CARTESIAN_POINT('',(1.6,18.198,1.6));
#5060=CARTESIAN_POINT('',(1.6,18.198,0.8));
#5061=CARTESIAN_POINT('',(17.0000002086,18.198,1.6));
#5062=CARTESIAN_POINT('',(17.0000002086,18.198,1.6));
#5063=CARTESIAN_POINT('',(17.0000002086,18.198,0.8));
#5064=CARTESIAN_POINT('Origin',(9.3000001043,33.1999999999981,0.800000000000001));
#5065=CARTESIAN_POINT('',(1.6,16.998,0.800000000000001));
#5066=CARTESIAN_POINT('',(17.0000002086,16.998,0.800000000000001));
#5067=CARTESIAN_POINT('',(13.15000015645,16.998,0.800000000000001));
#5068=CARTESIAN_POINT('',(1.6,25.098999999999,0.800000000000001));
#5069=CARTESIAN_POINT('',(17.0000002086,29.300999999999,0.800000000000001));
#5070=CARTESIAN_POINT('Origin',(1.6,16.998,0.));
#5071=CARTESIAN_POINT('',(1.6,16.998,-10.6));
#5072=CARTESIAN_POINT('',(1.6,16.998,0.));
#5073=CARTESIAN_POINT('',(1.6,16.598,-11.));
#5074=CARTESIAN_POINT('',(1.6,19.548,-8.04999999999998));
#5075=CARTESIAN_POINT('',(1.6,18.099999999999,-11.));
#5076=CARTESIAN_POINT('',(1.6,29.300999999999,-11.));
#5077=CARTESIAN_POINT('',(1.6,18.099999999999,-6.19999999999996));
#5078=CARTESIAN_POINT('',(1.6,18.099999999999,-3.09999999999998));
#5079=CARTESIAN_POINT('',(1.6,24.299999999999,-6.19999999999996));
#5080=CARTESIAN_POINT('Origin',(1.6,21.199999999999,-6.19999999999996));
#5081=CARTESIAN_POINT('',(1.6,24.299999999999,-11.));
#5082=CARTESIAN_POINT('',(1.6,24.299999999999,-5.49999999999998));
#5083=CARTESIAN_POINT('',(1.6,25.802,-11.));
#5084=CARTESIAN_POINT('',(1.6,29.300999999999,-11.));
#5085=CARTESIAN_POINT('',(1.6,25.402,-10.6));
#5086=CARTESIAN_POINT('',(1.6,20.751,-5.94899999999996));
#5087=CARTESIAN_POINT('',(1.6,25.402,0.800000000000001));
#5088=CARTESIAN_POINT('',(1.6,25.402,0.));
#5089=CARTESIAN_POINT('',(1.6,24.202,0.800000000000001));
#5090=CARTESIAN_POINT('',(1.6,25.098999999999,0.800000000000001));
#5091=CARTESIAN_POINT('',(1.6,24.202,1.6));
#5092=CARTESIAN_POINT('',(1.6,24.202,0.8));
#5093=CARTESIAN_POINT('',(1.6,25.402,1.6));
#5094=CARTESIAN_POINT('Origin',(17.0000002086,16.998,0.));
#5095=CARTESIAN_POINT('',(17.0000002086,16.998,-10.5999999999999));
#5096=CARTESIAN_POINT('',(17.0000002086,16.998,0.));
#5097=CARTESIAN_POINT('',(13.15000015645,16.998,-10.5999999999999));
#5098=CARTESIAN_POINT('Origin',(1.6,42.1979999999961,1.6));
#5099=CARTESIAN_POINT('',(1.6,42.1979999999961,0.800000000000001));
#5100=CARTESIAN_POINT('',(17.0000002086,42.1979999999961,0.800000000000001));
#5101=CARTESIAN_POINT('',(5.45000005215,42.1979999999961,0.800000000000001));
#5102=CARTESIAN_POINT('',(1.6,42.1979999999961,1.6));
#5103=CARTESIAN_POINT('',(1.6,42.1979999999961,0.8));
#5104=CARTESIAN_POINT('',(17.0000002086,42.1979999999961,1.6));
#5105=CARTESIAN_POINT('',(17.0000002086,42.1979999999961,1.6));
#5106=CARTESIAN_POINT('',(17.0000002086,42.1979999999961,0.8));
#5107=CARTESIAN_POINT('Origin',(9.3000001043,33.1999999999981,0.800000000000001));
#5108=CARTESIAN_POINT('',(1.6,40.9979999999961,0.800000000000001));
#5109=CARTESIAN_POINT('',(17.0000002086,40.9979999999961,0.800000000000001));
#5110=CARTESIAN_POINT('',(13.15000015645,40.9979999999961,0.800000000000001));
#5111=CARTESIAN_POINT('',(1.6,37.0989999999971,0.800000000000001));
#5112=CARTESIAN_POINT('',(17.0000002086,41.3009999999971,0.800000000000001));
#5113=CARTESIAN_POINT('Origin',(1.6,40.9979999999961,0.));
#5114=CARTESIAN_POINT('',(1.6,40.9979999999961,-10.6));
#5115=CARTESIAN_POINT('',(1.6,40.9979999999961,0.));
#5116=CARTESIAN_POINT('',(1.6,40.5979999999961,-11.));
#5117=CARTESIAN_POINT('',(1.6,43.5479999999961,-8.04999999999996));
#5118=CARTESIAN_POINT('',(1.59999999999999,42.099999999999,-11.));
#5119=CARTESIAN_POINT('',(1.6,41.3009999999971,-11.));
#5120=CARTESIAN_POINT('',(1.59999999999999,42.099999999999,-6.19999999999996));
#5121=CARTESIAN_POINT('',(1.6,42.099999999999,-3.09999999999998));
#5122=CARTESIAN_POINT('',(1.59999999999999,48.299999999999,-6.19999999999996));
#5123=CARTESIAN_POINT('Origin',(1.6,45.199999999999,-6.19999999999996));
#5124=CARTESIAN_POINT('',(1.59999999999999,48.299999999999,-11.));
#5125=CARTESIAN_POINT('',(1.6,48.299999999999,-5.49999999999999));
#5126=CARTESIAN_POINT('',(1.6,49.8019999999962,-11.));
#5127=CARTESIAN_POINT('',(1.6,41.3009999999971,-11.));
#5128=CARTESIAN_POINT('',(1.6,49.4019999999961,-10.6));
#5129=CARTESIAN_POINT('',(1.6,44.7509999999961,-5.94900000000001));
#5130=CARTESIAN_POINT('',(1.6,49.4019999999961,0.800000000000001));
#5131=CARTESIAN_POINT('',(1.6,49.4019999999961,0.));
#5132=CARTESIAN_POINT('',(1.6,48.2019999999962,0.800000000000001));
#5133=CARTESIAN_POINT('',(1.6,37.0989999999971,0.800000000000001));
#5134=CARTESIAN_POINT('',(1.6,48.2019999999962,1.6));
#5135=CARTESIAN_POINT('',(1.6,48.2019999999962,0.8));
#5136=CARTESIAN_POINT('',(1.6,49.4019999999961,1.6));
#5137=CARTESIAN_POINT('Origin',(17.0000002086,40.9979999999961,0.));
#5138=CARTESIAN_POINT('',(17.0000002086,40.9979999999961,-10.5999999999999));
#5139=CARTESIAN_POINT('',(17.0000002086,40.9979999999961,0.));
#5140=CARTESIAN_POINT('',(13.15000015645,40.9979999999961,-10.5999999999999));
#5141=CARTESIAN_POINT('Origin',(17.0000002086,36.202,1.6));
#5142=CARTESIAN_POINT('',(17.0000002086,36.202,0.800000000000001));
#5143=CARTESIAN_POINT('',(1.6,36.202,0.800000000000001));
#5144=CARTESIAN_POINT('',(13.15000015645,36.202,0.800000000000001));
#5145=CARTESIAN_POINT('',(17.0000002086,36.202,1.6));
#5146=CARTESIAN_POINT('',(17.0000002086,36.202,0.8));
#5147=CARTESIAN_POINT('',(1.6,36.202,1.6));
#5148=CARTESIAN_POINT('',(17.0000002086,36.202,1.6));
#5149=CARTESIAN_POINT('',(1.6,36.202,0.8));
#5150=CARTESIAN_POINT('Origin',(9.3000001043,33.1999999999981,0.800000000000001));
#5151=CARTESIAN_POINT('',(17.0000002086,37.402,0.800000000000001));
#5152=CARTESIAN_POINT('',(17.0000002086,35.300999999999,0.800000000000001));
#5153=CARTESIAN_POINT('',(1.6,37.402,0.800000000000001));
#5154=CARTESIAN_POINT('',(1.6,31.098999999999,0.800000000000001));
#5155=CARTESIAN_POINT('',(5.45000005215,37.402,0.800000000000001));
#5156=CARTESIAN_POINT('Origin',(17.0000002086,37.402,0.));
#5157=CARTESIAN_POINT('',(17.0000002086,37.402,-10.5999999999999));
#5158=CARTESIAN_POINT('',(17.0000002086,37.402,0.));
#5159=CARTESIAN_POINT('',(17.0000002086,28.998,-10.5999999999999));
#5160=CARTESIAN_POINT('',(17.0000002086,35.300999999999,-10.5999999999999));
#5161=CARTESIAN_POINT('',(17.0000002086,28.998,0.800000000000001));
#5162=CARTESIAN_POINT('',(17.0000002086,28.998,0.));
#5163=CARTESIAN_POINT('',(17.0000002086,30.198,0.800000000000001));
#5164=CARTESIAN_POINT('',(17.0000002086,35.300999999999,0.800000000000001));
#5165=CARTESIAN_POINT('',(17.0000002086,30.198,1.6));
#5166=CARTESIAN_POINT('',(17.0000002086,30.198,0.8));
#5167=CARTESIAN_POINT('',(17.0000002086,37.402,1.6));
#5168=CARTESIAN_POINT('Origin',(1.6,37.402,0.));
#5169=CARTESIAN_POINT('',(1.6,37.402,-10.6));
#5170=CARTESIAN_POINT('',(1.6,37.402,0.));
#5171=CARTESIAN_POINT('',(5.45000005215,37.402,-10.5999999999999));
#5172=CARTESIAN_POINT('Origin',(1.6,28.998,0.));
#5173=CARTESIAN_POINT('',(1.6,30.198,1.6));
#5174=CARTESIAN_POINT('',(1.6,37.402,1.6));
#5175=CARTESIAN_POINT('',(1.6,30.198,0.800000000000001));
#5176=CARTESIAN_POINT('',(1.6,30.198,0.8));
#5177=CARTESIAN_POINT('',(1.6,28.998,0.800000000000001));
#5178=CARTESIAN_POINT('',(1.6,31.098999999999,0.800000000000001));
#5179=CARTESIAN_POINT('',(1.6,28.998,-10.6));
#5180=CARTESIAN_POINT('',(1.6,28.998,0.));
#5181=CARTESIAN_POINT('',(1.6,28.598,-11.));
#5182=CARTESIAN_POINT('',(1.6,31.548,-8.04999999999996));
#5183=CARTESIAN_POINT('',(1.6,30.099999999999,-11.));
#5184=CARTESIAN_POINT('',(1.6,35.300999999999,-11.));
#5185=CARTESIAN_POINT('',(1.6,30.099999999999,-6.19999999999996));
#5186=CARTESIAN_POINT('',(1.6,30.099999999999,-3.09999999999998));
#5187=CARTESIAN_POINT('',(1.6,36.299999999999,-6.19999999999996));
#5188=CARTESIAN_POINT('Origin',(1.6,33.199999999999,-6.19999999999996));
#5189=CARTESIAN_POINT('',(1.6,36.299999999999,-11.));
#5190=CARTESIAN_POINT('',(1.6,36.299999999999,-5.49999999999998));
#5191=CARTESIAN_POINT('',(1.6,37.802,-11.));
#5192=CARTESIAN_POINT('',(1.6,35.300999999999,-11.));
#5193=CARTESIAN_POINT('',(1.6,32.751,-5.94899999999999));
#5194=CARTESIAN_POINT('Origin',(17.0000002086,24.202,1.6));
#5195=CARTESIAN_POINT('',(17.0000002086,24.202,0.800000000000001));
#5196=CARTESIAN_POINT('',(13.15000015645,24.202,0.800000000000001));
#5197=CARTESIAN_POINT('',(17.0000002086,24.202,1.6));
#5198=CARTESIAN_POINT('',(17.0000002086,24.202,0.8));
#5199=CARTESIAN_POINT('',(17.0000002086,24.202,1.6));
#5200=CARTESIAN_POINT('Origin',(9.3000001043,33.1999999999981,0.800000000000001));
#5201=CARTESIAN_POINT('',(17.0000002086,25.402,0.800000000000001));
#5202=CARTESIAN_POINT('',(17.0000002086,29.300999999999,0.800000000000001));
#5203=CARTESIAN_POINT('',(5.45000005215,25.402,0.800000000000001));
#5204=CARTESIAN_POINT('Origin',(17.0000002086,25.402,0.));
#5205=CARTESIAN_POINT('',(17.0000002086,25.402,1.6));
#5206=CARTESIAN_POINT('',(17.0000002086,25.402,-10.5999999999999));
#5207=CARTESIAN_POINT('',(17.0000002086,25.402,0.));
#5208=CARTESIAN_POINT('',(17.0000002086,29.300999999999,-10.5999999999999));
#5209=CARTESIAN_POINT('Origin',(1.6,25.402,0.));
#5210=CARTESIAN_POINT('',(5.45000005215,25.402,-10.5999999999999));
#5211=CARTESIAN_POINT('Origin',(17.0000002086,48.2019999999962,1.6));
#5212=CARTESIAN_POINT('',(17.0000002086,48.2019999999962,0.800000000000001));
#5213=CARTESIAN_POINT('',(13.15000015645,48.2019999999962,0.800000000000001));
#5214=CARTESIAN_POINT('',(17.0000002086,48.2019999999962,1.6));
#5215=CARTESIAN_POINT('',(17.0000002086,48.2019999999961,0.8));
#5216=CARTESIAN_POINT('',(17.0000002086,48.2019999999962,1.6));
#5217=CARTESIAN_POINT('Origin',(9.3000001043,33.1999999999981,0.800000000000001));
#5218=CARTESIAN_POINT('',(17.0000002086,49.4019999999961,0.800000000000001));
#5219=CARTESIAN_POINT('',(17.0000002086,41.3009999999971,0.800000000000001));
#5220=CARTESIAN_POINT('',(5.45000005215,49.4019999999961,0.800000000000001));
#5221=CARTESIAN_POINT('Origin',(17.0000002086,49.4019999999961,0.));
#5222=CARTESIAN_POINT('',(17.0000002086,49.4019999999961,1.6));
#5223=CARTESIAN_POINT('',(17.0000002086,49.4019999999961,-10.5999999999999));
#5224=CARTESIAN_POINT('',(17.0000002086,49.4019999999961,0.));
#5225=CARTESIAN_POINT('',(17.0000002086,41.3009999999971,-10.5999999999999));
#5226=CARTESIAN_POINT('Origin',(1.6,49.4019999999961,0.));
#5227=CARTESIAN_POINT('',(5.45000005215,49.4019999999961,-10.5999999999999));
#5228=CARTESIAN_POINT('Origin',(1.6,30.198,1.6));
#5229=CARTESIAN_POINT('',(5.45000005215,30.198,0.800000000000001));
#5230=CARTESIAN_POINT('',(17.0000002086,30.198,1.6));
#5231=CARTESIAN_POINT('Origin',(9.3000001043,33.1999999999981,0.800000000000001));
#5232=CARTESIAN_POINT('',(13.15000015645,28.998,0.800000000000001));
#5233=CARTESIAN_POINT('Origin',(8.1857864376269,1.,0.));
#5234=CARTESIAN_POINT('',(8.1857864376269,0.,0.));
#5235=CARTESIAN_POINT('',(8.89289321881345,0.292893218813453,0.));
#5236=CARTESIAN_POINT('Origin',(8.1857864376269,1.,0.));
#5237=CARTESIAN_POINT('',(8.89289321881345,0.292893218813453,1.6));
#5238=CARTESIAN_POINT('',(8.89289321881345,0.292893218813453,0.));
#5239=CARTESIAN_POINT('',(8.1857864376269,0.,1.6));
#5240=CARTESIAN_POINT('Origin',(8.1857864376269,1.,1.6));
#5241=CARTESIAN_POINT('',(8.1857864376269,0.,0.));
#5242=CARTESIAN_POINT('Origin',(3.4,0.,0.));
#5243=CARTESIAN_POINT('',(3.4,0.,1.6));
#5244=CARTESIAN_POINT('',(0.,0.,1.6));
#5245=CARTESIAN_POINT('',(3.4,0.,0.));
#5246=CARTESIAN_POINT('',(3.4,0.,0.));
#5247=CARTESIAN_POINT('',(0.,0.,0.));
#5248=CARTESIAN_POINT('Origin',(33.2,33.2,1.6));
#5249=CARTESIAN_POINT('',(9.90710678118655,1.30710678118655,1.6));
#5250=CARTESIAN_POINT('',(23.45,14.85,1.6));
#5251=CARTESIAN_POINT('',(10.6142135623731,1.6,1.6));
#5252=CARTESIAN_POINT('Origin',(10.6142135623731,0.6,1.6));
#5253=CARTESIAN_POINT('',(55.7857864376269,1.6,1.6));
#5254=CARTESIAN_POINT('',(10.2,1.6,1.6));
#5255=CARTESIAN_POINT('',(56.4928932188134,1.30710678118655,1.6));
#5256=CARTESIAN_POINT('Origin',(55.7857864376269,0.6,1.6));
#5257=CARTESIAN_POINT('',(57.5071067811865,0.292893218813457,1.6));
#5258=CARTESIAN_POINT('',(42.95,14.85,1.6));
#5259=CARTESIAN_POINT('',(58.2142135623731,0.,1.6));
#5260=CARTESIAN_POINT('Origin',(58.2142135623731,1.,1.6));
#5261=CARTESIAN_POINT('',(63.,5.55111512312578E-16,1.6));
#5262=CARTESIAN_POINT('',(0.,0.,1.6));
#5263=CARTESIAN_POINT('',(66.4,3.4,1.6));
#5264=CARTESIAN_POINT('Origin',(63.,3.4,1.6));
#5265=CARTESIAN_POINT('',(66.4,28.2,1.6));
#5266=CARTESIAN_POINT('',(66.4,0.,1.6));
#5267=CARTESIAN_POINT('',(65.4,29.2,1.6));
#5268=CARTESIAN_POINT('Origin',(65.4,28.2,1.6));
#5269=CARTESIAN_POINT('',(19.6000002086,29.2,1.6));
#5270=CARTESIAN_POINT('',(18.6000002086,29.2,1.6));
#5271=CARTESIAN_POINT('',(18.6000002086,30.2,1.6));
#5272=CARTESIAN_POINT('Origin',(19.6000002086,30.2,1.6));
#5273=CARTESIAN_POINT('',(18.6000002086,55.9857862290269,1.6));
#5274=CARTESIAN_POINT('',(18.6000002086,66.4,1.6));
#5275=CARTESIAN_POINT('',(18.3071069897865,56.6928930102134,1.6));
#5276=CARTESIAN_POINT('Origin',(17.6000002086,55.9857862290269,1.6));
#5277=CARTESIAN_POINT('',(8.89289321881343,66.1071067811866,1.6));
#5278=CARTESIAN_POINT('',(8.59999999999998,66.4,1.6));
#5279=CARTESIAN_POINT('',(8.18578643762687,66.4,1.6));
#5280=CARTESIAN_POINT('Origin',(8.18578643762687,65.4,1.6));
#5281=CARTESIAN_POINT('',(3.39999999999999,66.4,1.6));
#5282=CARTESIAN_POINT('',(-4.06582737316921E-15,66.4,1.6));
#5283=CARTESIAN_POINT('',(-3.88578058618805E-15,62.9999999639235,1.6));
#5284=CARTESIAN_POINT('Origin',(3.39999999999999,63.,1.6));
#5285=CARTESIAN_POINT('',(0.,3.4,1.6));
#5286=CARTESIAN_POINT('',(-4.06582737316921E-15,66.4,1.6));
#5287=CARTESIAN_POINT('Origin',(3.4,3.4,1.6));
#5288=CARTESIAN_POINT('',(65.2,26.5656854249492,1.6));
#5289=CARTESIAN_POINT('',(63.7656854249492,28.,1.6));
#5290=CARTESIAN_POINT('',(55.4828427124746,36.2828427124746,1.6));
#5291=CARTESIAN_POINT('',(65.2,9.83431457505077,1.6));
#5292=CARTESIAN_POINT('',(65.2,30.4,1.6));
#5293=CARTESIAN_POINT('',(63.7656854249492,8.4,1.6));
#5294=CARTESIAN_POINT('',(62.3828427124746,7.01715728752538,1.6));
#5295=CARTESIAN_POINT('',(63.0943145750508,8.4,1.6));
#5296=CARTESIAN_POINT('',(49.,8.4,1.6));
#5297=CARTESIAN_POINT('',(61.66,9.83431457505077,1.6));
#5298=CARTESIAN_POINT('',(48.7621572875254,22.7321572875254,1.6));
#5299=CARTESIAN_POINT('',(61.66,26.5656854249492,1.6));
#5300=CARTESIAN_POINT('',(61.66,21.,1.6));
#5301=CARTESIAN_POINT('',(63.0943145750508,28.,1.6));
#5302=CARTESIAN_POINT('',(56.8621572875254,21.7678427124746,1.6));
#5303=CARTESIAN_POINT('',(47.63,28.,1.6));
#5304=CARTESIAN_POINT('',(1.04999999999999,63.,1.6));
#5305=CARTESIAN_POINT('Origin',(3.39999999999999,63.,1.6));
#5306=CARTESIAN_POINT('',(60.65,3.4,1.6));
#5307=CARTESIAN_POINT('Origin',(63.,3.4,1.6));
#5308=CARTESIAN_POINT('',(28.175,8.86352813742385,1.6));
#5309=CARTESIAN_POINT('',(28.175,6.76647186257618,1.6));
#5310=CARTESIAN_POINT('',(28.175,19.3575,1.6));
#5311=CARTESIAN_POINT('',(30.0264718625762,10.715,1.6));
#5312=CARTESIAN_POINT('',(36.3532359312881,17.0417640687119,1.6));
#5313=CARTESIAN_POINT('',(36.3735281374239,10.715,1.6));
#5314=CARTESIAN_POINT('',(30.9875,10.715,1.6));
#5315=CARTESIAN_POINT('',(38.225,8.86352813742385,1.6));
#5316=CARTESIAN_POINT('',(30.7967640687119,16.291764068712,1.6));
#5317=CARTESIAN_POINT('',(38.225,6.76647186257617,1.6));
#5318=CARTESIAN_POINT('',(38.225,21.6575,1.6));
#5319=CARTESIAN_POINT('',(36.3735281374238,4.915,1.6));
#5320=CARTESIAN_POINT('',(42.7392640687119,11.280735931288,1.6));
#5321=CARTESIAN_POINT('',(30.0264718625762,4.915,1.6));
#5322=CARTESIAN_POINT('',(35.4125,4.915,1.6));
#5323=CARTESIAN_POINT('',(22.9107359312881,12.0307359312881,1.6));
#5324=CARTESIAN_POINT('',(28.19,18.,1.6));
#5325=CARTESIAN_POINT('',(28.19,20.,1.6));
#5326=CARTESIAN_POINT('',(28.19,20.,1.6));
#5327=CARTESIAN_POINT('',(41.32,20.,1.6));
#5328=CARTESIAN_POINT('',(41.32,20.,1.6));
#5329=CARTESIAN_POINT('',(41.32,18.,1.6));
#5330=CARTESIAN_POINT('',(41.32,18.,1.6));
#5331=CARTESIAN_POINT('',(28.19,18.,1.6));
#5332=CARTESIAN_POINT('',(1.05,3.4,1.6));
#5333=CARTESIAN_POINT('Origin',(3.4,3.4,1.6));
#5334=CARTESIAN_POINT('',(49.96,26.5656854249492,1.6));
#5335=CARTESIAN_POINT('',(48.5256854249493,28.,1.6));
#5336=CARTESIAN_POINT('',(44.0528427124746,32.4728427124746,1.6));
#5337=CARTESIAN_POINT('',(49.96,9.83431457505075,1.6));
#5338=CARTESIAN_POINT('',(49.96,30.4,1.6));
#5339=CARTESIAN_POINT('',(48.5256854249493,8.4,1.6));
#5340=CARTESIAN_POINT('',(50.9528427124746,10.8271572875254,1.6));
#5341=CARTESIAN_POINT('',(47.8543145750508,8.40000000000001,1.6));
#5342=CARTESIAN_POINT('',(41.38,8.4,1.6));
#5343=CARTESIAN_POINT('',(46.42,9.83431457505078,1.6));
#5344=CARTESIAN_POINT('',(37.3321572875254,18.9221572875254,1.6));
#5345=CARTESIAN_POINT('',(46.42,26.5656854249492,1.6));
#5346=CARTESIAN_POINT('',(46.42,21.,1.6));
#5347=CARTESIAN_POINT('',(47.8543145750508,28.,1.6));
#5348=CARTESIAN_POINT('',(45.4321572875254,25.5778427124746,1.6));
#5349=CARTESIAN_POINT('',(40.01,28.,1.6));
#5350=CARTESIAN_POINT('Origin',(10.6142135623731,0.6,0.));
#5351=CARTESIAN_POINT('',(9.90710678118655,1.30710678118655,0.));
#5352=CARTESIAN_POINT('',(10.6142135623731,1.6,0.));
#5353=CARTESIAN_POINT('Origin',(10.6142135623731,0.6,0.));
#5354=CARTESIAN_POINT('',(10.6142135623731,1.6,0.));
#5355=CARTESIAN_POINT('',(9.90710678118655,1.30710678118655,0.));
#5356=CARTESIAN_POINT('Origin',(10.2,1.6,0.));
#5357=CARTESIAN_POINT('',(55.7857864376269,1.6,0.));
#5358=CARTESIAN_POINT('',(10.2,1.6,0.));
#5359=CARTESIAN_POINT('',(55.7857864376269,1.6,0.));
#5360=CARTESIAN_POINT('Origin',(55.7857864376269,0.6,0.));
#5361=CARTESIAN_POINT('',(56.4928932188134,1.30710678118655,0.));
#5362=CARTESIAN_POINT('Origin',(55.7857864376269,0.6,0.));
#5363=CARTESIAN_POINT('',(56.4928932188134,1.30710678118655,0.));
#5364=CARTESIAN_POINT('Origin',(57.,0.8,0.));
#5365=CARTESIAN_POINT('',(57.5071067811865,0.292893218813457,0.));
#5366=CARTESIAN_POINT('',(42.95,14.85,0.));
#5367=CARTESIAN_POINT('',(57.5071067811865,0.292893218813456,0.));
#5368=CARTESIAN_POINT('Origin',(58.2142135623731,1.,0.));
#5369=CARTESIAN_POINT('',(58.2142135623731,0.,0.));
#5370=CARTESIAN_POINT('Origin',(58.2142135623731,1.,0.));
#5371=CARTESIAN_POINT('',(58.2142135623731,0.,0.));
#5372=CARTESIAN_POINT('Origin',(28.575,6.865,-3.5));
#5373=CARTESIAN_POINT('',(28.375,5.115,-3.7));
#5374=CARTESIAN_POINT('',(28.375,10.515,-3.7));
#5375=CARTESIAN_POINT('',(28.375,6.865,-3.7));
#5376=CARTESIAN_POINT('',(28.775,10.115,-3.3));
#5377=CARTESIAN_POINT('',(28.375,10.515,-3.7));
#5378=CARTESIAN_POINT('',(28.775,5.515,-3.3));
#5379=CARTESIAN_POINT('',(28.775,6.865,-3.3));
#5380=CARTESIAN_POINT('',(28.775,5.515,-3.3));
#5381=CARTESIAN_POINT('Origin',(30.9875,10.315,-3.5));
#5382=CARTESIAN_POINT('',(38.025,10.515,-3.7));
#5383=CARTESIAN_POINT('',(30.9875,10.515,-3.7));
#5384=CARTESIAN_POINT('',(37.625,10.115,-3.3));
#5385=CARTESIAN_POINT('',(38.025,10.515,-3.7));
#5386=CARTESIAN_POINT('',(30.9875,10.115,-3.3));
#5387=CARTESIAN_POINT('Origin',(37.825,9.165,-3.5));
#5388=CARTESIAN_POINT('',(37.625,5.515,-3.3));
#5389=CARTESIAN_POINT('',(37.625,9.165,-3.3));
#5390=CARTESIAN_POINT('',(38.025,5.115,-3.7));
#5391=CARTESIAN_POINT('',(38.025,9.165,-3.7));
#5392=CARTESIAN_POINT('',(38.025,5.115,-3.7));
#5393=CARTESIAN_POINT('Origin',(35.4125,5.315,-3.5));
#5394=CARTESIAN_POINT('',(36.689999980526,5.115,-3.7));
#5395=CARTESIAN_POINT('',(35.4125,5.115,-3.7));
#5396=CARTESIAN_POINT('',(36.689999980526,5.515,-3.3));
#5397=CARTESIAN_POINT('',(36.689999980526,4.81125,-4.00375));
#5398=CARTESIAN_POINT('',(35.4125,5.515,-3.3));
#5399=CARTESIAN_POINT('Origin',(35.4125,5.315,-3.5));
#5400=CARTESIAN_POINT('',(29.710000019474,5.515,-3.3));
#5401=CARTESIAN_POINT('',(35.4125,5.515,-3.3));
#5402=CARTESIAN_POINT('',(29.710000019474,5.115,-3.7));
#5403=CARTESIAN_POINT('',(29.710000019474,3.93625,-4.87875));
#5404=CARTESIAN_POINT('',(35.4125,5.115,-3.7));
#5405=CARTESIAN_POINT('Origin',(36.689999980526,0.,-0.200000000000002));
#5406=CARTESIAN_POINT('',(36.689999980526,4.715,-3.7));
#5407=CARTESIAN_POINT('',(36.689999980526,4.1075,-3.7));
#5408=CARTESIAN_POINT('',(36.689999980526,4.715,-0.200000000000002));
#5409=CARTESIAN_POINT('',(36.689999980526,4.715,-0.100000000000001));
#5410=CARTESIAN_POINT('',(36.689999980526,5.515,-0.200000000000002));
#5411=CARTESIAN_POINT('',(36.689999980526,0.,-0.200000000000002));
#5412=CARTESIAN_POINT('',(36.689999980526,5.515,-0.100000000000001));
#5413=CARTESIAN_POINT('Origin',(33.2,8.215,-3.7));
#5414=CARTESIAN_POINT('',(29.710000019474,4.715,-3.7));
#5415=CARTESIAN_POINT('',(29.710000019474,4.1075,-3.7));
#5416=CARTESIAN_POINT('',(27.175,4.715,-3.7));
#5417=CARTESIAN_POINT('',(36.2125,4.715,-3.7));
#5418=CARTESIAN_POINT('',(27.175,11.715,-3.7));
#5419=CARTESIAN_POINT('',(27.175,6.465,-3.7));
#5420=CARTESIAN_POINT('',(39.225,11.715,-3.7));
#5421=CARTESIAN_POINT('',(30.1875,11.715,-3.7));
#5422=CARTESIAN_POINT('',(39.225,4.715,-3.7));
#5423=CARTESIAN_POINT('',(39.225,9.965,-3.7));
#5424=CARTESIAN_POINT('',(36.2125,4.715,-3.7));
#5425=CARTESIAN_POINT('Origin',(37.625,5.515,0.));
#5426=CARTESIAN_POINT('',(29.710000019474,5.515,-0.199999999999999));
#5427=CARTESIAN_POINT('',(33.667500009737,5.515,-0.200000000000001));
#5428=CARTESIAN_POINT('',(29.710000019474,5.515,-1.85));
#5429=CARTESIAN_POINT('',(28.775,5.51500000000004,1.));
#5430=CARTESIAN_POINT('',(28.775,5.515,0.));
#5431=CARTESIAN_POINT('',(30.275,5.51500000000004,1.));
#5432=CARTESIAN_POINT('',(33.575,5.515,1.));
#5433=CARTESIAN_POINT('',(36.125,5.51500000000004,1.));
#5434=CARTESIAN_POINT('',(35.4125,5.515,1.));
#5435=CARTESIAN_POINT('',(37.625,5.51500000000004,1.));
#5436=CARTESIAN_POINT('',(37.25,5.515,1.));
#5437=CARTESIAN_POINT('',(37.625,5.515,0.));
#5438=CARTESIAN_POINT('Origin',(48.99,27.8,-4.09999999999997));
#5439=CARTESIAN_POINT('',(49.56,28.,-4.29999999999997));
#5440=CARTESIAN_POINT('',(49.56,27.6,-3.89999999999997));
#5441=CARTESIAN_POINT('',(49.56,26.725,-3.02499999999999));
#5442=CARTESIAN_POINT('',(46.82,27.6,-3.89999999999997));
#5443=CARTESIAN_POINT('',(48.99,27.6,-3.89999999999997));
#5444=CARTESIAN_POINT('',(46.82,28.,-4.29999999999997));
#5445=CARTESIAN_POINT('',(46.82,22.025,1.67500000000001));
#5446=CARTESIAN_POINT('',(48.99,28.,-4.29999999999997));
#5447=CARTESIAN_POINT('Origin',(51.16,27.6,-4.29999999999997));
#5448=CARTESIAN_POINT('',(49.56,27.6,-4.29999999999997));
#5449=CARTESIAN_POINT('',(49.56,27.6,-4.29999999999997));
#5450=CARTESIAN_POINT('',(46.82,27.6,-4.29999999999997));
#5451=CARTESIAN_POINT('',(46.82,18.2,-4.29999999999996));
#5452=CARTESIAN_POINT('',(45.22,27.6,-4.29999999999997));
#5453=CARTESIAN_POINT('',(51.16,27.6,-4.29999999999997));
#5454=CARTESIAN_POINT('',(45.22,29.2,-4.29999999999997));
#5455=CARTESIAN_POINT('',(45.22,17.4,-4.29999999999996));
#5456=CARTESIAN_POINT('',(51.16,29.2,-4.29999999999997));
#5457=CARTESIAN_POINT('',(58.78,29.2,-4.29999999999997));
#5458=CARTESIAN_POINT('',(51.16,27.6,-4.29999999999997));
#5459=CARTESIAN_POINT('',(51.16,28.4,-4.29999999999997));
#5460=CARTESIAN_POINT('',(51.16,27.6,-4.29999999999997));
#5461=CARTESIAN_POINT('Origin',(65.,22.9,-7.09999999999997));
#5462=CARTESIAN_POINT('',(64.8,8.8,-6.89999999999997));
#5463=CARTESIAN_POINT('',(64.8,27.6,-6.89999999999997));
#5464=CARTESIAN_POINT('',(64.8,22.9,-6.89999999999997));
#5465=CARTESIAN_POINT('',(65.2,28.,-7.29999999999997));
#5466=CARTESIAN_POINT('',(64.8,27.6,-6.89999999999997));
#5467=CARTESIAN_POINT('',(65.2,8.4,-7.29999999999997));
#5468=CARTESIAN_POINT('',(65.2,22.9,-7.29999999999997));
#5469=CARTESIAN_POINT('',(65.2,8.4,-7.29999999999997));
#5470=CARTESIAN_POINT('Origin',(58.935,27.8,-7.09999999999997));
#5471=CARTESIAN_POINT('',(61.66,28.,-7.29999999999997));
#5472=CARTESIAN_POINT('',(58.935,28.,-7.29999999999997));
#5473=CARTESIAN_POINT('',(62.06,27.6,-6.89999999999997));
#5474=CARTESIAN_POINT('',(58.935,27.6,-6.89999999999997));
#5475=CARTESIAN_POINT('',(61.66,28.,-7.29999999999997));
#5476=CARTESIAN_POINT('Origin',(60.305,8.6,-7.09999999999997));
#5477=CARTESIAN_POINT('',(62.06,8.8,-6.89999999999997));
#5478=CARTESIAN_POINT('',(60.305,8.8,-6.89999999999997));
#5479=CARTESIAN_POINT('',(61.66,8.4,-7.29999999999997));
#5480=CARTESIAN_POINT('',(60.305,8.4,-7.29999999999997));
#5481=CARTESIAN_POINT('',(61.66,8.4,-7.29999999999997));
#5482=CARTESIAN_POINT('Origin',(61.86,13.5,-7.09999999999997));
#5483=CARTESIAN_POINT('',(62.06,13.5,-6.89999999999997));
#5484=CARTESIAN_POINT('',(61.66,13.5,-7.29999999999997));
#5485=CARTESIAN_POINT('Origin',(62.06,27.6,0.));
#5486=CARTESIAN_POINT('',(64.8,27.6,1.2));
#5487=CARTESIAN_POINT('',(64.8,27.6,0.));
#5488=CARTESIAN_POINT('',(63.6,27.6,1.2));
#5489=CARTESIAN_POINT('',(63.13,27.6,1.2));
#5490=CARTESIAN_POINT('',(63.26,27.6,1.2));
#5491=CARTESIAN_POINT('',(47.63,27.6,1.2));
#5492=CARTESIAN_POINT('',(62.06,27.6,1.2));
#5493=CARTESIAN_POINT('',(62.36,27.6,1.2));
#5494=CARTESIAN_POINT('',(62.06,27.6,0.));
#5495=CARTESIAN_POINT('Origin',(64.8,27.6,0.));
#5496=CARTESIAN_POINT('',(64.8,8.8,1.2));
#5497=CARTESIAN_POINT('',(64.8,8.8,0.));
#5498=CARTESIAN_POINT('',(64.8,10.,1.2));
#5499=CARTESIAN_POINT('',(64.8,18.5,1.2));
#5500=CARTESIAN_POINT('',(64.8,26.4,1.2));
#5501=CARTESIAN_POINT('',(64.8,30.4,1.2));
#5502=CARTESIAN_POINT('',(64.8,27.3,1.2));
#5503=CARTESIAN_POINT('Origin',(55.81,18.2,-7.29999999999997));
#5504=CARTESIAN_POINT('',(66.4,28.2,-7.29999999999997));
#5505=CARTESIAN_POINT('',(65.4,29.2,-7.29999999999997));
#5506=CARTESIAN_POINT('Origin',(65.4,28.2,-7.29999999999997));
#5507=CARTESIAN_POINT('',(66.4,7.2,-7.29999999999997));
#5508=CARTESIAN_POINT('',(66.4,23.7,-7.29999999999997));
#5509=CARTESIAN_POINT('',(60.46,7.2,-7.29999999999997));
#5510=CARTESIAN_POINT('',(61.105,7.2,-7.29999999999997));
#5511=CARTESIAN_POINT('',(60.46,29.2,-7.29999999999997));
#5512=CARTESIAN_POINT('',(60.46,12.7,-7.29999999999997));
#5513=CARTESIAN_POINT('',(58.135,29.2,-7.29999999999997));
#5514=CARTESIAN_POINT('Origin',(46.62,13.5,-7.09999999999997));
#5515=CARTESIAN_POINT('',(46.42,8.4,-7.29999999999997));
#5516=CARTESIAN_POINT('',(46.42,27.6,-7.29999999999997));
#5517=CARTESIAN_POINT('',(46.42,13.5,-7.29999999999997));
#5518=CARTESIAN_POINT('',(46.82,27.6,-6.89999999999997));
#5519=CARTESIAN_POINT('',(47.705,27.6,-6.01499999999997));
#5520=CARTESIAN_POINT('',(46.82,8.8,-6.89999999999997));
#5521=CARTESIAN_POINT('',(46.82,13.5,-6.89999999999997));
#5522=CARTESIAN_POINT('',(46.82,8.8,-6.89999999999997));
#5523=CARTESIAN_POINT('Origin',(49.76,22.9,-7.09999999999997));
#5524=CARTESIAN_POINT('',(49.56,8.8,-6.89999999999997));
#5525=CARTESIAN_POINT('',(49.56,27.6,-6.89999999999997));
#5526=CARTESIAN_POINT('',(49.56,22.9,-6.89999999999997));
#5527=CARTESIAN_POINT('',(49.96,27.6,-7.29999999999997));
#5528=CARTESIAN_POINT('',(50.16,27.6,-7.49999999999997));
#5529=CARTESIAN_POINT('',(49.96,8.4,-7.29999999999997));
#5530=CARTESIAN_POINT('',(49.96,22.9,-7.29999999999997));
#5531=CARTESIAN_POINT('',(49.96,8.4,-7.29999999999997));
#5532=CARTESIAN_POINT('Origin',(52.685,8.6,-7.09999999999997));
#5533=CARTESIAN_POINT('',(52.685,8.8,-6.89999999999997));
#5534=CARTESIAN_POINT('',(52.685,8.4,-7.29999999999997));
#5535=CARTESIAN_POINT('Origin',(55.81,18.2,-7.29999999999997));
#5536=CARTESIAN_POINT('',(51.16,27.6,-7.29999999999997));
#5537=CARTESIAN_POINT('',(53.485,27.6,-7.29999999999997));
#5538=CARTESIAN_POINT('',(51.16,7.2,-7.29999999999997));
#5539=CARTESIAN_POINT('',(51.16,23.7,-7.29999999999997));
#5540=CARTESIAN_POINT('',(45.22,7.2,-7.29999999999997));
#5541=CARTESIAN_POINT('',(53.485,7.2,-7.29999999999997));
#5542=CARTESIAN_POINT('',(45.22,27.6,-7.29999999999997));
#5543=CARTESIAN_POINT('',(45.22,12.7,-7.29999999999997));
#5544=CARTESIAN_POINT('',(53.485,27.6,-7.29999999999997));
#5545=CARTESIAN_POINT('Origin',(51.16,27.6,-7.29999999999997));
#5546=CARTESIAN_POINT('',(49.56,27.6,0.));
#5547=CARTESIAN_POINT('',(51.16,27.6,-3.64999999999998));
#5548=CARTESIAN_POINT('Origin',(17.2000002086,41.3009999999971,-10.7999999999999));
#5549=CARTESIAN_POINT('',(17.4000002086,49.8019999999962,-10.9999999999999));
#5550=CARTESIAN_POINT('',(17.0000002086,49.4019999999961,-10.5999999999999));
#5551=CARTESIAN_POINT('',(17.4000002086,40.5979999999961,-10.9999999999999));
#5552=CARTESIAN_POINT('',(17.4000002086,41.3009999999971,-10.9999999999999));
#5553=CARTESIAN_POINT('',(17.4000002086,40.5979999999961,-10.9999999999999));
#5554=CARTESIAN_POINT('Origin',(5.45000005215,49.6019999999962,-10.7999999999999));
#5555=CARTESIAN_POINT('',(5.45000005215,49.8019999999962,-10.9999999999999));
#5556=CARTESIAN_POINT('Origin',(13.15000015645,40.7979999999961,-10.7999999999999));
#5557=CARTESIAN_POINT('',(13.15000015645,40.5979999999961,-10.9999999999999));
#5558=CARTESIAN_POINT('Origin',(5.45000005215,37.602,-10.7999999999999));
#5559=CARTESIAN_POINT('',(17.4000002086,37.802,-10.9999999999999));
#5560=CARTESIAN_POINT('',(5.45000005215,37.802,-10.9999999999999));
#5561=CARTESIAN_POINT('',(17.4000002086,37.802,-10.9999999999999));
#5562=CARTESIAN_POINT('Origin',(17.2000002086,35.300999999999,-10.7999999999999));
#5563=CARTESIAN_POINT('',(17.4000002086,28.598,-10.9999999999999));
#5564=CARTESIAN_POINT('',(17.4000002086,35.300999999999,-10.9999999999999));
#5565=CARTESIAN_POINT('',(17.4000002086,28.598,-10.9999999999999));
#5566=CARTESIAN_POINT('Origin',(13.15000015645,28.798,-10.7999999999999));
#5567=CARTESIAN_POINT('',(13.15000015645,28.598,-10.9999999999999));
#5568=CARTESIAN_POINT('',(13.15000015645,28.998,-10.5999999999999));
#5569=CARTESIAN_POINT('Origin',(17.0000002086,28.998,0.));
#5570=CARTESIAN_POINT('Origin',(5.45000005215,25.602,-10.7999999999999));
#5571=CARTESIAN_POINT('',(17.4000002086,25.802,-10.9999999999999));
#5572=CARTESIAN_POINT('',(5.45000005215,25.802,-10.9999999999999));
#5573=CARTESIAN_POINT('',(17.4000002086,25.802,-10.9999999999999));
#5574=CARTESIAN_POINT('Origin',(17.2000002086,29.300999999999,-10.7999999999999));
#5575=CARTESIAN_POINT('',(17.4000002086,16.598,-10.9999999999999));
#5576=CARTESIAN_POINT('',(17.4000002086,29.300999999999,-10.9999999999999));
#5577=CARTESIAN_POINT('',(17.4000002086,16.598,-10.9999999999999));
#5578=CARTESIAN_POINT('Origin',(13.15000015645,16.798,-10.7999999999999));
#5579=CARTESIAN_POINT('',(13.15000015645,16.598,-10.9999999999999));
#5580=CARTESIAN_POINT('Origin',(8.18578643762687,65.4,0.));
#5581=CARTESIAN_POINT('',(8.89289321881343,66.1071067811866,0.));
#5582=CARTESIAN_POINT('',(8.89289321881343,66.1071067811866,0.));
#5583=CARTESIAN_POINT('',(8.18578643762687,66.4,0.));
#5584=CARTESIAN_POINT('Origin',(8.18578643762687,65.4,0.));
#5585=CARTESIAN_POINT('',(8.18578643762687,66.4,0.));
#5586=CARTESIAN_POINT('Origin',(8.59999999999998,66.4,0.));
#5587=CARTESIAN_POINT('',(3.39999999999999,66.4,0.));
#5588=CARTESIAN_POINT('',(-4.06582737316921E-15,66.4,0.));
#5589=CARTESIAN_POINT('',(3.39999999999999,66.4,0.));
#5590=CARTESIAN_POINT('Origin',(33.2,33.2,0.));
#5591=CARTESIAN_POINT('',(18.3071069897865,56.6928930102134,0.));
#5592=CARTESIAN_POINT('',(8.59999999999998,66.4,0.));
#5593=CARTESIAN_POINT('',(18.6000002086,55.9857862290269,0.));
#5594=CARTESIAN_POINT('Origin',(17.6000002086,55.9857862290269,0.));
#5595=CARTESIAN_POINT('',(18.6000002086,51.0019999999962,0.));
#5596=CARTESIAN_POINT('',(18.6000002086,66.4,0.));
#5597=CARTESIAN_POINT('',(-3.12480327225181E-15,51.0019999999962,0.));
#5598=CARTESIAN_POINT('',(16.6,51.0019999999962,0.));
#5599=CARTESIAN_POINT('',(-3.88578058618805E-15,62.9999999639235,0.));
#5600=CARTESIAN_POINT('',(-4.06582737316921E-15,66.4,0.));
#5601=CARTESIAN_POINT('Origin',(3.39999999999999,63.,0.));
#5602=CARTESIAN_POINT('',(1.64999999999999,63.,0.));
#5603=CARTESIAN_POINT('Origin',(3.39999999999999,63.,0.));
#5604=CARTESIAN_POINT('Origin',(17.6000002086,55.9857862290269,0.));
#5605=CARTESIAN_POINT('',(18.6000002086,55.9857862290269,0.));
#5606=CARTESIAN_POINT('',(18.3071069897865,56.6928930102134,0.));
#5607=CARTESIAN_POINT('Origin',(18.6000002086,29.2,0.));
#5608=CARTESIAN_POINT('',(18.6000002086,30.2,-1.));
#5609=CARTESIAN_POINT('',(18.6000002086,30.2,0.));
#5610=CARTESIAN_POINT('',(18.6000002086,15.398,-1.));
#5611=CARTESIAN_POINT('',(18.6000002086,31.2,-1.));
#5612=CARTESIAN_POINT('',(18.6000002086,15.398,-10.9999999999999));
#5613=CARTESIAN_POINT('',(18.6000002086,15.398,0.));
#5614=CARTESIAN_POINT('',(18.6000002086,51.0019999999962,-10.9999999999999));
#5615=CARTESIAN_POINT('',(18.6000002086,42.1009999999971,-10.9999999999999));
#5616=CARTESIAN_POINT('',(18.6000002086,51.0019999999962,0.));
#5617=CARTESIAN_POINT('Origin',(65.4,28.2,0.));
#5618=CARTESIAN_POINT('',(66.4,28.2,0.));
#5619=CARTESIAN_POINT('',(65.4,29.2,0.));
#5620=CARTESIAN_POINT('Origin',(66.4,29.2,0.));
#5621=CARTESIAN_POINT('',(60.46,29.2,-1.));
#5622=CARTESIAN_POINT('',(60.46,29.2,0.));
#5623=CARTESIAN_POINT('',(59.46,29.2,0.));
#5624=CARTESIAN_POINT('Origin',(59.46,29.2,-1.));
#5625=CARTESIAN_POINT('',(52.16,29.2,0.));
#5626=CARTESIAN_POINT('',(18.6000002086,29.2,0.));
#5627=CARTESIAN_POINT('',(51.16,29.2,-1.));
#5628=CARTESIAN_POINT('Origin',(52.16,29.2,-1.));
#5629=CARTESIAN_POINT('',(51.16,29.2,0.));
#5630=CARTESIAN_POINT('',(45.22,29.2,-1.));
#5631=CARTESIAN_POINT('',(45.22,29.2,0.));
#5632=CARTESIAN_POINT('',(44.22,29.2,0.));
#5633=CARTESIAN_POINT('Origin',(44.22,29.2,-1.));
#5634=CARTESIAN_POINT('',(44.02,29.2,0.));
#5635=CARTESIAN_POINT('',(18.6000002086,29.2,0.));
#5636=CARTESIAN_POINT('',(43.02,29.2,-1.));
#5637=CARTESIAN_POINT('Origin',(44.02,29.2,-1.));
#5638=CARTESIAN_POINT('',(43.02,29.2,-3.69999999999989));
#5639=CARTESIAN_POINT('',(43.02,29.2,-0.924999999999973));
#5640=CARTESIAN_POINT('',(41.42,29.2,-3.69999999999989));
#5641=CARTESIAN_POINT('',(38.8875,29.2,-3.69999999999989));
#5642=CARTESIAN_POINT('',(41.1114213562373,29.2,-3.39142135623725));
#5643=CARTESIAN_POINT('',(39.2912499999999,29.2,-1.57124999999994));
#5644=CARTESIAN_POINT('',(41.1114213562373,29.2,-3.10857864376261));
#5645=CARTESIAN_POINT('Origin',(41.2528427124746,29.2,-3.24999999999993));
#5646=CARTESIAN_POINT('',(41.42,29.2,-2.8));
#5647=CARTESIAN_POINT('',(39.7662499999997,29.2,-4.45374999999999));
#5648=CARTESIAN_POINT('',(41.42,29.2,3.46944695195361E-17));
#5649=CARTESIAN_POINT('',(41.42,29.2,-2.32499999999997));
#5650=CARTESIAN_POINT('',(28.09,29.2,3.46944695195361E-17));
#5651=CARTESIAN_POINT('',(18.6000002086,29.2,0.));
#5652=CARTESIAN_POINT('',(28.09,29.2,-2.8));
#5653=CARTESIAN_POINT('',(28.09,29.2,-0.924999999999973));
#5654=CARTESIAN_POINT('',(28.3985786437627,29.2,-3.10857864376261));
#5655=CARTESIAN_POINT('',(29.5187500000003,29.2,-4.22875000000002));
#5656=CARTESIAN_POINT('',(28.3985786437627,29.2,-3.39142135623725));
#5657=CARTESIAN_POINT('Origin',(28.2571572875254,29.2,-3.24999999999993));
#5658=CARTESIAN_POINT('',(28.09,29.2,-3.69999999999989));
#5659=CARTESIAN_POINT('',(30.4437500000001,29.2,-1.34624999999996));
#5660=CARTESIAN_POINT('',(26.49,29.2,-3.69999999999989));
#5661=CARTESIAN_POINT('',(31.4225,29.2,-3.69999999999988));
#5662=CARTESIAN_POINT('',(26.49,29.2,-1.));
#5663=CARTESIAN_POINT('',(26.49,29.2,-2.77499999999992));
#5664=CARTESIAN_POINT('',(25.49,29.2,0.));
#5665=CARTESIAN_POINT('Origin',(25.49,29.2,-1.));
#5666=CARTESIAN_POINT('',(19.6000002086,29.2,0.));
#5667=CARTESIAN_POINT('',(18.6000002086,29.2,0.));
#5668=CARTESIAN_POINT('',(19.6000002086,29.2,0.));
#5669=CARTESIAN_POINT('Origin',(19.6000002086,30.2,0.));
#5670=CARTESIAN_POINT('Origin',(19.6000002086,30.2,-1.));
#5671=CARTESIAN_POINT('Origin',(51.16,27.6,-7.29999999999997));
#5672=CARTESIAN_POINT('',(45.22,27.6,-3.64999999999998));
#5673=CARTESIAN_POINT('',(46.82,27.6,0.));
#5674=CARTESIAN_POINT('Origin',(45.22,7.2,0.));
#5675=CARTESIAN_POINT('',(45.22,7.2,-1.));
#5676=CARTESIAN_POINT('',(45.22,7.2,0.));
#5677=CARTESIAN_POINT('',(45.22,20.2,-1.));
#5678=CARTESIAN_POINT('Origin',(9.4,0.8,0.));
#5679=CARTESIAN_POINT('',(23.45,14.85,0.));
#5680=CARTESIAN_POINT('Origin',(33.2,33.2,0.));
#5681=CARTESIAN_POINT('',(0.,3.4,0.));
#5682=CARTESIAN_POINT('Origin',(3.4,3.4,0.));
#5683=CARTESIAN_POINT('',(-8.8162323070618E-16,14.398,0.));
#5684=CARTESIAN_POINT('',(-4.06582737316921E-15,66.4,0.));
#5685=CARTESIAN_POINT('',(19.6000002086,14.398,0.));
#5686=CARTESIAN_POINT('',(25.9000001043,14.398,0.));
#5687=CARTESIAN_POINT('',(19.6000002086,31.2,0.));
#5688=CARTESIAN_POINT('',(25.49,19.,0.));
#5689=CARTESIAN_POINT('',(25.49,26.6,0.));
#5690=CARTESIAN_POINT('',(28.19,19.,0.));
#5691=CARTESIAN_POINT('',(30.695,19.,0.));
#5692=CARTESIAN_POINT('',(28.19,18.,0.));
#5693=CARTESIAN_POINT('',(28.19,20.,0.));
#5694=CARTESIAN_POINT('',(41.32,18.,0.));
#5695=CARTESIAN_POINT('',(28.19,18.,0.));
#5696=CARTESIAN_POINT('',(41.32,19.,0.));
#5697=CARTESIAN_POINT('',(41.32,18.,0.));
#5698=CARTESIAN_POINT('',(44.02,19.,0.));
#5699=CARTESIAN_POINT('',(30.695,19.,0.));
#5700=CARTESIAN_POINT('',(44.02,26.6,0.));
#5701=CARTESIAN_POINT('',(44.22,6.2,0.));
#5702=CARTESIAN_POINT('',(44.22,20.2,0.));
#5703=CARTESIAN_POINT('',(52.16,6.2,0.));
#5704=CARTESIAN_POINT('',(42.18,6.2,0.));
#5705=CARTESIAN_POINT('',(52.16,31.2,0.));
#5706=CARTESIAN_POINT('',(59.46,7.2,0.));
#5707=CARTESIAN_POINT('',(59.46,20.2,0.));
#5708=CARTESIAN_POINT('',(66.4,7.2,0.));
#5709=CARTESIAN_POINT('',(49.8,7.2,0.));
#5710=CARTESIAN_POINT('',(66.4,3.4,0.));
#5711=CARTESIAN_POINT('',(66.4,0.,0.));
#5712=CARTESIAN_POINT('',(63.,5.55111512312578E-16,0.));
#5713=CARTESIAN_POINT('Origin',(63.,3.4,0.));
#5714=CARTESIAN_POINT('',(0.,0.,0.));
#5715=CARTESIAN_POINT('',(1.65,3.4,0.));
#5716=CARTESIAN_POINT('Origin',(3.4,3.4,0.));
#5717=CARTESIAN_POINT('',(61.25,3.4,0.));
#5718=CARTESIAN_POINT('Origin',(63.,3.4,0.));
#5719=CARTESIAN_POINT('',(26.175,4.715,0.));
#5720=CARTESIAN_POINT('',(40.225,4.715,0.));
#5721=CARTESIAN_POINT('',(36.2125,4.715,0.));
#5722=CARTESIAN_POINT('',(40.225,12.715,0.));
#5723=CARTESIAN_POINT('',(40.225,22.4575,0.));
#5724=CARTESIAN_POINT('',(26.175,12.715,0.));
#5725=CARTESIAN_POINT('',(30.1875,12.715,0.));
#5726=CARTESIAN_POINT('',(26.175,18.9575,0.));
#5727=CARTESIAN_POINT('Origin',(40.01,27.8,1.4));
#5728=CARTESIAN_POINT('',(48.02,27.6,1.2));
#5729=CARTESIAN_POINT('',(47.7560478181656,28.2372369372027,1.83723693720273));
#5730=CARTESIAN_POINT('',(48.36,27.6,1.2));
#5731=CARTESIAN_POINT('',(40.01,27.6,1.2));
#5732=CARTESIAN_POINT('',(48.3628684497648,27.6069250503252,1.20692505032523));
#5733=CARTESIAN_POINT('Origin',(46.82,27.6,0.));
#5734=CARTESIAN_POINT('',(49.56,27.6,1.2));
#5735=CARTESIAN_POINT('',(49.56,27.6,0.));
#5736=CARTESIAN_POINT('',(47.89,27.6,1.2));
#5737=CARTESIAN_POINT('',(46.82,27.6,1.2));
#5738=CARTESIAN_POINT('',(47.12,27.6,1.2));
#5739=CARTESIAN_POINT('',(46.82,27.6,0.));
#5740=CARTESIAN_POINT('Origin',(45.5735786437627,25.4364213562373,1.4));
#5741=CARTESIAN_POINT('',(46.82,26.4,1.2));
#5742=CARTESIAN_POINT('',(47.0017712940315,26.3247078647621,1.01822870596854));
#5743=CARTESIAN_POINT('',(48.02,27.6,1.2));
#5744=CARTESIAN_POINT('Origin',(46.62,21.,1.4));
#5745=CARTESIAN_POINT('',(46.82,10.,1.2));
#5746=CARTESIAN_POINT('',(46.4433571088283,9.84398940630525,1.57664289117176));
#5747=CARTESIAN_POINT('',(46.82,21.,1.2));
#5748=CARTESIAN_POINT('Origin',(46.82,8.8,0.));
#5749=CARTESIAN_POINT('',(46.82,17.9,1.2));
#5750=CARTESIAN_POINT('',(46.82,8.8,1.2));
#5751=CARTESIAN_POINT('',(46.82,9.1,1.2));
#5752=CARTESIAN_POINT('',(46.82,8.8,0.));
#5753=CARTESIAN_POINT('Origin',(49.76,30.4,1.4));
#5754=CARTESIAN_POINT('',(49.56,26.4,1.2));
#5755=CARTESIAN_POINT('',(49.3447529698357,26.3108417608454,0.984752969835728));
#5756=CARTESIAN_POINT('',(49.56,10.,1.2));
#5757=CARTESIAN_POINT('',(49.56,30.4,1.2));
#5758=CARTESIAN_POINT('',(47.9483263125979,10.6675770994418,-0.411673687402075));
#5759=CARTESIAN_POINT('Origin',(49.56,27.6,0.));
#5760=CARTESIAN_POINT('',(49.56,8.8,1.2));
#5761=CARTESIAN_POINT('',(49.56,8.8,0.));
#5762=CARTESIAN_POINT('',(49.56,18.5,1.2));
#5763=CARTESIAN_POINT('',(49.56,27.3,1.2));
#5764=CARTESIAN_POINT('Origin',(43.9114213562373,32.3314213562373,1.4));
#5765=CARTESIAN_POINT('',(49.56,26.4,1.2));
#5766=CARTESIAN_POINT('Origin',(37.4735786437627,19.0635786437627,1.4));
#5767=CARTESIAN_POINT('',(48.02,8.8,1.2));
#5768=CARTESIAN_POINT('',(48.2626954259523,9.38591858885993,0.614081411140067));
#5769=CARTESIAN_POINT('',(48.02,8.8,1.2));
#5770=CARTESIAN_POINT('Origin',(41.38,8.6,1.4));
#5771=CARTESIAN_POINT('',(48.36,8.8,1.2));
#5772=CARTESIAN_POINT('',(48.0315035855171,9.5930604990357,0.406939500964298));
#5773=CARTESIAN_POINT('',(41.38,8.8,1.2));
#5774=CARTESIAN_POINT('Origin',(49.56,8.8,0.));
#5775=CARTESIAN_POINT('',(48.49,8.8,1.2));
#5776=CARTESIAN_POINT('',(49.26,8.8,1.2));
#5777=CARTESIAN_POINT('Origin',(50.8114213562373,10.9685786437627,1.4));
#5778=CARTESIAN_POINT('',(48.36,8.8,1.2));
#5779=CARTESIAN_POINT('Origin',(47.63,27.8,1.4));
#5780=CARTESIAN_POINT('',(62.9078803208015,28.4500921050995,2.05009210509952));
#5781=CARTESIAN_POINT('',(63.5147009524008,27.3940698824284,0.994069882428446));
#5782=CARTESIAN_POINT('Origin',(57.0035786437627,21.6264213562373,1.4));
#5783=CARTESIAN_POINT('',(62.06,26.4,1.2));
#5784=CARTESIAN_POINT('',(61.7278934608739,26.5375630326588,1.53210653912614));
#5785=CARTESIAN_POINT('',(62.06,26.4,1.2));
#5786=CARTESIAN_POINT('Origin',(61.86,21.,1.4));
#5787=CARTESIAN_POINT('',(62.06,10.,1.2));
#5788=CARTESIAN_POINT('',(61.1694792756706,9.63113423840847,2.09052072432936));
#5789=CARTESIAN_POINT('',(62.06,21.,1.2));
#5790=CARTESIAN_POINT('Origin',(62.06,8.8,0.));
#5791=CARTESIAN_POINT('',(62.06,17.9,1.2));
#5792=CARTESIAN_POINT('',(62.06,8.8,1.2));
#5793=CARTESIAN_POINT('',(62.06,9.1,1.2));
#5794=CARTESIAN_POINT('',(62.06,8.8,0.));
#5795=CARTESIAN_POINT('Origin',(65.,30.4,1.4));
#5796=CARTESIAN_POINT('',(64.0708751366781,26.0979865929486,0.470875136678127));
#5797=CARTESIAN_POINT('',(62.6744484794403,10.8804322673386,-0.925551520559686));
#5798=CARTESIAN_POINT('Origin',(55.3414213562373,36.1414213562373,1.4));
#5799=CARTESIAN_POINT('',(63.6,27.6,1.2));
#5800=CARTESIAN_POINT('Origin',(48.9035786437627,22.8735786437627,1.4));
#5801=CARTESIAN_POINT('',(63.26,8.8,1.2));
#5802=CARTESIAN_POINT('',(63.4145279285882,9.17306342096314,0.826936579036865));
#5803=CARTESIAN_POINT('',(63.26,8.8,1.2));
#5804=CARTESIAN_POINT('Origin',(49.,8.6,1.4));
#5805=CARTESIAN_POINT('',(63.6,8.8,1.2));
#5806=CARTESIAN_POINT('',(63.183336088153,9.8059156669325,0.194084333067506));
#5807=CARTESIAN_POINT('',(49.,8.8,1.2));
#5808=CARTESIAN_POINT('Origin',(64.8,8.8,0.));
#5809=CARTESIAN_POINT('',(63.73,8.8,1.2));
#5810=CARTESIAN_POINT('',(64.5,8.8,1.2));
#5811=CARTESIAN_POINT('Origin',(62.2414213562373,7.15857864376269,1.4));
#5812=CARTESIAN_POINT('',(63.6,8.8,1.2));
#5813=CARTESIAN_POINT('Origin',(3.39999999999999,63.,1.3));
#5814=CARTESIAN_POINT('',(1.64999999999999,63.,1.));
#5815=CARTESIAN_POINT('',(1.34999999999999,63.,1.3));
#5816=CARTESIAN_POINT('Origin',(3.39999999999999,63.,1.));
#5817=CARTESIAN_POINT('Origin',(3.39999999999999,63.,0.));
#5818=CARTESIAN_POINT('',(1.64999999999999,63.,0.));
#5819=CARTESIAN_POINT('Origin',(3.4,3.4,1.3));
#5820=CARTESIAN_POINT('',(1.65,3.4,1.));
#5821=CARTESIAN_POINT('',(1.35,3.4,1.3));
#5822=CARTESIAN_POINT('Origin',(3.4,3.4,1.));
#5823=CARTESIAN_POINT('Origin',(3.4,3.4,0.));
#5824=CARTESIAN_POINT('',(1.65,3.4,0.));
#5825=CARTESIAN_POINT('Origin',(63.,3.4,1.3));
#5826=CARTESIAN_POINT('',(61.25,3.4,1.));
#5827=CARTESIAN_POINT('',(60.95,3.4,1.3));
#5828=CARTESIAN_POINT('Origin',(63.,3.4,1.));
#5829=CARTESIAN_POINT('Origin',(63.,3.4,0.));
#5830=CARTESIAN_POINT('',(61.25,3.4,0.));
#5831=CARTESIAN_POINT('Origin',(23.122867965644,12.242867965644,1.3));
#5832=CARTESIAN_POINT('',(30.7512275684934,6.66471505463267,-0.149715054632667));
#5833=CARTESIAN_POINT('',(28.775,7.01500000000004,1.));
#5834=CARTESIAN_POINT('',(30.275,5.51500000000004,1.));
#5835=CARTESIAN_POINT('',(28.9421029973642,7.08421632782149,0.832897002635789));
#5836=CARTESIAN_POINT('Origin',(42.527132034356,11.492867965644,1.3));
#5837=CARTESIAN_POINT('',(35.8654795241082,6.1415378526114,0.373462147388605));
#5838=CARTESIAN_POINT('',(37.625,7.01500000000003,1.));
#5839=CARTESIAN_POINT('',(37.1373848435595,7.21697681101637,0.512384843559461));
#5840=CARTESIAN_POINT('',(36.125,5.51500000000004,1.));
#5841=CARTESIAN_POINT('Origin',(30.584632034356,16.079632034356,1.3));
#5842=CARTESIAN_POINT('',(36.125,10.115,1.));
#5843=CARTESIAN_POINT('',(36.3578706515932,10.677199485355,1.56219948535497));
#5844=CARTESIAN_POINT('',(37.625,8.61499999999999,1.));
#5845=CARTESIAN_POINT('',(36.125,10.115,1.));
#5846=CARTESIAN_POINT('',(38.1669952227223,8.83950177199301,1.54199522272234));
#5847=CARTESIAN_POINT('Origin',(37.925,21.6575,1.3));
#5848=CARTESIAN_POINT('',(37.625,21.6575,1.));
#5849=CARTESIAN_POINT('Origin',(37.625,10.115,0.));
#5850=CARTESIAN_POINT('',(37.625,8.19000000000002,1.));
#5851=CARTESIAN_POINT('',(37.625,10.115,1.));
#5852=CARTESIAN_POINT('',(37.625,9.74,1.));
#5853=CARTESIAN_POINT('',(37.625,10.115,0.));
#5854=CARTESIAN_POINT('Origin',(35.4125,5.215,1.3));
#5855=CARTESIAN_POINT('Origin',(36.5653679656441,16.8296320343559,1.3));
#5856=CARTESIAN_POINT('',(30.275,10.115,1.));
#5857=CARTESIAN_POINT('',(29.8254222558052,11.2003766873762,2.08537668737624));
#5858=CARTESIAN_POINT('',(28.775,8.615,1.));
#5859=CARTESIAN_POINT('',(28.553516936354,8.70674128879812,1.221483063646));
#5860=CARTESIAN_POINT('',(30.275,10.115,1.));
#5861=CARTESIAN_POINT('Origin',(28.475,19.3575,1.3));
#5862=CARTESIAN_POINT('',(28.775,19.3575,1.));
#5863=CARTESIAN_POINT('Origin',(28.775,5.515,0.));
#5864=CARTESIAN_POINT('',(28.775,10.115,1.));
#5865=CARTESIAN_POINT('',(28.775,10.115,0.));
#5866=CARTESIAN_POINT('',(28.775,7.44,1.));
#5867=CARTESIAN_POINT('',(28.775,5.89000000000002,1.));
#5868=CARTESIAN_POINT('Origin',(30.9875,10.415,1.3));
#5869=CARTESIAN_POINT('',(30.9875,10.115,1.));
#5870=CARTESIAN_POINT('Origin',(28.775,10.115,0.));
#5871=CARTESIAN_POINT('',(32.825,10.115,1.));
#5872=CARTESIAN_POINT('',(29.15,10.115,1.));
#5873=CARTESIAN_POINT('Origin',(47.42,27.,1.2));
#5874=CARTESIAN_POINT('Origin',(62.66,27.,1.2));
#5875=CARTESIAN_POINT('Origin',(64.2,9.4,1.2));
#5876=CARTESIAN_POINT('Origin',(48.96,9.4,1.2));
#5877=CARTESIAN_POINT('Origin',(48.96,27.,1.2));
#5878=CARTESIAN_POINT('Origin',(64.2,27.,1.2));
#5879=CARTESIAN_POINT('Origin',(62.66,9.4,1.2));
#5880=CARTESIAN_POINT('Origin',(47.42,9.4,1.2));
#5881=CARTESIAN_POINT('Origin',(30.1875,12.715,-1.));
#5882=CARTESIAN_POINT('',(39.225,11.715,-1.));
#5883=CARTESIAN_POINT('',(27.175,11.715,-1.));
#5884=CARTESIAN_POINT('',(30.1875,11.715,-1.));
#5885=CARTESIAN_POINT('Origin',(26.175,12.715,-1.));
#5886=CARTESIAN_POINT('Origin',(40.225,12.715,-1.));
#5887=CARTESIAN_POINT('Origin',(26.175,18.9575,-1.));
#5888=CARTESIAN_POINT('',(27.175,4.715,-1.));
#5889=CARTESIAN_POINT('',(27.175,18.9575,-1.));
#5890=CARTESIAN_POINT('Origin',(26.175,4.715,-1.));
#5891=CARTESIAN_POINT('Origin',(40.225,22.4575,-1.));
#5892=CARTESIAN_POINT('',(39.225,4.715,-1.));
#5893=CARTESIAN_POINT('Origin',(40.225,4.715,-1.));
#5894=CARTESIAN_POINT('',(39.225,22.4575,-1.));
#5895=CARTESIAN_POINT('Origin',(27.175,4.715,0.));
#5896=CARTESIAN_POINT('',(27.175,11.715,0.));
#5897=CARTESIAN_POINT('',(27.175,4.715,0.));
#5898=CARTESIAN_POINT('Origin',(27.175,11.715,0.));
#5899=CARTESIAN_POINT('',(39.225,11.715,0.));
#5900=CARTESIAN_POINT('Origin',(39.225,11.715,0.));
#5901=CARTESIAN_POINT('',(39.225,4.715,0.));
#5902=CARTESIAN_POINT('Origin',(25.9000001043,14.398,-1.));
#5903=CARTESIAN_POINT('',(0.,15.398,-1.));
#5904=CARTESIAN_POINT('Origin',(8.88178419700125E-15,14.398,-1.));
#5905=CARTESIAN_POINT('',(25.9000001043,15.398,-1.));
#5906=CARTESIAN_POINT('Origin',(19.6000002086,14.398,-1.));
#5907=CARTESIAN_POINT('Origin',(19.6000002086,31.2,-1.));
#5908=CARTESIAN_POINT('Origin',(25.49,26.6,-1.));
#5909=CARTESIAN_POINT('',(26.49,20.,-1.));
#5910=CARTESIAN_POINT('',(26.49,26.6,-1.));
#5911=CARTESIAN_POINT('Origin',(25.49,19.,-1.));
#5912=CARTESIAN_POINT('Origin',(30.695,19.,-1.));
#5913=CARTESIAN_POINT('',(28.19,20.,-1.));
#5914=CARTESIAN_POINT('',(30.695,20.,-1.));
#5915=CARTESIAN_POINT('Origin',(28.19,19.,-1.));
#5916=CARTESIAN_POINT('Origin',(44.02,26.6,-1.));
#5917=CARTESIAN_POINT('',(43.02,20.,-1.));
#5918=CARTESIAN_POINT('',(43.02,26.6,-1.));
#5919=CARTESIAN_POINT('Origin',(44.02,19.,-1.));
#5920=CARTESIAN_POINT('Origin',(30.695,19.,-1.));
#5921=CARTESIAN_POINT('',(41.32,20.,-1.));
#5922=CARTESIAN_POINT('Origin',(41.32,19.,-1.));
#5923=CARTESIAN_POINT('',(30.695,20.,-1.));
#5924=CARTESIAN_POINT('Origin',(43.02,20.,5.55111512312578E-16));
#5925=CARTESIAN_POINT('',(43.02,20.,-3.69999999999989));
#5926=CARTESIAN_POINT('',(43.02,20.,-3.69999999999989));
#5927=CARTESIAN_POINT('',(43.02,20.,-3.69999999999989));
#5928=CARTESIAN_POINT('Origin',(28.19,20.,0.));
#5929=CARTESIAN_POINT('',(26.49,20.,-3.69999999999989));
#5930=CARTESIAN_POINT('',(26.49,20.,-3.69999999999989));
#5931=CARTESIAN_POINT('',(28.09,20.,-3.69999999999989));
#5932=CARTESIAN_POINT('',(28.09,20.,-3.69999999999989));
#5933=CARTESIAN_POINT('',(28.3985786437627,20.,-3.39142135623725));
#5934=CARTESIAN_POINT('',(28.54,20.,-3.24999999999992));
#5935=CARTESIAN_POINT('',(28.3985786437627,20.,-3.10857864376261));
#5936=CARTESIAN_POINT('Origin',(28.2571572875254,20.,-3.24999999999993));
#5937=CARTESIAN_POINT('',(28.4350496871936,20.,-3.1450496871935));
#5938=CARTESIAN_POINT('',(28.54,20.,-3.24999999999992));
#5939=CARTESIAN_POINT('',(28.2898935477846,20.,-9.28422225573598E-17));
#5940=CARTESIAN_POINT('',(28.2898937740647,20.,-4.90273547612341E-6));
#5941=CARTESIAN_POINT('',(41.22,20.,0.));
#5942=CARTESIAN_POINT('',(41.32,20.,0.));
#5943=CARTESIAN_POINT('',(41.22,20.,-2.99999999999997));
#5944=CARTESIAN_POINT('',(41.22,20.,-1.55000000000003));
#5945=CARTESIAN_POINT('',(41.1114213562373,20.,-3.10857864376261));
#5946=CARTESIAN_POINT('',(40.97,20.,-3.24999999999992));
#5947=CARTESIAN_POINT('',(41.1114213562373,20.,-3.39142135623725));
#5948=CARTESIAN_POINT('Origin',(41.2528427124746,20.,-3.24999999999993));
#5949=CARTESIAN_POINT('',(41.42,20.,-3.69999999999989));
#5950=CARTESIAN_POINT('',(40.97,20.,-3.24999999999992));
#5951=CARTESIAN_POINT('',(41.42,20.,-3.69999999999989));
#5952=CARTESIAN_POINT('',(41.32,20.,0.));
#5953=CARTESIAN_POINT('',(28.19,20.,0.));
#5954=CARTESIAN_POINT('Origin',(44.22,20.2,-1.));
#5955=CARTESIAN_POINT('Origin',(44.22,6.2,-1.));
#5956=CARTESIAN_POINT('Origin',(42.18,6.2,-1.));
#5957=CARTESIAN_POINT('',(51.16,7.2,-1.));
#5958=CARTESIAN_POINT('',(42.18,7.2,-1.));
#5959=CARTESIAN_POINT('Origin',(52.16,6.2,-1.));
#5960=CARTESIAN_POINT('Origin',(52.16,31.2,-1.));
#5961=CARTESIAN_POINT('',(51.16,31.2,-1.));
#5962=CARTESIAN_POINT('Origin',(59.46,20.2,-1.));
#5963=CARTESIAN_POINT('',(60.46,7.2,-1.));
#5964=CARTESIAN_POINT('Origin',(59.46,7.2,-1.));
#5965=CARTESIAN_POINT('',(60.46,20.2,-1.));
#5966=CARTESIAN_POINT('Origin',(28.3398406045571,20.05,0.00230033559494432));
#5967=CARTESIAN_POINT('',(28.54,20.1,-3.24999999999992));
#5968=CARTESIAN_POINT('',(27.921787767834,19.5109476993116,-2.63178776783402));
#5969=CARTESIAN_POINT('',(28.39,20.1,-1.73472347597681E-17));
#5970=CARTESIAN_POINT('',(28.3897874350496,20.1,0.00460557392536477));
#5971=CARTESIAN_POINT('',(32.843724369269,24.5489883226377,-1.73472347597681E-17));
#5972=CARTESIAN_POINT('Origin',(28.39,20.,-2.77555756156289E-15));
#5973=CARTESIAN_POINT('',(28.54,20.4,-3.24999999999992));
#5974=CARTESIAN_POINT('',(28.54,20.,-3.24999999999992));
#5975=CARTESIAN_POINT('',(28.39,20.4,-1.73472347597681E-17));
#5976=CARTESIAN_POINT('',(28.4273405762872,20.4,-0.809045819555958));
#5977=CARTESIAN_POINT('',(28.39,26.6,-1.73472347597681E-17));
#5978=CARTESIAN_POINT('Origin',(28.54,20.,-3.24999999999992));
#5979=CARTESIAN_POINT('',(28.3985786437627,20.5,-3.10857864376261));
#5980=CARTESIAN_POINT('',(28.3985786437627,20.,-3.10857864376261));
#5981=CARTESIAN_POINT('',(28.4350496871936,20.5,-3.1450496871935));
#5982=CARTESIAN_POINT('',(28.54,20.5,-3.24999999999992));
#5983=CARTESIAN_POINT('',(28.1500668862607,20.7715406875046,-2.86006688626072));
#5984=CARTESIAN_POINT('Origin',(28.3773937457947,20.45,-0.811351057886378));
#5985=CARTESIAN_POINT('',(28.2898935477846,20.5,0.));
#5986=CARTESIAN_POINT('',(28.3274469153023,20.5,-0.813656296216799));
#5987=CARTESIAN_POINT('',(26.3781263081522,22.4097342851781,1.38777878078145E-16));
#5988=CARTESIAN_POINT('Origin',(28.315,20.5,-1.62499999999996));
#5989=CARTESIAN_POINT('',(28.09,20.5,-2.8));
#5990=CARTESIAN_POINT('',(27.8525,20.5,-2.56250000000004));
#5991=CARTESIAN_POINT('',(28.09,20.5,3.46944695195361E-17));
#5992=CARTESIAN_POINT('',(28.09,20.5,-0.812499999999981));
#5993=CARTESIAN_POINT('',(30.7575,20.5,0.));
#5994=CARTESIAN_POINT('Origin',(41.17,20.05,-1.55000000000003));
#5995=CARTESIAN_POINT('',(41.12,20.1,-3.09999999999995));
#5996=CARTESIAN_POINT('',(41.3616666666666,19.8583333333333,-2.85833333333334));
#5997=CARTESIAN_POINT('',(41.12,20.1,0.));
#5998=CARTESIAN_POINT('',(35.89,25.3299999999999,1.38777878078145E-16));
#5999=CARTESIAN_POINT('',(41.12,20.1,-1.55000000000003));
#6000=CARTESIAN_POINT('Origin',(41.17,20.45,-2.07499999999998));
#6001=CARTESIAN_POINT('',(41.22,20.5,-2.99999999999997));
#6002=CARTESIAN_POINT('',(41.12,20.4,-3.09999999999995));
#6003=CARTESIAN_POINT('',(41.1908333333333,20.4708333333333,-3.02916666666664));
#6004=CARTESIAN_POINT('',(41.12,20.4,0.));
#6005=CARTESIAN_POINT('',(41.12,20.4,-2.07499999999998));
#6006=CARTESIAN_POINT('',(41.22,20.5,0.));
#6007=CARTESIAN_POINT('',(42.365,21.645,-1.38777878078145E-16));
#6008=CARTESIAN_POINT('',(41.22,20.5,-2.07499999999998));
#6009=CARTESIAN_POINT('Origin',(41.12,20.,-3.09999999999998));
#6010=CARTESIAN_POINT('',(41.12,26.6,0.));
#6011=CARTESIAN_POINT('',(41.12,20.,-3.09999999999995));
#6012=CARTESIAN_POINT('Origin',(33.2,33.2,0.));
#6013=CARTESIAN_POINT('',(28.09,26.6,0.));
#6014=CARTESIAN_POINT('',(41.42,20.5,3.46944695195361E-17));
#6015=CARTESIAN_POINT('',(41.42,26.6,0.));
#6016=CARTESIAN_POINT('',(34.4025,20.5,0.));
#6017=CARTESIAN_POINT('Origin',(35.605,20.5,-1.04999999999995));
#6018=CARTESIAN_POINT('',(41.42,20.5,-2.8));
#6019=CARTESIAN_POINT('',(41.42,20.5,-1.92499999999997));
#6020=CARTESIAN_POINT('',(40.1787499999998,20.5,-4.04125000000002));
#6021=CARTESIAN_POINT('Origin',(41.2528427124746,20.,-3.24999999999993));
#6022=CARTESIAN_POINT('',(41.1114213562373,20.,-3.39142135623725));
#6023=CARTESIAN_POINT('',(41.1114213562373,20.,-3.10857864376261));
#6024=CARTESIAN_POINT('Origin',(41.42,20.,-3.69999999999989));
#6025=CARTESIAN_POINT('',(41.42,20.,-3.69999999999989));
#6026=CARTESIAN_POINT('Origin',(28.2571572875254,20.,-3.24999999999993));
#6027=CARTESIAN_POINT('',(28.3985786437627,20.,-3.10857864376261));
#6028=CARTESIAN_POINT('',(28.3985786437627,20.,-3.39142135623725));
#6029=CARTESIAN_POINT('Origin',(28.09,20.,-2.8));
#6030=CARTESIAN_POINT('',(28.09,20.,-2.8));
#6031=CARTESIAN_POINT('Origin',(28.09,20.,-3.69999999999989));
#6032=CARTESIAN_POINT('',(28.09,20.,-3.69999999999989));
#6033=CARTESIAN_POINT('',(26.49,20.,-3.69999999999989));
#6034=CARTESIAN_POINT('Origin',(28.54,20.,-3.24999999999992));
#6035=CARTESIAN_POINT('Origin',(28.09,20.,3.46944695195361E-17));
#6036=CARTESIAN_POINT('Origin',(26.49,20.,-3.69999999999989));
#6037=CARTESIAN_POINT('Origin',(41.42,20.,-2.8));
#6038=CARTESIAN_POINT('',(41.42,20.,-2.8));
#6039=CARTESIAN_POINT('Origin',(40.97,20.,-3.24999999999992));
#6040=CARTESIAN_POINT('Origin',(43.02,20.,-3.69999999999989));
#6041=CARTESIAN_POINT('Origin',(29.710000019474,0.,-3.7));
#6042=CARTESIAN_POINT('',(29.710000019474,4.715,-0.199999999999999));
#6043=CARTESIAN_POINT('',(29.710000019474,0.,-0.199999999999999));
#6044=CARTESIAN_POINT('',(29.710000019474,4.715,-1.85));
#6045=CARTESIAN_POINT('Origin',(29.710000019474,0.,-0.199999999999999));
#6046=CARTESIAN_POINT('',(34.467500009737,4.715,-0.200000000000001));
#6047=CARTESIAN_POINT('Origin',(39.225,4.715,0.));
#6048=CARTESIAN_POINT('Origin',(29.525,6.26500000000004,1.));
#6049=CARTESIAN_POINT('Origin',(29.525,9.365,1.));
#6050=CARTESIAN_POINT('Origin',(36.875,6.26500000000003,1.));
#6051=CARTESIAN_POINT('Origin',(36.875,9.36499999999999,1.));
#6052=CARTESIAN_POINT('Origin',(51.16,7.2,0.));
#6053=CARTESIAN_POINT('',(51.16,7.2,0.));
#6054=CARTESIAN_POINT('Origin',(51.16,29.2,0.));
#6055=CARTESIAN_POINT('Origin',(60.46,7.2,0.));
#6056=CARTESIAN_POINT('',(60.46,7.2,0.));
#6057=CARTESIAN_POINT('Origin',(66.4,7.2,0.));
#6058=CARTESIAN_POINT('',(66.4,7.2,0.));
#6059=CARTESIAN_POINT('Origin',(-1.10830535322829E-15,18.099999999999,-6.19999999999996));
#6060=CARTESIAN_POINT('',(-1.10830535322829E-15,18.099999999999,-11.));
#6061=CARTESIAN_POINT('',(4.65000005215,18.099999999999,-10.9999999999999));
#6062=CARTESIAN_POINT('',(-1.10830535322829E-15,18.099999999999,-6.19999999999996));
#6063=CARTESIAN_POINT('',(-1.10830535322829E-15,18.099999999999,-3.09999999999999));
#6064=CARTESIAN_POINT('',(-1.10830535322829E-15,18.099999999999,-6.19999999999996));
#6065=CARTESIAN_POINT('Origin',(-1.29812560709613E-15,21.199999999999,-6.19999999999996));
#6066=CARTESIAN_POINT('',(-1.48794586096397E-15,24.299999999999,-6.19999999999996));
#6067=CARTESIAN_POINT('Origin',(-3.85763741510512E-15,21.199999999999,-6.19999999999996));
#6068=CARTESIAN_POINT('',(-1.48794586096397E-15,24.299999999999,-6.19999999999996));
#6069=CARTESIAN_POINT('Origin',(-1.48794586096397E-15,24.299999999999,-11.));
#6070=CARTESIAN_POINT('',(-1.48794586096397E-15,24.299999999999,-11.));
#6071=CARTESIAN_POINT('',(-1.48794586096397E-15,24.299999999999,-5.49999999999998));
#6072=CARTESIAN_POINT('',(4.65000005215,24.299999999999,-11.));
#6073=CARTESIAN_POINT('Origin',(-1.84309343271671E-15,30.099999999999,-6.19999999999996));
#6074=CARTESIAN_POINT('',(-1.84309343271671E-15,30.099999999999,-11.));
#6075=CARTESIAN_POINT('',(4.65000005215,30.099999999999,-10.9999999999999));
#6076=CARTESIAN_POINT('',(-1.84309343271671E-15,30.099999999999,-6.19999999999996));
#6077=CARTESIAN_POINT('',(-1.84309343271671E-15,30.099999999999,-3.1));
#6078=CARTESIAN_POINT('',(-1.84309343271671E-15,30.099999999999,-6.19999999999996));
#6079=CARTESIAN_POINT('Origin',(-2.03291368658455E-15,33.199999999999,-6.19999999999996));
#6080=CARTESIAN_POINT('',(-2.22273394045239E-15,36.299999999999,-6.19999999999996));
#6081=CARTESIAN_POINT('Origin',(-3.85763741510512E-15,33.199999999999,-6.19999999999996));
#6082=CARTESIAN_POINT('',(-2.22273394045239E-15,36.299999999999,-6.19999999999996));
#6083=CARTESIAN_POINT('Origin',(-2.22273394045239E-15,36.299999999999,-11.));
#6084=CARTESIAN_POINT('',(-2.22273394045239E-15,36.299999999999,-11.));
#6085=CARTESIAN_POINT('',(-2.22273394045239E-15,36.299999999999,-5.49999999999998));
#6086=CARTESIAN_POINT('',(4.65000005215,36.299999999999,-11.));
#6087=CARTESIAN_POINT('Origin',(-2.76770176607296E-15,45.199999999999,-6.19999999999996));
#6088=CARTESIAN_POINT('',(-2.57788151220512E-15,42.099999999999,-6.19999999999996));
#6089=CARTESIAN_POINT('',(-2.57788151220512E-15,42.099999999999,-6.19999999999996));
#6090=CARTESIAN_POINT('',(-2.9575220199408E-15,48.299999999999,-6.19999999999996));
#6091=CARTESIAN_POINT('Origin',(-3.85763741510512E-15,45.199999999999,-6.19999999999996));
#6092=CARTESIAN_POINT('',(-2.9575220199408E-15,48.299999999999,-6.19999999999996));
#6093=CARTESIAN_POINT('Origin',(-2.9575220199408E-15,48.299999999999,-11.));
#6094=CARTESIAN_POINT('',(-2.9575220199408E-15,48.299999999999,-11.));
#6095=CARTESIAN_POINT('',(-2.9575220199408E-15,48.299999999999,-5.49999999999995));
#6096=CARTESIAN_POINT('',(4.65000005215,48.299999999999,-11.));
#6097=CARTESIAN_POINT('Origin',(-2.57788151220512E-15,42.099999999999,-6.19999999999996));
#6098=CARTESIAN_POINT('',(-2.57788151220512E-15,42.099999999999,-11.));
#6099=CARTESIAN_POINT('',(4.65000005215,42.099999999999,-10.9999999999999));
#6100=CARTESIAN_POINT('',(-2.57788151220512E-15,42.099999999999,-3.0999999999999));
#6101=CARTESIAN_POINT('Origin',(-3.12480327225181E-15,51.0019999999962,
0.));
#6102=CARTESIAN_POINT('',(-3.22773617306364E-15,51.0019999999962,-11.));
#6103=CARTESIAN_POINT('',(4.65000005215001,51.0019999999962,-10.9999999999999));
#6104=CARTESIAN_POINT('',(-3.12480327225181E-15,51.0019999999962,0.));
#6105=CARTESIAN_POINT('Origin',(18.6000002086,15.398,0.));
#6106=CARTESIAN_POINT('',(-6.27156190809535E-45,15.398,-11.));
#6107=CARTESIAN_POINT('',(0.,15.398,0.));
#6108=CARTESIAN_POINT('',(13.95000015645,15.398,-10.9999999999999));
#6109=CARTESIAN_POINT('Origin',(9.3000001043,33.1999999999981,-10.9999999999999));
#6110=CARTESIAN_POINT('',(-1.66533453693773E-15,24.298999999999,-11.));
#6111=CARTESIAN_POINT('',(-1.66533453693773E-15,24.298999999999,-11.));
#6112=CARTESIAN_POINT('',(-1.66533453693773E-15,24.298999999999,-11.));
#6113=CARTESIAN_POINT('',(-1.66533453693773E-15,24.298999999999,-11.));
#6114=CARTESIAN_POINT('Origin',(41.32,18.,0.));
#6115=CARTESIAN_POINT('',(28.19,18.,0.));
#6116=CARTESIAN_POINT('',(41.32,18.,0.));
#6117=CARTESIAN_POINT('Origin',(41.32,20.,0.));
#6118=CARTESIAN_POINT('Origin',(28.19,18.,0.));
#6119=CARTESIAN_POINT('Origin',(18.6000002086,56.3999997914,0.));
#6120=CARTESIAN_POINT('Origin',(66.4,3.4,0.));
#6121=CARTESIAN_POINT('',(66.4,3.4,0.));
#6122=CARTESIAN_POINT('Origin',(63.,3.4,0.));
#6123=CARTESIAN_POINT('',(63.,5.55111512312578E-16,0.));
#6124=CARTESIAN_POINT('Origin',(56.2,0.,0.));
#6125=CARTESIAN_POINT('Origin',(3.4,3.4,0.));
#6126=CARTESIAN_POINT('',(0.,3.4,0.));
#6127=CARTESIAN_POINT('Origin',(-3.85763741510512E-15,62.9999999639235,
0.));
#6128=CARTESIAN_POINT('',(-3.88578058618805E-15,62.9999999639235,0.));
#6129=CARTESIAN_POINT('Origin',(3.39999999999999,63.,0.));
#6130=UNCERTAINTY_MEASURE_WITH_UNIT(LENGTH_MEASURE(0.01),#6134,
'DISTANCE_ACCURACY_VALUE',
'Maximum model space distance between geometric entities at asserted c
onnectivities');
#6131=UNCERTAINTY_MEASURE_WITH_UNIT(LENGTH_MEASURE(0.01),#6134,
'DISTANCE_ACCURACY_VALUE',
'Maximum model space distance between geometric entities at asserted c
onnectivities');
#6132=(
GEOMETRIC_REPRESENTATION_CONTEXT(3)
GLOBAL_UNCERTAINTY_ASSIGNED_CONTEXT((#6130))
GLOBAL_UNIT_ASSIGNED_CONTEXT((#6134,#6136,#6137))
REPRESENTATION_CONTEXT('','3D')
);
#6133=(
GEOMETRIC_REPRESENTATION_CONTEXT(3)
GLOBAL_UNCERTAINTY_ASSIGNED_CONTEXT((#6131))
GLOBAL_UNIT_ASSIGNED_CONTEXT((#6134,#6136,#6137))
REPRESENTATION_CONTEXT('','3D')
);
#6134=(
LENGTH_UNIT()
NAMED_UNIT(*)
SI_UNIT(.MILLI.,.METRE.)
);
#6135=(
LENGTH_UNIT()
NAMED_UNIT(*)
SI_UNIT($,.METRE.)
);
#6136=(
NAMED_UNIT(*)
PLANE_ANGLE_UNIT()
SI_UNIT($,.RADIAN.)
);
#6137=(
NAMED_UNIT(*)
SI_UNIT($,.STERADIAN.)
SOLID_ANGLE_UNIT()
);
#6138=SHAPE_DEFINITION_REPRESENTATION(#6139,#6140);
#6139=PRODUCT_DEFINITION_SHAPE('',$,#6142);
#6140=SHAPE_REPRESENTATION('',(#3812),#6132);
#6141=PRODUCT_DEFINITION_CONTEXT('part definition',#6146,'design');
#6142=PRODUCT_DEFINITION('3D PCB','3D PCB',#6143,#6141);
#6143=PRODUCT_DEFINITION_FORMATION('',$,#6148);
#6144=PRODUCT_RELATED_PRODUCT_CATEGORY('3D PCB','3D PCB',(#6148));
#6145=APPLICATION_PROTOCOL_DEFINITION('international standard',
'automotive_design',2009,#6146);
#6146=APPLICATION_CONTEXT(
'Core Data for Automotive Mechanical Design Process');
#6147=PRODUCT_CONTEXT('part definition',#6146,'mechanical');
#6148=PRODUCT('3D PCB','3D PCB',$,(#6147));
#6149=PRESENTATION_STYLE_ASSIGNMENT((#6150));
#6150=SURFACE_STYLE_USAGE(.BOTH.,#6151);
#6151=SURFACE_SIDE_STYLE('',(#6152));
#6152=SURFACE_STYLE_FILL_AREA(#6153);
#6153=FILL_AREA_STYLE('Steel - Satin',(#6154));
#6154=FILL_AREA_STYLE_COLOUR('Steel - Satin',#6155);
#6155=COLOUR_RGB('Steel - Satin',0.388235294117647,0.388235294117647,0.388235294117647);
ENDSEC;
END-ISO-10303-21;
