ISO-10303-21;
HEADER;
/* Generated by software containing ST-Developer
 * from STEP Tools, Inc. (www.steptools.com) 
 */

FILE_DESCRIPTION(
/* description */ (''),
/* implementation_level */ '2;1');

FILE_NAME(
/* name */ 'Enclosure top.step',
/* time_stamp */ '2025-09-15T15:34:06-06:00',
/* author */ (''),
/* organization */ (''),
/* preprocessor_version */ 'ST-DEVELOPER v20.1',
/* originating_system */ 'Autodesk Translation Framework v14.10.0.0',
/* authorisation */ '');

FILE_SCHEMA (('AUTOMOTIVE_DESIGN { 1 0 10303 214 3 1 1 }'));
ENDSEC;

DATA;
#10=MECHANICAL_DESIGN_GEOMETRIC_PRESENTATION_REPRESENTATION('',(#13),#6158);
#11=SHAPE_REPRESENTATION_RELATIONSHIP('SRR','None',#6165,#12);
#12=ADVANCED_BREP_SHAPE_REPRESENTATION('',(#14),#6157);
#13=STYLED_ITEM('',(#6174),#14);
#14=MANIFOLD_SOLID_BREP('Body1',#3428);
#15=CONICAL_SURFACE('',#3630,14.6,0.785398163397448);
#16=CONICAL_SURFACE('',#3640,4.2,0.785398163397447);
#17=CONICAL_SURFACE('',#3643,4.2,0.785398163397448);
#18=CONICAL_SURFACE('',#3646,4.2,0.785398163397448);
#19=CONICAL_SURFACE('',#3649,4.2,0.785398163397448);
#20=TOROIDAL_SURFACE('',#3503,5.40000000000001,1.6);
#21=TOROIDAL_SURFACE('',#3521,5.39999999999998,1.6);
#22=TOROIDAL_SURFACE('',#3541,5.39999999999999,1.6);
#23=TOROIDAL_SURFACE('',#3557,5.40000000000001,1.6);
#24=ELLIPSE('',#3493,2.26274169979695,1.6);
#25=ELLIPSE('',#3497,2.26274169979695,1.6);
#26=ELLIPSE('',#3498,2.26274169979695,1.6);
#27=ELLIPSE('',#3502,2.26274169979695,1.6);
#28=ELLIPSE('',#3508,2.26274169979695,1.6);
#29=ELLIPSE('',#3510,2.26274169979695,1.6);
#30=ELLIPSE('',#3512,2.26274169979695,1.6);
#31=ELLIPSE('',#3514,2.26274169979694,1.6);
#32=ELLIPSE('',#3516,2.26274169979695,1.6);
#33=ELLIPSE('',#3520,2.26274169979695,1.6);
#34=ELLIPSE('',#3526,2.26274169979695,1.6);
#35=ELLIPSE('',#3528,2.26274169979695,1.6);
#36=ELLIPSE('',#3530,2.26274169979695,1.6);
#37=ELLIPSE('',#3532,2.26274169979695,1.6);
#38=ELLIPSE('',#3534,2.26274169979695,1.6);
#39=ELLIPSE('',#3536,2.26274169979695,1.6);
#40=ELLIPSE('',#3540,2.26274169979695,1.6);
#41=ELLIPSE('',#3546,2.26274169979695,1.6);
#42=ELLIPSE('',#3548,2.26274169979695,1.6);
#43=ELLIPSE('',#3550,2.26274169979695,1.6);
#44=ELLIPSE('',#3552,2.26274169979696,1.6);
#45=ELLIPSE('',#3556,2.26274169979695,1.6);
#46=CYLINDRICAL_SURFACE('',#3492,1.6);
#47=CYLINDRICAL_SURFACE('',#3496,1.6);
#48=CYLINDRICAL_SURFACE('',#3499,1.6);
#49=CYLINDRICAL_SURFACE('',#3501,1.6);
#50=CYLINDRICAL_SURFACE('',#3507,1.6);
#51=CYLINDRICAL_SURFACE('',#3509,1.6);
#52=CYLINDRICAL_SURFACE('',#3511,1.6);
#53=CYLINDRICAL_SURFACE('',#3513,1.6);
#54=CYLINDRICAL_SURFACE('',#3515,1.6);
#55=CYLINDRICAL_SURFACE('',#3517,1.6);
#56=CYLINDRICAL_SURFACE('',#3519,1.6);
#57=CYLINDRICAL_SURFACE('',#3525,1.6);
#58=CYLINDRICAL_SURFACE('',#3527,1.6);
#59=CYLINDRICAL_SURFACE('',#3529,1.6);
#60=CYLINDRICAL_SURFACE('',#3531,1.6);
#61=CYLINDRICAL_SURFACE('',#3533,1.6);
#62=CYLINDRICAL_SURFACE('',#3535,1.6);
#63=CYLINDRICAL_SURFACE('',#3537,1.6);
#64=CYLINDRICAL_SURFACE('',#3539,1.6);
#65=CYLINDRICAL_SURFACE('',#3545,1.6);
#66=CYLINDRICAL_SURFACE('',#3547,1.6);
#67=CYLINDRICAL_SURFACE('',#3549,1.6);
#68=CYLINDRICAL_SURFACE('',#3551,1.6);
#69=CYLINDRICAL_SURFACE('',#3553,1.6);
#70=CYLINDRICAL_SURFACE('',#3555,1.6);
#71=CYLINDRICAL_SURFACE('',#3560,1.6);
#72=CYLINDRICAL_SURFACE('',#3564,3.80000000000001);
#73=CYLINDRICAL_SURFACE('',#3576,3.79999999999998);
#74=CYLINDRICAL_SURFACE('',#3580,3.80000000000001);
#75=CYLINDRICAL_SURFACE('',#3585,0.39);
#76=CYLINDRICAL_SURFACE('',#3587,0.4);
#77=CYLINDRICAL_SURFACE('',#3591,0.4);
#78=CYLINDRICAL_SURFACE('',#3595,0.4);
#79=CYLINDRICAL_SURFACE('',#3619,1.);
#80=CYLINDRICAL_SURFACE('',#3622,1.);
#81=CYLINDRICAL_SURFACE('',#3638,14.);
#82=CYLINDRICAL_SURFACE('',#3651,5.2);
#83=CYLINDRICAL_SURFACE('',#3653,5.2);
#84=CYLINDRICAL_SURFACE('',#3655,5.2);
#85=CYLINDRICAL_SURFACE('',#3657,5.2);
#86=CYLINDRICAL_SURFACE('',#3667,1.34);
#87=CYLINDRICAL_SURFACE('',#3668,1.34);
#88=CYLINDRICAL_SURFACE('',#3669,1.34);
#89=CYLINDRICAL_SURFACE('',#3670,3.79999999999999);
#90=CYLINDRICAL_SURFACE('',#3672,1.34);
#91=CIRCLE('',#3472,3.80000000000001);
#92=CIRCLE('',#3473,3.79999999999999);
#93=CIRCLE('',#3474,3.80000000000001);
#94=CIRCLE('',#3475,5.2);
#95=CIRCLE('',#3476,5.2);
#96=CIRCLE('',#3477,5.2);
#97=CIRCLE('',#3478,1.34);
#98=CIRCLE('',#3479,1.34);
#99=CIRCLE('',#3480,1.34);
#100=CIRCLE('',#3489,5.2);
#101=CIRCLE('',#3490,3.79999999999998);
#102=CIRCLE('',#3491,1.34);
#103=CIRCLE('',#3494,1.6);
#104=CIRCLE('',#3495,1.6);
#105=CIRCLE('',#3500,1.6);
#106=CIRCLE('',#3504,3.80000000000001);
#107=CIRCLE('',#3505,1.6);
#108=CIRCLE('',#3506,5.40000000000001);
#109=CIRCLE('',#3518,1.6);
#110=CIRCLE('',#3522,3.79999999999998);
#111=CIRCLE('',#3523,1.6);
#112=CIRCLE('',#3524,5.39999999999998);
#113=CIRCLE('',#3538,1.6);
#114=CIRCLE('',#3542,1.6);
#115=CIRCLE('',#3543,3.79999999999999);
#116=CIRCLE('',#3544,5.39999999999999);
#117=CIRCLE('',#3554,1.6);
#118=CIRCLE('',#3558,3.80000000000001);
#119=CIRCLE('',#3559,5.40000000000001);
#120=CIRCLE('',#3561,1.6);
#121=CIRCLE('',#3567,1.);
#122=CIRCLE('',#3568,1.);
#123=CIRCLE('',#3570,0.39);
#124=CIRCLE('',#3573,0.39);
#125=CIRCLE('',#3584,14.);
#126=CIRCLE('',#3588,0.4);
#127=CIRCLE('',#3589,0.4);
#128=CIRCLE('',#3592,0.4);
#129=CIRCLE('',#3593,0.4);
#130=CIRCLE('',#3596,0.4);
#131=CIRCLE('',#3597,0.4);
#132=CIRCLE('',#3620,1.);
#133=CIRCLE('',#3623,1.);
#134=CIRCLE('',#3631,15.2);
#135=CIRCLE('',#3632,14.);
#136=CIRCLE('',#3634,3.20000000000001);
#137=CIRCLE('',#3635,3.2);
#138=CIRCLE('',#3636,3.2);
#139=CIRCLE('',#3637,3.2);
#140=CIRCLE('',#3641,5.2);
#141=CIRCLE('',#3644,5.2);
#142=CIRCLE('',#3647,5.2);
#143=CIRCLE('',#3650,5.2);
#144=CIRCLE('',#3659,1.34);
#145=CIRCLE('',#3661,1.34);
#146=CIRCLE('',#3663,1.34);
#147=CIRCLE('',#3665,1.34);
#148=FACE_BOUND('',#485,.T.);
#149=FACE_BOUND('',#486,.T.);
#150=FACE_BOUND('',#499,.T.);
#151=FACE_BOUND('',#520,.T.);
#152=FACE_BOUND('',#521,.T.);
#153=FACE_BOUND('',#522,.T.);
#154=FACE_BOUND('',#527,.T.);
#155=FACE_BOUND('',#528,.T.);
#156=FACE_BOUND('',#529,.T.);
#157=FACE_BOUND('',#538,.T.);
#158=FACE_BOUND('',#587,.T.);
#159=FACE_BOUND('',#627,.T.);
#160=FACE_BOUND('',#628,.T.);
#161=PLANE('',#3442);
#162=PLANE('',#3443);
#163=PLANE('',#3444);
#164=PLANE('',#3445);
#165=PLANE('',#3446);
#166=PLANE('',#3447);
#167=PLANE('',#3448);
#168=PLANE('',#3449);
#169=PLANE('',#3450);
#170=PLANE('',#3451);
#171=PLANE('',#3452);
#172=PLANE('',#3453);
#173=PLANE('',#3454);
#174=PLANE('',#3455);
#175=PLANE('',#3456);
#176=PLANE('',#3457);
#177=PLANE('',#3458);
#178=PLANE('',#3459);
#179=PLANE('',#3460);
#180=PLANE('',#3461);
#181=PLANE('',#3462);
#182=PLANE('',#3463);
#183=PLANE('',#3464);
#184=PLANE('',#3465);
#185=PLANE('',#3466);
#186=PLANE('',#3467);
#187=PLANE('',#3468);
#188=PLANE('',#3469);
#189=PLANE('',#3470);
#190=PLANE('',#3471);
#191=PLANE('',#3481);
#192=PLANE('',#3482);
#193=PLANE('',#3483);
#194=PLANE('',#3484);
#195=PLANE('',#3485);
#196=PLANE('',#3486);
#197=PLANE('',#3487);
#198=PLANE('',#3488);
#199=PLANE('',#3562);
#200=PLANE('',#3563);
#201=PLANE('',#3565);
#202=PLANE('',#3566);
#203=PLANE('',#3569);
#204=PLANE('',#3571);
#205=PLANE('',#3572);
#206=PLANE('',#3574);
#207=PLANE('',#3575);
#208=PLANE('',#3577);
#209=PLANE('',#3578);
#210=PLANE('',#3579);
#211=PLANE('',#3581);
#212=PLANE('',#3582);
#213=PLANE('',#3583);
#214=PLANE('',#3586);
#215=PLANE('',#3590);
#216=PLANE('',#3594);
#217=PLANE('',#3598);
#218=PLANE('',#3599);
#219=PLANE('',#3600);
#220=PLANE('',#3601);
#221=PLANE('',#3602);
#222=PLANE('',#3603);
#223=PLANE('',#3604);
#224=PLANE('',#3605);
#225=PLANE('',#3606);
#226=PLANE('',#3607);
#227=PLANE('',#3608);
#228=PLANE('',#3609);
#229=PLANE('',#3610);
#230=PLANE('',#3611);
#231=PLANE('',#3612);
#232=PLANE('',#3613);
#233=PLANE('',#3614);
#234=PLANE('',#3615);
#235=PLANE('',#3616);
#236=PLANE('',#3617);
#237=PLANE('',#3618);
#238=PLANE('',#3621);
#239=PLANE('',#3624);
#240=PLANE('',#3625);
#241=PLANE('',#3626);
#242=PLANE('',#3627);
#243=PLANE('',#3628);
#244=PLANE('',#3629);
#245=PLANE('',#3633);
#246=PLANE('',#3639);
#247=PLANE('',#3642);
#248=PLANE('',#3645);
#249=PLANE('',#3648);
#250=PLANE('',#3652);
#251=PLANE('',#3654);
#252=PLANE('',#3656);
#253=PLANE('',#3658);
#254=PLANE('',#3660);
#255=PLANE('',#3662);
#256=PLANE('',#3664);
#257=PLANE('',#3666);
#258=PLANE('',#3671);
#259=FACE_OUTER_BOUND('',#451,.T.);
#260=FACE_OUTER_BOUND('',#452,.T.);
#261=FACE_OUTER_BOUND('',#453,.T.);
#262=FACE_OUTER_BOUND('',#454,.T.);
#263=FACE_OUTER_BOUND('',#455,.T.);
#264=FACE_OUTER_BOUND('',#456,.T.);
#265=FACE_OUTER_BOUND('',#457,.T.);
#266=FACE_OUTER_BOUND('',#458,.T.);
#267=FACE_OUTER_BOUND('',#459,.T.);
#268=FACE_OUTER_BOUND('',#460,.T.);
#269=FACE_OUTER_BOUND('',#461,.T.);
#270=FACE_OUTER_BOUND('',#462,.T.);
#271=FACE_OUTER_BOUND('',#463,.T.);
#272=FACE_OUTER_BOUND('',#464,.T.);
#273=FACE_OUTER_BOUND('',#465,.T.);
#274=FACE_OUTER_BOUND('',#466,.T.);
#275=FACE_OUTER_BOUND('',#467,.T.);
#276=FACE_OUTER_BOUND('',#468,.T.);
#277=FACE_OUTER_BOUND('',#469,.T.);
#278=FACE_OUTER_BOUND('',#470,.T.);
#279=FACE_OUTER_BOUND('',#471,.T.);
#280=FACE_OUTER_BOUND('',#472,.T.);
#281=FACE_OUTER_BOUND('',#473,.T.);
#282=FACE_OUTER_BOUND('',#474,.T.);
#283=FACE_OUTER_BOUND('',#475,.T.);
#284=FACE_OUTER_BOUND('',#476,.T.);
#285=FACE_OUTER_BOUND('',#477,.T.);
#286=FACE_OUTER_BOUND('',#478,.T.);
#287=FACE_OUTER_BOUND('',#479,.T.);
#288=FACE_OUTER_BOUND('',#480,.T.);
#289=FACE_OUTER_BOUND('',#481,.T.);
#290=FACE_OUTER_BOUND('',#482,.T.);
#291=FACE_OUTER_BOUND('',#483,.T.);
#292=FACE_OUTER_BOUND('',#484,.T.);
#293=FACE_OUTER_BOUND('',#487,.T.);
#294=FACE_OUTER_BOUND('',#488,.T.);
#295=FACE_OUTER_BOUND('',#489,.T.);
#296=FACE_OUTER_BOUND('',#490,.T.);
#297=FACE_OUTER_BOUND('',#491,.T.);
#298=FACE_OUTER_BOUND('',#492,.T.);
#299=FACE_OUTER_BOUND('',#493,.T.);
#300=FACE_OUTER_BOUND('',#494,.T.);
#301=FACE_OUTER_BOUND('',#495,.T.);
#302=FACE_OUTER_BOUND('',#496,.T.);
#303=FACE_OUTER_BOUND('',#497,.T.);
#304=FACE_OUTER_BOUND('',#498,.T.);
#305=FACE_OUTER_BOUND('',#500,.T.);
#306=FACE_OUTER_BOUND('',#501,.T.);
#307=FACE_OUTER_BOUND('',#502,.T.);
#308=FACE_OUTER_BOUND('',#503,.T.);
#309=FACE_OUTER_BOUND('',#504,.T.);
#310=FACE_OUTER_BOUND('',#505,.T.);
#311=FACE_OUTER_BOUND('',#506,.T.);
#312=FACE_OUTER_BOUND('',#507,.T.);
#313=FACE_OUTER_BOUND('',#508,.T.);
#314=FACE_OUTER_BOUND('',#509,.T.);
#315=FACE_OUTER_BOUND('',#510,.T.);
#316=FACE_OUTER_BOUND('',#511,.T.);
#317=FACE_OUTER_BOUND('',#512,.T.);
#318=FACE_OUTER_BOUND('',#513,.T.);
#319=FACE_OUTER_BOUND('',#514,.T.);
#320=FACE_OUTER_BOUND('',#515,.T.);
#321=FACE_OUTER_BOUND('',#516,.T.);
#322=FACE_OUTER_BOUND('',#517,.T.);
#323=FACE_OUTER_BOUND('',#518,.T.);
#324=FACE_OUTER_BOUND('',#519,.T.);
#325=FACE_OUTER_BOUND('',#523,.T.);
#326=FACE_OUTER_BOUND('',#524,.T.);
#327=FACE_OUTER_BOUND('',#525,.T.);
#328=FACE_OUTER_BOUND('',#526,.T.);
#329=FACE_OUTER_BOUND('',#530,.T.);
#330=FACE_OUTER_BOUND('',#531,.T.);
#331=FACE_OUTER_BOUND('',#532,.T.);
#332=FACE_OUTER_BOUND('',#533,.T.);
#333=FACE_OUTER_BOUND('',#534,.T.);
#334=FACE_OUTER_BOUND('',#535,.T.);
#335=FACE_OUTER_BOUND('',#536,.T.);
#336=FACE_OUTER_BOUND('',#537,.T.);
#337=FACE_OUTER_BOUND('',#539,.T.);
#338=FACE_OUTER_BOUND('',#540,.T.);
#339=FACE_OUTER_BOUND('',#541,.T.);
#340=FACE_OUTER_BOUND('',#542,.T.);
#341=FACE_OUTER_BOUND('',#543,.T.);
#342=FACE_OUTER_BOUND('',#544,.T.);
#343=FACE_OUTER_BOUND('',#545,.T.);
#344=FACE_OUTER_BOUND('',#546,.T.);
#345=FACE_OUTER_BOUND('',#547,.T.);
#346=FACE_OUTER_BOUND('',#548,.T.);
#347=FACE_OUTER_BOUND('',#549,.T.);
#348=FACE_OUTER_BOUND('',#550,.T.);
#349=FACE_OUTER_BOUND('',#551,.T.);
#350=FACE_OUTER_BOUND('',#552,.T.);
#351=FACE_OUTER_BOUND('',#553,.T.);
#352=FACE_OUTER_BOUND('',#554,.T.);
#353=FACE_OUTER_BOUND('',#555,.T.);
#354=FACE_OUTER_BOUND('',#556,.T.);
#355=FACE_OUTER_BOUND('',#557,.T.);
#356=FACE_OUTER_BOUND('',#558,.T.);
#357=FACE_OUTER_BOUND('',#559,.T.);
#358=FACE_OUTER_BOUND('',#560,.T.);
#359=FACE_OUTER_BOUND('',#561,.T.);
#360=FACE_OUTER_BOUND('',#562,.T.);
#361=FACE_OUTER_BOUND('',#563,.T.);
#362=FACE_OUTER_BOUND('',#564,.T.);
#363=FACE_OUTER_BOUND('',#565,.T.);
#364=FACE_OUTER_BOUND('',#566,.T.);
#365=FACE_OUTER_BOUND('',#567,.T.);
#366=FACE_OUTER_BOUND('',#568,.T.);
#367=FACE_OUTER_BOUND('',#569,.T.);
#368=FACE_OUTER_BOUND('',#570,.T.);
#369=FACE_OUTER_BOUND('',#571,.T.);
#370=FACE_OUTER_BOUND('',#572,.T.);
#371=FACE_OUTER_BOUND('',#573,.T.);
#372=FACE_OUTER_BOUND('',#574,.T.);
#373=FACE_OUTER_BOUND('',#575,.T.);
#374=FACE_OUTER_BOUND('',#576,.T.);
#375=FACE_OUTER_BOUND('',#577,.T.);
#376=FACE_OUTER_BOUND('',#578,.T.);
#377=FACE_OUTER_BOUND('',#579,.T.);
#378=FACE_OUTER_BOUND('',#580,.T.);
#379=FACE_OUTER_BOUND('',#581,.T.);
#380=FACE_OUTER_BOUND('',#582,.T.);
#381=FACE_OUTER_BOUND('',#583,.T.);
#382=FACE_OUTER_BOUND('',#584,.T.);
#383=FACE_OUTER_BOUND('',#585,.T.);
#384=FACE_OUTER_BOUND('',#586,.T.);
#385=FACE_OUTER_BOUND('',#588,.T.);
#386=FACE_OUTER_BOUND('',#589,.T.);
#387=FACE_OUTER_BOUND('',#590,.T.);
#388=FACE_OUTER_BOUND('',#591,.T.);
#389=FACE_OUTER_BOUND('',#592,.T.);
#390=FACE_OUTER_BOUND('',#593,.T.);
#391=FACE_OUTER_BOUND('',#594,.T.);
#392=FACE_OUTER_BOUND('',#595,.T.);
#393=FACE_OUTER_BOUND('',#596,.T.);
#394=FACE_OUTER_BOUND('',#597,.T.);
#395=FACE_OUTER_BOUND('',#598,.T.);
#396=FACE_OUTER_BOUND('',#599,.T.);
#397=FACE_OUTER_BOUND('',#600,.T.);
#398=FACE_OUTER_BOUND('',#601,.T.);
#399=FACE_OUTER_BOUND('',#602,.T.);
#400=FACE_OUTER_BOUND('',#603,.T.);
#401=FACE_OUTER_BOUND('',#604,.T.);
#402=FACE_OUTER_BOUND('',#605,.T.);
#403=FACE_OUTER_BOUND('',#606,.T.);
#404=FACE_OUTER_BOUND('',#607,.T.);
#405=FACE_OUTER_BOUND('',#608,.T.);
#406=FACE_OUTER_BOUND('',#609,.T.);
#407=FACE_OUTER_BOUND('',#610,.T.);
#408=FACE_OUTER_BOUND('',#611,.T.);
#409=FACE_OUTER_BOUND('',#612,.T.);
#410=FACE_OUTER_BOUND('',#613,.T.);
#411=FACE_OUTER_BOUND('',#614,.T.);
#412=FACE_OUTER_BOUND('',#615,.T.);
#413=FACE_OUTER_BOUND('',#616,.T.);
#414=FACE_OUTER_BOUND('',#617,.T.);
#415=FACE_OUTER_BOUND('',#618,.T.);
#416=FACE_OUTER_BOUND('',#619,.T.);
#417=FACE_OUTER_BOUND('',#620,.T.);
#418=FACE_OUTER_BOUND('',#621,.T.);
#419=FACE_OUTER_BOUND('',#622,.T.);
#420=FACE_OUTER_BOUND('',#623,.T.);
#421=FACE_OUTER_BOUND('',#624,.T.);
#422=FACE_OUTER_BOUND('',#625,.T.);
#423=FACE_OUTER_BOUND('',#626,.T.);
#424=FACE_OUTER_BOUND('',#629,.T.);
#425=FACE_OUTER_BOUND('',#630,.T.);
#426=FACE_OUTER_BOUND('',#631,.T.);
#427=FACE_OUTER_BOUND('',#632,.T.);
#428=FACE_OUTER_BOUND('',#633,.T.);
#429=FACE_OUTER_BOUND('',#634,.T.);
#430=FACE_OUTER_BOUND('',#635,.T.);
#431=FACE_OUTER_BOUND('',#636,.T.);
#432=FACE_OUTER_BOUND('',#637,.T.);
#433=FACE_OUTER_BOUND('',#638,.T.);
#434=FACE_OUTER_BOUND('',#639,.T.);
#435=FACE_OUTER_BOUND('',#640,.T.);
#436=FACE_OUTER_BOUND('',#641,.T.);
#437=FACE_OUTER_BOUND('',#642,.T.);
#438=FACE_OUTER_BOUND('',#643,.T.);
#439=FACE_OUTER_BOUND('',#644,.T.);
#440=FACE_OUTER_BOUND('',#645,.T.);
#441=FACE_OUTER_BOUND('',#646,.T.);
#442=FACE_OUTER_BOUND('',#647,.T.);
#443=FACE_OUTER_BOUND('',#648,.T.);
#444=FACE_OUTER_BOUND('',#649,.T.);
#445=FACE_OUTER_BOUND('',#650,.T.);
#446=FACE_OUTER_BOUND('',#651,.T.);
#447=FACE_OUTER_BOUND('',#652,.T.);
#448=FACE_OUTER_BOUND('',#653,.T.);
#449=FACE_OUTER_BOUND('',#654,.T.);
#450=FACE_OUTER_BOUND('',#655,.T.);
#451=EDGE_LOOP('',(#2210,#2211,#2212,#2213));
#452=EDGE_LOOP('',(#2214,#2215,#2216,#2217));
#453=EDGE_LOOP('',(#2218,#2219,#2220,#2221));
#454=EDGE_LOOP('',(#2222,#2223,#2224,#2225));
#455=EDGE_LOOP('',(#2226,#2227,#2228,#2229));
#456=EDGE_LOOP('',(#2230,#2231,#2232,#2233));
#457=EDGE_LOOP('',(#2234,#2235,#2236,#2237));
#458=EDGE_LOOP('',(#2238,#2239,#2240,#2241));
#459=EDGE_LOOP('',(#2242,#2243,#2244,#2245));
#460=EDGE_LOOP('',(#2246,#2247,#2248,#2249));
#461=EDGE_LOOP('',(#2250,#2251,#2252,#2253));
#462=EDGE_LOOP('',(#2254,#2255,#2256,#2257));
#463=EDGE_LOOP('',(#2258,#2259,#2260,#2261));
#464=EDGE_LOOP('',(#2262,#2263,#2264,#2265));
#465=EDGE_LOOP('',(#2266,#2267,#2268,#2269));
#466=EDGE_LOOP('',(#2270,#2271,#2272,#2273));
#467=EDGE_LOOP('',(#2274,#2275,#2276,#2277));
#468=EDGE_LOOP('',(#2278,#2279,#2280,#2281));
#469=EDGE_LOOP('',(#2282,#2283,#2284,#2285));
#470=EDGE_LOOP('',(#2286,#2287,#2288,#2289));
#471=EDGE_LOOP('',(#2290,#2291,#2292,#2293));
#472=EDGE_LOOP('',(#2294,#2295,#2296,#2297));
#473=EDGE_LOOP('',(#2298,#2299,#2300,#2301));
#474=EDGE_LOOP('',(#2302,#2303,#2304,#2305));
#475=EDGE_LOOP('',(#2306,#2307,#2308,#2309));
#476=EDGE_LOOP('',(#2310,#2311,#2312,#2313));
#477=EDGE_LOOP('',(#2314,#2315,#2316,#2317));
#478=EDGE_LOOP('',(#2318,#2319,#2320,#2321));
#479=EDGE_LOOP('',(#2322,#2323,#2324,#2325));
#480=EDGE_LOOP('',(#2326,#2327,#2328,#2329));
#481=EDGE_LOOP('',(#2330,#2331,#2332,#2333));
#482=EDGE_LOOP('',(#2334,#2335,#2336,#2337));
#483=EDGE_LOOP('',(#2338,#2339,#2340,#2341));
#484=EDGE_LOOP('',(#2342,#2343,#2344,#2345,#2346,#2347,#2348,#2349,#2350,
#2351,#2352,#2353,#2354,#2355,#2356));
#485=EDGE_LOOP('',(#2357,#2358,#2359,#2360,#2361,#2362,#2363,#2364,#2365));
#486=EDGE_LOOP('',(#2366,#2367,#2368,#2369,#2370,#2371,#2372,#2373,#2374));
#487=EDGE_LOOP('',(#2375,#2376,#2377,#2378));
#488=EDGE_LOOP('',(#2379,#2380,#2381,#2382));
#489=EDGE_LOOP('',(#2383,#2384,#2385,#2386));
#490=EDGE_LOOP('',(#2387,#2388,#2389,#2390));
#491=EDGE_LOOP('',(#2391,#2392,#2393,#2394));
#492=EDGE_LOOP('',(#2395,#2396,#2397,#2398));
#493=EDGE_LOOP('',(#2399,#2400,#2401,#2402));
#494=EDGE_LOOP('',(#2403,#2404,#2405,#2406));
#495=EDGE_LOOP('',(#2407,#2408,#2409,#2410));
#496=EDGE_LOOP('',(#2411,#2412,#2413,#2414));
#497=EDGE_LOOP('',(#2415,#2416,#2417,#2418));
#498=EDGE_LOOP('',(#2419,#2420,#2421,#2422,#2423,#2424,#2425,#2426));
#499=EDGE_LOOP('',(#2427,#2428,#2429));
#500=EDGE_LOOP('',(#2430,#2431,#2432,#2433));
#501=EDGE_LOOP('',(#2434,#2435,#2436,#2437));
#502=EDGE_LOOP('',(#2438,#2439,#2440,#2441));
#503=EDGE_LOOP('',(#2442,#2443,#2444,#2445));
#504=EDGE_LOOP('',(#2446,#2447,#2448,#2449));
#505=EDGE_LOOP('',(#2450,#2451,#2452,#2453));
#506=EDGE_LOOP('',(#2454,#2455,#2456,#2457));
#507=EDGE_LOOP('',(#2458,#2459,#2460,#2461));
#508=EDGE_LOOP('',(#2462,#2463,#2464,#2465));
#509=EDGE_LOOP('',(#2466,#2467,#2468,#2469));
#510=EDGE_LOOP('',(#2470,#2471,#2472,#2473));
#511=EDGE_LOOP('',(#2474,#2475,#2476,#2477));
#512=EDGE_LOOP('',(#2478,#2479,#2480,#2481));
#513=EDGE_LOOP('',(#2482,#2483,#2484,#2485));
#514=EDGE_LOOP('',(#2486,#2487,#2488,#2489));
#515=EDGE_LOOP('',(#2490,#2491,#2492,#2493));
#516=EDGE_LOOP('',(#2494,#2495,#2496,#2497));
#517=EDGE_LOOP('',(#2498,#2499,#2500,#2501));
#518=EDGE_LOOP('',(#2502,#2503,#2504,#2505,#2506,#2507,#2508,#2509,#2510,
#2511,#2512,#2513,#2514,#2515,#2516,#2517,#2518,#2519));
#519=EDGE_LOOP('',(#2520,#2521,#2522,#2523,#2524,#2525,#2526,#2527,#2528,
#2529,#2530,#2531));
#520=EDGE_LOOP('',(#2532,#2533,#2534,#2535,#2536,#2537,#2538,#2539,#2540,
#2541,#2542,#2543,#2544,#2545,#2546,#2547,#2548,#2549));
#521=EDGE_LOOP('',(#2550,#2551,#2552,#2553,#2554,#2555,#2556,#2557));
#522=EDGE_LOOP('',(#2558,#2559,#2560,#2561,#2562,#2563,#2564,#2565,#2566,
#2567,#2568,#2569,#2570,#2571,#2572));
#523=EDGE_LOOP('',(#2573,#2574,#2575));
#524=EDGE_LOOP('',(#2576,#2577,#2578,#2579,#2580,#2581,#2582,#2583,#2584));
#525=EDGE_LOOP('',(#2585,#2586,#2587,#2588));
#526=EDGE_LOOP('',(#2589,#2590,#2591,#2592,#2593,#2594,#2595,#2596,#2597,
#2598,#2599,#2600,#2601,#2602,#2603,#2604,#2605,#2606,#2607,#2608,#2609,
#2610,#2611,#2612,#2613,#2614));
#527=EDGE_LOOP('',(#2615));
#528=EDGE_LOOP('',(#2616));
#529=EDGE_LOOP('',(#2617));
#530=EDGE_LOOP('',(#2618,#2619,#2620,#2621));
#531=EDGE_LOOP('',(#2622,#2623,#2624,#2625));
#532=EDGE_LOOP('',(#2626,#2627,#2628,#2629));
#533=EDGE_LOOP('',(#2630,#2631,#2632,#2633));
#534=EDGE_LOOP('',(#2634,#2635,#2636,#2637,#2638,#2639,#2640,#2641,#2642));
#535=EDGE_LOOP('',(#2643,#2644,#2645,#2646));
#536=EDGE_LOOP('',(#2647,#2648,#2649,#2650));
#537=EDGE_LOOP('',(#2651,#2652,#2653,#2654,#2655,#2656,#2657,#2658,#2659,
#2660,#2661,#2662,#2663,#2664));
#538=EDGE_LOOP('',(#2665));
#539=EDGE_LOOP('',(#2666,#2667,#2668,#2669,#2670,#2671));
#540=EDGE_LOOP('',(#2672,#2673,#2674,#2675));
#541=EDGE_LOOP('',(#2676,#2677,#2678,#2679));
#542=EDGE_LOOP('',(#2680,#2681,#2682,#2683));
#543=EDGE_LOOP('',(#2684,#2685,#2686,#2687));
#544=EDGE_LOOP('',(#2688,#2689,#2690,#2691));
#545=EDGE_LOOP('',(#2692,#2693,#2694,#2695));
#546=EDGE_LOOP('',(#2696,#2697,#2698,#2699));
#547=EDGE_LOOP('',(#2700,#2701,#2702,#2703));
#548=EDGE_LOOP('',(#2704,#2705,#2706,#2707));
#549=EDGE_LOOP('',(#2708,#2709,#2710,#2711));
#550=EDGE_LOOP('',(#2712,#2713,#2714,#2715));
#551=EDGE_LOOP('',(#2716,#2717,#2718,#2719));
#552=EDGE_LOOP('',(#2720,#2721,#2722,#2723));
#553=EDGE_LOOP('',(#2724,#2725,#2726,#2727));
#554=EDGE_LOOP('',(#2728,#2729,#2730,#2731));
#555=EDGE_LOOP('',(#2732,#2733,#2734,#2735));
#556=EDGE_LOOP('',(#2736,#2737,#2738,#2739));
#557=EDGE_LOOP('',(#2740,#2741,#2742,#2743));
#558=EDGE_LOOP('',(#2744,#2745,#2746,#2747));
#559=EDGE_LOOP('',(#2748,#2749,#2750,#2751));
#560=EDGE_LOOP('',(#2752,#2753,#2754,#2755));
#561=EDGE_LOOP('',(#2756,#2757,#2758,#2759));
#562=EDGE_LOOP('',(#2760,#2761,#2762,#2763));
#563=EDGE_LOOP('',(#2764,#2765,#2766,#2767));
#564=EDGE_LOOP('',(#2768,#2769,#2770,#2771));
#565=EDGE_LOOP('',(#2772,#2773,#2774,#2775));
#566=EDGE_LOOP('',(#2776,#2777,#2778,#2779));
#567=EDGE_LOOP('',(#2780,#2781,#2782,#2783));
#568=EDGE_LOOP('',(#2784,#2785,#2786,#2787,#2788));
#569=EDGE_LOOP('',(#2789,#2790,#2791,#2792));
#570=EDGE_LOOP('',(#2793,#2794,#2795,#2796));
#571=EDGE_LOOP('',(#2797,#2798,#2799,#2800,#2801));
#572=EDGE_LOOP('',(#2802,#2803,#2804,#2805));
#573=EDGE_LOOP('',(#2806,#2807,#2808,#2809,#2810,#2811,#2812,#2813,#2814));
#574=EDGE_LOOP('',(#2815,#2816,#2817,#2818,#2819,#2820,#2821,#2822));
#575=EDGE_LOOP('',(#2823,#2824,#2825,#2826));
#576=EDGE_LOOP('',(#2827,#2828,#2829,#2830,#2831,#2832,#2833,#2834));
#577=EDGE_LOOP('',(#2835,#2836,#2837,#2838));
#578=EDGE_LOOP('',(#2839,#2840,#2841,#2842));
#579=EDGE_LOOP('',(#2843,#2844,#2845,#2846));
#580=EDGE_LOOP('',(#2847,#2848,#2849,#2850));
#581=EDGE_LOOP('',(#2851,#2852,#2853,#2854,#2855,#2856,#2857,#2858,#2859,
#2860,#2861,#2862));
#582=EDGE_LOOP('',(#2863,#2864,#2865,#2866));
#583=EDGE_LOOP('',(#2867,#2868,#2869,#2870));
#584=EDGE_LOOP('',(#2871,#2872,#2873,#2874));
#585=EDGE_LOOP('',(#2875,#2876,#2877,#2878));
#586=EDGE_LOOP('',(#2879,#2880,#2881,#2882,#2883,#2884,#2885,#2886,#2887,
#2888,#2889,#2890,#2891,#2892,#2893,#2894,#2895,#2896,#2897,#2898,#2899,
#2900,#2901,#2902,#2903,#2904,#2905,#2906,#2907,#2908));
#587=EDGE_LOOP('',(#2909));
#588=EDGE_LOOP('',(#2910,#2911,#2912,#2913));
#589=EDGE_LOOP('',(#2914,#2915,#2916,#2917));
#590=EDGE_LOOP('',(#2918,#2919,#2920,#2921));
#591=EDGE_LOOP('',(#2922,#2923,#2924,#2925));
#592=EDGE_LOOP('',(#2926,#2927,#2928,#2929));
#593=EDGE_LOOP('',(#2930,#2931,#2932,#2933));
#594=EDGE_LOOP('',(#2934,#2935,#2936,#2937));
#595=EDGE_LOOP('',(#2938,#2939,#2940,#2941));
#596=EDGE_LOOP('',(#2942,#2943,#2944,#2945));
#597=EDGE_LOOP('',(#2946,#2947,#2948,#2949,#2950,#2951,#2952,#2953));
#598=EDGE_LOOP('',(#2954,#2955,#2956,#2957));
#599=EDGE_LOOP('',(#2958,#2959,#2960,#2961));
#600=EDGE_LOOP('',(#2962,#2963,#2964,#2965));
#601=EDGE_LOOP('',(#2966,#2967,#2968,#2969));
#602=EDGE_LOOP('',(#2970,#2971,#2972,#2973,#2974,#2975,#2976));
#603=EDGE_LOOP('',(#2977,#2978,#2979,#2980));
#604=EDGE_LOOP('',(#2981,#2982,#2983,#2984));
#605=EDGE_LOOP('',(#2985,#2986,#2987,#2988,#2989,#2990,#2991));
#606=EDGE_LOOP('',(#2992,#2993,#2994,#2995));
#607=EDGE_LOOP('',(#2996,#2997,#2998,#2999));
#608=EDGE_LOOP('',(#3000,#3001,#3002,#3003,#3004,#3005,#3006));
#609=EDGE_LOOP('',(#3007,#3008,#3009,#3010));
#610=EDGE_LOOP('',(#3011,#3012,#3013,#3014));
#611=EDGE_LOOP('',(#3015,#3016,#3017,#3018,#3019,#3020,#3021));
#612=EDGE_LOOP('',(#3022,#3023,#3024,#3025));
#613=EDGE_LOOP('',(#3026,#3027,#3028,#3029));
#614=EDGE_LOOP('',(#3030,#3031,#3032,#3033,#3034,#3035,#3036));
#615=EDGE_LOOP('',(#3037,#3038,#3039,#3040));
#616=EDGE_LOOP('',(#3041,#3042,#3043,#3044,#3045,#3046));
#617=EDGE_LOOP('',(#3047,#3048,#3049,#3050));
#618=EDGE_LOOP('',(#3051,#3052,#3053,#3054));
#619=EDGE_LOOP('',(#3055,#3056,#3057,#3058));
#620=EDGE_LOOP('',(#3059,#3060,#3061,#3062));
#621=EDGE_LOOP('',(#3063,#3064,#3065,#3066));
#622=EDGE_LOOP('',(#3067,#3068,#3069,#3070));
#623=EDGE_LOOP('',(#3071,#3072,#3073,#3074));
#624=EDGE_LOOP('',(#3075,#3076,#3077));
#625=EDGE_LOOP('',(#3078,#3079,#3080,#3081));
#626=EDGE_LOOP('',(#3082,#3083,#3084,#3085,#3086,#3087,#3088,#3089));
#627=EDGE_LOOP('',(#3090,#3091,#3092));
#628=EDGE_LOOP('',(#3093));
#629=EDGE_LOOP('',(#3094,#3095,#3096,#3097));
#630=EDGE_LOOP('',(#3098,#3099,#3100,#3101));
#631=EDGE_LOOP('',(#3102,#3103,#3104,#3105));
#632=EDGE_LOOP('',(#3106,#3107,#3108,#3109));
#633=EDGE_LOOP('',(#3110,#3111,#3112,#3113));
#634=EDGE_LOOP('',(#3114,#3115,#3116,#3117));
#635=EDGE_LOOP('',(#3118,#3119,#3120,#3121));
#636=EDGE_LOOP('',(#3122,#3123,#3124,#3125));
#637=EDGE_LOOP('',(#3126,#3127,#3128,#3129));
#638=EDGE_LOOP('',(#3130,#3131,#3132,#3133));
#639=EDGE_LOOP('',(#3134,#3135,#3136,#3137,#3138,#3139,#3140,#3141,#3142,
#3143));
#640=EDGE_LOOP('',(#3144,#3145,#3146,#3147));
#641=EDGE_LOOP('',(#3148,#3149,#3150,#3151));
#642=EDGE_LOOP('',(#3152,#3153,#3154,#3155));
#643=EDGE_LOOP('',(#3156,#3157,#3158,#3159));
#644=EDGE_LOOP('',(#3160,#3161,#3162,#3163));
#645=EDGE_LOOP('',(#3164));
#646=EDGE_LOOP('',(#3165));
#647=EDGE_LOOP('',(#3166));
#648=EDGE_LOOP('',(#3167));
#649=EDGE_LOOP('',(#3168,#3169,#3170,#3171));
#650=EDGE_LOOP('',(#3172,#3173,#3174,#3175));
#651=EDGE_LOOP('',(#3176,#3177,#3178,#3179));
#652=EDGE_LOOP('',(#3180,#3181,#3182,#3183));
#653=EDGE_LOOP('',(#3184,#3185,#3186,#3187));
#654=EDGE_LOOP('',(#3188,#3189,#3190,#3191));
#655=EDGE_LOOP('',(#3192,#3193,#3194,#3195));
#656=LINE('',#4489,#989);
#657=LINE('',#4496,#990);
#658=LINE('',#4514,#991);
#659=LINE('',#4537,#992);
#660=LINE('',#4560,#993);
#661=LINE('',#4583,#994);
#662=LINE('',#4606,#995);
#663=LINE('',#4614,#996);
#664=LINE('',#4616,#997);
#665=LINE('',#4617,#998);
#666=LINE('',#4620,#999);
#667=LINE('',#4622,#1000);
#668=LINE('',#4623,#1001);
#669=LINE('',#4625,#1002);
#670=LINE('',#4626,#1003);
#671=LINE('',#4645,#1004);
#672=LINE('',#4652,#1005);
#673=LINE('',#4670,#1006);
#674=LINE('',#4693,#1007);
#675=LINE('',#4716,#1008);
#676=LINE('',#4739,#1009);
#677=LINE('',#4762,#1010);
#678=LINE('',#4770,#1011);
#679=LINE('',#4772,#1012);
#680=LINE('',#4773,#1013);
#681=LINE('',#4776,#1014);
#682=LINE('',#4778,#1015);
#683=LINE('',#4779,#1016);
#684=LINE('',#4781,#1017);
#685=LINE('',#4782,#1018);
#686=LINE('',#4786,#1019);
#687=LINE('',#4788,#1020);
#688=LINE('',#4790,#1021);
#689=LINE('',#4791,#1022);
#690=LINE('',#4809,#1023);
#691=LINE('',#4832,#1024);
#692=LINE('',#4855,#1025);
#693=LINE('',#4878,#1026);
#694=LINE('',#4901,#1027);
#695=LINE('',#4924,#1028);
#696=LINE('',#4947,#1029);
#697=LINE('',#4970,#1030);
#698=LINE('',#4993,#1031);
#699=LINE('',#5016,#1032);
#700=LINE('',#5039,#1033);
#701=LINE('',#5062,#1034);
#702=LINE('',#5070,#1035);
#703=LINE('',#5072,#1036);
#704=LINE('',#5073,#1037);
#705=LINE('',#5075,#1038);
#706=LINE('',#5076,#1039);
#707=LINE('',#5081,#1040);
#708=LINE('',#5083,#1041);
#709=LINE('',#5085,#1042);
#710=LINE('',#5086,#1043);
#711=LINE('',#5089,#1044);
#712=LINE('',#5091,#1045);
#713=LINE('',#5092,#1046);
#714=LINE('',#5094,#1047);
#715=LINE('',#5095,#1048);
#716=LINE('',#5099,#1049);
#717=LINE('',#5101,#1050);
#718=LINE('',#5103,#1051);
#719=LINE('',#5104,#1052);
#720=LINE('',#5107,#1053);
#721=LINE('',#5109,#1054);
#722=LINE('',#5110,#1055);
#723=LINE('',#5113,#1056);
#724=LINE('',#5115,#1057);
#725=LINE('',#5116,#1058);
#726=LINE('',#5119,#1059);
#727=LINE('',#5121,#1060);
#728=LINE('',#5122,#1061);
#729=LINE('',#5125,#1062);
#730=LINE('',#5127,#1063);
#731=LINE('',#5128,#1064);
#732=LINE('',#5131,#1065);
#733=LINE('',#5133,#1066);
#734=LINE('',#5134,#1067);
#735=LINE('',#5137,#1068);
#736=LINE('',#5139,#1069);
#737=LINE('',#5140,#1070);
#738=LINE('',#5142,#1071);
#739=LINE('',#5143,#1072);
#740=LINE('',#5163,#1073);
#741=LINE('',#5170,#1074);
#742=LINE('',#5188,#1075);
#743=LINE('',#5211,#1076);
#744=LINE('',#5234,#1077);
#745=LINE('',#5257,#1078);
#746=LINE('',#5280,#1079);
#747=LINE('',#5303,#1080);
#748=LINE('',#5311,#1081);
#749=LINE('',#5313,#1082);
#750=LINE('',#5314,#1083);
#751=LINE('',#5332,#1084);
#752=LINE('',#5355,#1085);
#753=LINE('',#5378,#1086);
#754=LINE('',#5401,#1087);
#755=LINE('',#5424,#1088);
#756=LINE('',#5447,#1089);
#757=LINE('',#5470,#1090);
#758=LINE('',#5493,#1091);
#759=LINE('',#5501,#1092);
#760=LINE('',#5503,#1093);
#761=LINE('',#5504,#1094);
#762=LINE('',#5529,#1095);
#763=LINE('',#5531,#1096);
#764=LINE('',#5533,#1097);
#765=LINE('',#5535,#1098);
#766=LINE('',#5537,#1099);
#767=LINE('',#5539,#1100);
#768=LINE('',#5541,#1101);
#769=LINE('',#5543,#1102);
#770=LINE('',#5545,#1103);
#771=LINE('',#5547,#1104);
#772=LINE('',#5549,#1105);
#773=LINE('',#5550,#1106);
#774=LINE('',#5556,#1107);
#775=LINE('',#5557,#1108);
#776=LINE('',#5558,#1109);
#777=LINE('',#5561,#1110);
#778=LINE('',#5563,#1111);
#779=LINE('',#5567,#1112);
#780=LINE('',#5569,#1113);
#781=LINE('',#5571,#1114);
#782=LINE('',#5573,#1115);
#783=LINE('',#5575,#1116);
#784=LINE('',#5577,#1117);
#785=LINE('',#5579,#1118);
#786=LINE('',#5583,#1119);
#787=LINE('',#5585,#1120);
#788=LINE('',#5587,#1121);
#789=LINE('',#5589,#1122);
#790=LINE('',#5591,#1123);
#791=LINE('',#5595,#1124);
#792=LINE('',#5597,#1125);
#793=LINE('',#5601,#1126);
#794=LINE('',#5605,#1127);
#795=LINE('',#5616,#1128);
#796=LINE('',#5617,#1129);
#797=LINE('',#5618,#1130);
#798=LINE('',#5621,#1131);
#799=LINE('',#5622,#1132);
#800=LINE('',#5626,#1133);
#801=LINE('',#5627,#1134);
#802=LINE('',#5628,#1135);
#803=LINE('',#5631,#1136);
#804=LINE('',#5632,#1137);
#805=LINE('',#5635,#1138);
#806=LINE('',#5637,#1139);
#807=LINE('',#5642,#1140);
#808=LINE('',#5644,#1141);
#809=LINE('',#5646,#1142);
#810=LINE('',#5648,#1143);
#811=LINE('',#5650,#1144);
#812=LINE('',#5652,#1145);
#813=LINE('',#5654,#1146);
#814=LINE('',#5656,#1147);
#815=LINE('',#5660,#1148);
#816=LINE('',#5661,#1149);
#817=LINE('',#5667,#1150);
#818=LINE('',#5671,#1151);
#819=LINE('',#5675,#1152);
#820=LINE('',#5680,#1153);
#821=LINE('',#5684,#1154);
#822=LINE('',#5688,#1155);
#823=LINE('',#5691,#1156);
#824=LINE('',#5694,#1157);
#825=LINE('',#5696,#1158);
#826=LINE('',#5706,#1159);
#827=LINE('',#5708,#1160);
#828=LINE('',#5712,#1161);
#829=LINE('',#5714,#1162);
#830=LINE('',#5718,#1163);
#831=LINE('',#5720,#1164);
#832=LINE('',#5724,#1165);
#833=LINE('',#5727,#1166);
#834=LINE('',#5730,#1167);
#835=LINE('',#5732,#1168);
#836=LINE('',#5736,#1169);
#837=LINE('',#5739,#1170);
#838=LINE('',#5742,#1171);
#839=LINE('',#5744,#1172);
#840=LINE('',#5754,#1173);
#841=LINE('',#5756,#1174);
#842=LINE('',#5760,#1175);
#843=LINE('',#5762,#1176);
#844=LINE('',#5766,#1177);
#845=LINE('',#5768,#1178);
#846=LINE('',#5772,#1179);
#847=LINE('',#5774,#1180);
#848=LINE('',#5778,#1181);
#849=LINE('',#5780,#1182);
#850=LINE('',#5784,#1183);
#851=LINE('',#5786,#1184);
#852=LINE('',#5790,#1185);
#853=LINE('',#5793,#1186);
#854=LINE('',#5796,#1187);
#855=LINE('',#5798,#1188);
#856=LINE('',#5808,#1189);
#857=LINE('',#5810,#1190);
#858=LINE('',#5814,#1191);
#859=LINE('',#5816,#1192);
#860=LINE('',#5820,#1193);
#861=LINE('',#5822,#1194);
#862=LINE('',#5826,#1195);
#863=LINE('',#5828,#1196);
#864=LINE('',#5832,#1197);
#865=LINE('',#5835,#1198);
#866=LINE('',#5838,#1199);
#867=LINE('',#5840,#1200);
#868=LINE('',#5848,#1201);
#869=LINE('',#5849,#1202);
#870=LINE('',#5851,#1203);
#871=LINE('',#5852,#1204);
#872=LINE('',#5854,#1205);
#873=LINE('',#5857,#1206);
#874=LINE('',#5866,#1207);
#875=LINE('',#5867,#1208);
#876=LINE('',#5869,#1209);
#877=LINE('',#5873,#1210);
#878=LINE('',#5875,#1211);
#879=LINE('',#5877,#1212);
#880=LINE('',#5881,#1213);
#881=LINE('',#5883,#1214);
#882=LINE('',#5885,#1215);
#883=LINE('',#5887,#1216);
#884=LINE('',#5891,#1217);
#885=LINE('',#5892,#1218);
#886=LINE('',#5894,#1219);
#887=LINE('',#5898,#1220);
#888=LINE('',#5900,#1221);
#889=LINE('',#5901,#1222);
#890=LINE('',#5903,#1223);
#891=LINE('',#5905,#1224);
#892=LINE('',#5907,#1225);
#893=LINE('',#5909,#1226);
#894=LINE('',#5911,#1227);
#895=LINE('',#5913,#1228);
#896=LINE('',#5915,#1229);
#897=LINE('',#5917,#1230);
#898=LINE('',#5919,#1231);
#899=LINE('',#5924,#1232);
#900=LINE('',#5926,#1233);
#901=LINE('',#5931,#1234);
#902=LINE('',#5935,#1235);
#903=LINE('',#5937,#1236);
#904=LINE('',#5938,#1237);
#905=LINE('',#5943,#1238);
#906=LINE('',#5947,#1239);
#907=LINE('',#5949,#1240);
#908=LINE('',#5950,#1241);
#909=LINE('',#5955,#1242);
#910=LINE('',#5959,#1243);
#911=LINE('',#5961,#1244);
#912=LINE('',#5962,#1245);
#913=LINE('',#5965,#1246);
#914=LINE('',#5967,#1247);
#915=LINE('',#5968,#1248);
#916=LINE('',#5971,#1249);
#917=LINE('',#5972,#1250);
#918=LINE('',#5975,#1251);
#919=LINE('',#5976,#1252);
#920=LINE('',#5978,#1253);
#921=LINE('',#5982,#1254);
#922=LINE('',#5984,#1255);
#923=LINE('',#5985,#1256);
#924=LINE('',#5987,#1257);
#925=LINE('',#5989,#1258);
#926=LINE('',#5990,#1259);
#927=LINE('',#5993,#1260);
#928=LINE('',#5994,#1261);
#929=LINE('',#5997,#1262);
#930=LINE('',#5999,#1263);
#931=LINE('',#6000,#1264);
#932=LINE('',#6002,#1265);
#933=LINE('',#6004,#1266);
#934=LINE('',#6005,#1267);
#935=LINE('',#6008,#1268);
#936=LINE('',#6009,#1269);
#937=LINE('',#6011,#1270);
#938=LINE('',#6014,#1271);
#939=LINE('',#6016,#1272);
#940=LINE('',#6018,#1273);
#941=LINE('',#6020,#1274);
#942=LINE('',#6022,#1275);
#943=LINE('',#6025,#1276);
#944=LINE('',#6028,#1277);
#945=LINE('',#6032,#1278);
#946=LINE('',#6033,#1279);
#947=LINE('',#6037,#1280);
#948=LINE('',#6040,#1281);
#949=LINE('',#6041,#1282);
#950=LINE('',#6043,#1283);
#951=LINE('',#6047,#1284);
#952=LINE('',#6049,#1285);
#953=LINE('',#6051,#1286);
#954=LINE('',#6052,#1287);
#955=LINE('',#6055,#1288);
#956=LINE('',#6057,#1289);
#957=LINE('',#6058,#1290);
#958=LINE('',#6060,#1291);
#959=LINE('',#6061,#1292);
#960=LINE('',#6067,#1293);
#961=LINE('',#6072,#1294);
#962=LINE('',#6076,#1295);
#963=LINE('',#6080,#1296);
#964=LINE('',#6084,#1297);
#965=LINE('',#6087,#1298);
#966=LINE('',#6090,#1299);
#967=LINE('',#6092,#1300);
#968=LINE('',#6093,#1301);
#969=LINE('',#6097,#1302);
#970=LINE('',#6100,#1303);
#971=LINE('',#6101,#1304);
#972=LINE('',#6104,#1305);
#973=LINE('',#6106,#1306);
#974=LINE('',#6110,#1307);
#975=LINE('',#6113,#1308);
#976=LINE('',#6114,#1309);
#977=LINE('',#6118,#1310);
#978=LINE('',#6120,#1311);
#979=LINE('',#6122,#1312);
#980=LINE('',#6124,#1313);
#981=LINE('',#6126,#1314);
#982=LINE('',#6128,#1315);
#983=LINE('',#6143,#1316);
#984=LINE('',#6145,#1317);
#985=LINE('',#6147,#1318);
#986=LINE('',#6149,#1319);
#987=LINE('',#6151,#1320);
#988=LINE('',#6154,#1321);
#989=VECTOR('',#3675,10.);
#990=VECTOR('',#3676,10.);
#991=VECTOR('',#3677,10.);
#992=VECTOR('',#3678,10.);
#993=VECTOR('',#3679,10.);
#994=VECTOR('',#3680,10.);
#995=VECTOR('',#3681,10.);
#996=VECTOR('',#3684,10.);
#997=VECTOR('',#3685,10.);
#998=VECTOR('',#3686,10.);
#999=VECTOR('',#3689,10.);
#1000=VECTOR('',#3690,10.);
#1001=VECTOR('',#3691,10.);
#1002=VECTOR('',#3694,10.);
#1003=VECTOR('',#3695,10.);
#1004=VECTOR('',#3696,10.);
#1005=VECTOR('',#3697,10.);
#1006=VECTOR('',#3698,10.);
#1007=VECTOR('',#3699,10.);
#1008=VECTOR('',#3700,10.);
#1009=VECTOR('',#3701,10.);
#1010=VECTOR('',#3702,10.);
#1011=VECTOR('',#3705,10.);
#1012=VECTOR('',#3706,10.);
#1013=VECTOR('',#3707,10.);
#1014=VECTOR('',#3710,10.);
#1015=VECTOR('',#3711,10.);
#1016=VECTOR('',#3712,10.);
#1017=VECTOR('',#3715,10.);
#1018=VECTOR('',#3716,10.);
#1019=VECTOR('',#3719,10.);
#1020=VECTOR('',#3720,10.);
#1021=VECTOR('',#3721,10.);
#1022=VECTOR('',#3722,10.);
#1023=VECTOR('',#3723,10.);
#1024=VECTOR('',#3724,10.);
#1025=VECTOR('',#3725,10.);
#1026=VECTOR('',#3726,10.);
#1027=VECTOR('',#3727,10.);
#1028=VECTOR('',#3728,10.);
#1029=VECTOR('',#3729,10.);
#1030=VECTOR('',#3730,10.);
#1031=VECTOR('',#3731,10.);
#1032=VECTOR('',#3732,10.);
#1033=VECTOR('',#3733,10.);
#1034=VECTOR('',#3734,10.);
#1035=VECTOR('',#3737,10.);
#1036=VECTOR('',#3738,10.);
#1037=VECTOR('',#3739,10.);
#1038=VECTOR('',#3742,10.);
#1039=VECTOR('',#3743,10.);
#1040=VECTOR('',#3748,10.);
#1041=VECTOR('',#3749,10.);
#1042=VECTOR('',#3750,10.);
#1043=VECTOR('',#3751,10.);
#1044=VECTOR('',#3754,10.);
#1045=VECTOR('',#3755,10.);
#1046=VECTOR('',#3756,10.);
#1047=VECTOR('',#3759,10.);
#1048=VECTOR('',#3760,10.);
#1049=VECTOR('',#3763,10.);
#1050=VECTOR('',#3764,10.);
#1051=VECTOR('',#3765,10.);
#1052=VECTOR('',#3766,10.);
#1053=VECTOR('',#3769,10.);
#1054=VECTOR('',#3770,10.);
#1055=VECTOR('',#3771,10.);
#1056=VECTOR('',#3774,10.);
#1057=VECTOR('',#3775,10.);
#1058=VECTOR('',#3776,10.);
#1059=VECTOR('',#3779,10.);
#1060=VECTOR('',#3780,10.);
#1061=VECTOR('',#3781,10.);
#1062=VECTOR('',#3784,10.);
#1063=VECTOR('',#3785,10.);
#1064=VECTOR('',#3786,10.);
#1065=VECTOR('',#3789,10.);
#1066=VECTOR('',#3790,10.);
#1067=VECTOR('',#3791,10.);
#1068=VECTOR('',#3794,10.);
#1069=VECTOR('',#3795,10.);
#1070=VECTOR('',#3796,10.);
#1071=VECTOR('',#3799,10.);
#1072=VECTOR('',#3800,10.);
#1073=VECTOR('',#3803,10.);
#1074=VECTOR('',#3804,10.);
#1075=VECTOR('',#3805,10.);
#1076=VECTOR('',#3806,10.);
#1077=VECTOR('',#3807,10.);
#1078=VECTOR('',#3808,10.);
#1079=VECTOR('',#3809,10.);
#1080=VECTOR('',#3810,10.);
#1081=VECTOR('',#3813,10.);
#1082=VECTOR('',#3814,10.);
#1083=VECTOR('',#3815,10.);
#1084=VECTOR('',#3816,10.);
#1085=VECTOR('',#3817,10.);
#1086=VECTOR('',#3818,10.);
#1087=VECTOR('',#3819,10.);
#1088=VECTOR('',#3820,10.);
#1089=VECTOR('',#3821,10.);
#1090=VECTOR('',#3822,10.);
#1091=VECTOR('',#3823,10.);
#1092=VECTOR('',#3826,10.);
#1093=VECTOR('',#3827,10.);
#1094=VECTOR('',#3828,10.);
#1095=VECTOR('',#3833,10.);
#1096=VECTOR('',#3834,10.);
#1097=VECTOR('',#3835,10.);
#1098=VECTOR('',#3836,10.);
#1099=VECTOR('',#3837,10.);
#1100=VECTOR('',#3838,10.);
#1101=VECTOR('',#3839,10.);
#1102=VECTOR('',#3840,10.);
#1103=VECTOR('',#3841,10.);
#1104=VECTOR('',#3842,10.);
#1105=VECTOR('',#3843,10.);
#1106=VECTOR('',#3844,10.);
#1107=VECTOR('',#3851,10.);
#1108=VECTOR('',#3852,10.);
#1109=VECTOR('',#3853,10.);
#1110=VECTOR('',#3856,10.);
#1111=VECTOR('',#3857,10.);
#1112=VECTOR('',#3860,10.);
#1113=VECTOR('',#3861,10.);
#1114=VECTOR('',#3862,10.);
#1115=VECTOR('',#3863,10.);
#1116=VECTOR('',#3864,10.);
#1117=VECTOR('',#3865,10.);
#1118=VECTOR('',#3866,10.);
#1119=VECTOR('',#3869,10.);
#1120=VECTOR('',#3870,10.);
#1121=VECTOR('',#3871,10.);
#1122=VECTOR('',#3872,10.);
#1123=VECTOR('',#3873,10.);
#1124=VECTOR('',#3876,10.);
#1125=VECTOR('',#3877,10.);
#1126=VECTOR('',#3880,10.);
#1127=VECTOR('',#3883,10.);
#1128=VECTOR('',#3894,10.);
#1129=VECTOR('',#3895,10.);
#1130=VECTOR('',#3896,10.);
#1131=VECTOR('',#3899,10.);
#1132=VECTOR('',#3900,10.);
#1133=VECTOR('',#3903,10.);
#1134=VECTOR('',#3904,10.);
#1135=VECTOR('',#3905,10.);
#1136=VECTOR('',#3908,10.);
#1137=VECTOR('',#3909,10.);
#1138=VECTOR('',#3914,10.);
#1139=VECTOR('',#3917,10.);
#1140=VECTOR('',#3922,10.);
#1141=VECTOR('',#3923,10.);
#1142=VECTOR('',#3924,10.);
#1143=VECTOR('',#3925,10.);
#1144=VECTOR('',#3926,10.);
#1145=VECTOR('',#3927,10.);
#1146=VECTOR('',#3928,10.);
#1147=VECTOR('',#3929,10.);
#1148=VECTOR('',#3932,10.);
#1149=VECTOR('',#3933,10.);
#1150=VECTOR('',#3938,10.);
#1151=VECTOR('',#3941,10.);
#1152=VECTOR('',#3944,10.);
#1153=VECTOR('',#3949,10.);
#1154=VECTOR('',#3952,10.);
#1155=VECTOR('',#3957,10.);
#1156=VECTOR('',#3960,10.);
#1157=VECTOR('',#3963,10.);
#1158=VECTOR('',#3964,10.);
#1159=VECTOR('',#3977,10.);
#1160=VECTOR('',#3978,10.);
#1161=VECTOR('',#3983,10.);
#1162=VECTOR('',#3984,10.);
#1163=VECTOR('',#3989,10.);
#1164=VECTOR('',#3990,10.);
#1165=VECTOR('',#3995,10.);
#1166=VECTOR('',#3998,10.);
#1167=VECTOR('',#4001,10.);
#1168=VECTOR('',#4002,10.);
#1169=VECTOR('',#4007,10.);
#1170=VECTOR('',#4010,10.);
#1171=VECTOR('',#4013,10.);
#1172=VECTOR('',#4014,10.);
#1173=VECTOR('',#4027,10.);
#1174=VECTOR('',#4028,10.);
#1175=VECTOR('',#4033,10.);
#1176=VECTOR('',#4034,10.);
#1177=VECTOR('',#4039,10.);
#1178=VECTOR('',#4040,10.);
#1179=VECTOR('',#4045,10.);
#1180=VECTOR('',#4046,10.);
#1181=VECTOR('',#4051,10.);
#1182=VECTOR('',#4052,10.);
#1183=VECTOR('',#4057,10.);
#1184=VECTOR('',#4058,10.);
#1185=VECTOR('',#4063,10.);
#1186=VECTOR('',#4066,10.);
#1187=VECTOR('',#4069,10.);
#1188=VECTOR('',#4070,10.);
#1189=VECTOR('',#4083,10.);
#1190=VECTOR('',#4084,10.);
#1191=VECTOR('',#4089,10.);
#1192=VECTOR('',#4090,10.);
#1193=VECTOR('',#4095,10.);
#1194=VECTOR('',#4096,10.);
#1195=VECTOR('',#4101,10.);
#1196=VECTOR('',#4102,10.);
#1197=VECTOR('',#4107,10.);
#1198=VECTOR('',#4110,10.);
#1199=VECTOR('',#4113,10.);
#1200=VECTOR('',#4114,10.);
#1201=VECTOR('',#4127,10.);
#1202=VECTOR('',#4128,10.);
#1203=VECTOR('',#4131,10.);
#1204=VECTOR('',#4132,10.);
#1205=VECTOR('',#4135,10.);
#1206=VECTOR('',#4138,10.);
#1207=VECTOR('',#4141,10.);
#1208=VECTOR('',#4142,10.);
#1209=VECTOR('',#4145,10.);
#1210=VECTOR('',#4148,10.);
#1211=VECTOR('',#4149,10.);
#1212=VECTOR('',#4150,10.);
#1213=VECTOR('',#4155,10.);
#1214=VECTOR('',#4156,10.);
#1215=VECTOR('',#4157,10.);
#1216=VECTOR('',#4158,10.);
#1217=VECTOR('',#4163,10.);
#1218=VECTOR('',#4164,10.);
#1219=VECTOR('',#4167,10.);
#1220=VECTOR('',#4170,10.);
#1221=VECTOR('',#4171,10.);
#1222=VECTOR('',#4172,10.);
#1223=VECTOR('',#4175,10.);
#1224=VECTOR('',#4178,10.);
#1225=VECTOR('',#4181,10.);
#1226=VECTOR('',#4184,10.);
#1227=VECTOR('',#4187,10.);
#1228=VECTOR('',#4190,10.);
#1229=VECTOR('',#4193,10.);
#1230=VECTOR('',#4196,10.);
#1231=VECTOR('',#4199,10.);
#1232=VECTOR('',#4206,10.);
#1233=VECTOR('',#4209,10.);
#1234=VECTOR('',#4214,10.);
#1235=VECTOR('',#4219,10.);
#1236=VECTOR('',#4220,10.);
#1237=VECTOR('',#4221,10.);
#1238=VECTOR('',#4226,10.);
#1239=VECTOR('',#4231,10.);
#1240=VECTOR('',#4232,10.);
#1241=VECTOR('',#4233,10.);
#1242=VECTOR('',#4238,10.);
#1243=VECTOR('',#4243,10.);
#1244=VECTOR('',#4244,10.);
#1245=VECTOR('',#4245,10.);
#1246=VECTOR('',#4248,10.);
#1247=VECTOR('',#4249,10.);
#1248=VECTOR('',#4250,10.);
#1249=VECTOR('',#4253,10.);
#1250=VECTOR('',#4254,10.);
#1251=VECTOR('',#4257,10.);
#1252=VECTOR('',#4258,10.);
#1253=VECTOR('',#4261,10.);
#1254=VECTOR('',#4266,10.);
#1255=VECTOR('',#4267,10.);
#1256=VECTOR('',#4268,10.);
#1257=VECTOR('',#4271,10.);
#1258=VECTOR('',#4272,10.);
#1259=VECTOR('',#4273,10.);
#1260=VECTOR('',#4276,10.);
#1261=VECTOR('',#4277,10.);
#1262=VECTOR('',#4280,10.);
#1263=VECTOR('',#4281,10.);
#1264=VECTOR('',#4282,10.);
#1265=VECTOR('',#4285,10.);
#1266=VECTOR('',#4286,10.);
#1267=VECTOR('',#4287,10.);
#1268=VECTOR('',#4290,10.);
#1269=VECTOR('',#4291,10.);
#1270=VECTOR('',#4294,10.);
#1271=VECTOR('',#4299,10.);
#1272=VECTOR('',#4302,10.);
#1273=VECTOR('',#4305,10.);
#1274=VECTOR('',#4308,10.);
#1275=VECTOR('',#4311,10.);
#1276=VECTOR('',#4316,10.);
#1277=VECTOR('',#4319,10.);
#1278=VECTOR('',#4324,10.);
#1279=VECTOR('',#4325,10.);
#1280=VECTOR('',#4330,10.);
#1281=VECTOR('',#4333,10.);
#1282=VECTOR('',#4334,10.);
#1283=VECTOR('',#4337,10.);
#1284=VECTOR('',#4340,10.);
#1285=VECTOR('',#4341,10.);
#1286=VECTOR('',#4342,10.);
#1287=VECTOR('',#4343,10.);
#1288=VECTOR('',#4346,10.);
#1289=VECTOR('',#4347,10.);
#1290=VECTOR('',#4348,10.);
#1291=VECTOR('',#4351,10.);
#1292=VECTOR('',#4352,10.);
#1293=VECTOR('',#4359,14.6);
#1294=VECTOR('',#4364,10.);
#1295=VECTOR('',#4367,10.);
#1296=VECTOR('',#4370,10.);
#1297=VECTOR('',#4373,10.);
#1298=VECTOR('',#4378,14.);
#1299=VECTOR('',#4381,10.);
#1300=VECTOR('',#4382,10.);
#1301=VECTOR('',#4383,10.);
#1302=VECTOR('',#4388,10.);
#1303=VECTOR('',#4391,10.);
#1304=VECTOR('',#4392,10.);
#1305=VECTOR('',#4397,10.);
#1306=VECTOR('',#4400,10.);
#1307=VECTOR('',#4405,10.);
#1308=VECTOR('',#4408,10.);
#1309=VECTOR('',#4409,10.);
#1310=VECTOR('',#4416,10.);
#1311=VECTOR('',#4419,10.);
#1312=VECTOR('',#4422,10.);
#1313=VECTOR('',#4425,10.);
#1314=VECTOR('',#4428,10.);
#1315=VECTOR('',#4431,10.);
#1316=VECTOR('',#4452,10.);
#1317=VECTOR('',#4455,1.34);
#1318=VECTOR('',#4458,1.34);
#1319=VECTOR('',#4461,1.34);
#1320=VECTOR('',#4464,10.);
#1321=VECTOR('',#4469,1.34);
#1322=B_SPLINE_CURVE_WITH_KNOTS('',3,(#4483,#4484,#4485,#4486,#4487),
 .UNSPECIFIED.,.F.,.F.,(4,1,4),(0.,0.0331378129959563,0.0899958248218478),
 .UNSPECIFIED.);
#1323=B_SPLINE_CURVE_WITH_KNOTS('',3,(#4491,#4492,#4493,#4494,#4495),
 .UNSPECIFIED.,.F.,.F.,(4,1,4),(0.,0.0331378129959563,0.0899958248218478),
 .UNSPECIFIED.);
#1324=B_SPLINE_CURVE_WITH_KNOTS('',3,(#4508,#4509,#4510,#4511,#4512),
 .UNSPECIFIED.,.F.,.F.,(4,1,4),(0.,0.0190227554534709,0.0394623027323269),
 .UNSPECIFIED.);
#1325=B_SPLINE_CURVE_WITH_KNOTS('',3,(#4515,#4516,#4517,#4518,#4519),
 .UNSPECIFIED.,.F.,.F.,(4,1,4),(0.,0.0190227554534709,0.0394623027323269),
 .UNSPECIFIED.);
#1326=B_SPLINE_CURVE_WITH_KNOTS('',3,(#4531,#4532,#4533,#4534,#4535),
 .UNSPECIFIED.,.F.,.F.,(4,1,4),(0.,0.0209830395424384,0.0402071081914768),
 .UNSPECIFIED.);
#1327=B_SPLINE_CURVE_WITH_KNOTS('',3,(#4538,#4539,#4540,#4541,#4542),
 .UNSPECIFIED.,.F.,.F.,(4,1,4),(0.,0.0209830395424384,0.0402071081914768),
 .UNSPECIFIED.);
#1328=B_SPLINE_CURVE_WITH_KNOTS('',3,(#4554,#4555,#4556,#4557,#4558),
 .UNSPECIFIED.,.F.,.F.,(4,1,4),(0.,0.0213687338122785,0.0455462201649537),
 .UNSPECIFIED.);
#1329=B_SPLINE_CURVE_WITH_KNOTS('',3,(#4561,#4562,#4563,#4564,#4565),
 .UNSPECIFIED.,.F.,.F.,(4,1,4),(0.,0.0213687338122785,0.0455462201649537),
 .UNSPECIFIED.);
#1330=B_SPLINE_CURVE_WITH_KNOTS('',3,(#4577,#4578,#4579,#4580,#4581),
 .UNSPECIFIED.,.F.,.F.,(4,1,4),(0.,0.021598833539236,0.0423523557979363),
 .UNSPECIFIED.);
#1331=B_SPLINE_CURVE_WITH_KNOTS('',3,(#4584,#4585,#4586,#4587,#4588),
 .UNSPECIFIED.,.F.,.F.,(4,1,4),(0.,0.021598833539236,0.0423523557979363),
 .UNSPECIFIED.);
#1332=B_SPLINE_CURVE_WITH_KNOTS('',3,(#4600,#4601,#4602,#4603,#4604),
 .UNSPECIFIED.,.F.,.F.,(4,1,4),(0.,0.0446007414571891,0.0693499491865539),
 .UNSPECIFIED.);
#1333=B_SPLINE_CURVE_WITH_KNOTS('',3,(#4607,#4608,#4609,#4610,#4611),
 .UNSPECIFIED.,.F.,.F.,(4,1,4),(0.,0.0446007414571891,0.0693499491865539),
 .UNSPECIFIED.);
#1334=B_SPLINE_CURVE_WITH_KNOTS('',3,(#4639,#4640,#4641,#4642,#4643),
 .UNSPECIFIED.,.F.,.F.,(4,1,4),(0.,0.0291038587014977,0.0863189322752649),
 .UNSPECIFIED.);
#1335=B_SPLINE_CURVE_WITH_KNOTS('',3,(#4647,#4648,#4649,#4650,#4651),
 .UNSPECIFIED.,.F.,.F.,(4,1,4),(0.,0.0291038587014977,0.0863189322752649),
 .UNSPECIFIED.);
#1336=B_SPLINE_CURVE_WITH_KNOTS('',3,(#4664,#4665,#4666,#4667,#4668),
 .UNSPECIFIED.,.F.,.F.,(4,1,4),(0.,0.0197063423961629,0.042612682428863),
 .UNSPECIFIED.);
#1337=B_SPLINE_CURVE_WITH_KNOTS('',3,(#4671,#4672,#4673,#4674,#4675),
 .UNSPECIFIED.,.F.,.F.,(4,1,4),(0.,0.0197063423961629,0.042612682428863),
 .UNSPECIFIED.);
#1338=B_SPLINE_CURVE_WITH_KNOTS('',3,(#4687,#4688,#4689,#4690,#4691),
 .UNSPECIFIED.,.F.,.F.,(4,1,4),(0.,0.0212598850997943,0.040492332368871),
 .UNSPECIFIED.);
#1339=B_SPLINE_CURVE_WITH_KNOTS('',3,(#4694,#4695,#4696,#4697,#4698),
 .UNSPECIFIED.,.F.,.F.,(4,1,4),(0.,0.0212598850997943,0.040492332368871),
 .UNSPECIFIED.);
#1340=B_SPLINE_CURVE_WITH_KNOTS('',3,(#4710,#4711,#4712,#4713,#4714),
 .UNSPECIFIED.,.F.,.F.,(4,1,4),(0.,0.0204696068984774,0.0426526520827677),
 .UNSPECIFIED.);
#1341=B_SPLINE_CURVE_WITH_KNOTS('',3,(#4717,#4718,#4719,#4720,#4721),
 .UNSPECIFIED.,.F.,.F.,(4,1,4),(0.,0.0204696068984774,0.0426526520827677),
 .UNSPECIFIED.);
#1342=B_SPLINE_CURVE_WITH_KNOTS('',3,(#4733,#4734,#4735,#4736,#4737),
 .UNSPECIFIED.,.F.,.F.,(4,1,4),(0.,0.0239174705766372,0.0451660807437933),
 .UNSPECIFIED.);
#1343=B_SPLINE_CURVE_WITH_KNOTS('',3,(#4740,#4741,#4742,#4743,#4744),
 .UNSPECIFIED.,.F.,.F.,(4,1,4),(0.,0.0239174705766372,0.0451660807437933),
 .UNSPECIFIED.);
#1344=B_SPLINE_CURVE_WITH_KNOTS('',3,(#4756,#4757,#4758,#4759,#4760),
 .UNSPECIFIED.,.F.,.F.,(4,1,4),(0.,0.0478361173079671,0.0733627248444177),
 .UNSPECIFIED.);
#1345=B_SPLINE_CURVE_WITH_KNOTS('',3,(#4763,#4764,#4765,#4766,#4767),
 .UNSPECIFIED.,.F.,.F.,(4,1,4),(0.,0.0478361173079671,0.0733627248444177),
 .UNSPECIFIED.);
#1346=B_SPLINE_CURVE_WITH_KNOTS('',3,(#4803,#4804,#4805,#4806,#4807),
 .UNSPECIFIED.,.F.,.F.,(4,1,4),(0.,0.0431163813761052,0.121825976133725),
 .UNSPECIFIED.);
#1347=B_SPLINE_CURVE_WITH_KNOTS('',3,(#4810,#4811,#4812,#4813,#4814),
 .UNSPECIFIED.,.F.,.F.,(4,1,4),(0.,0.0431163813761052,0.121825976133725),
 .UNSPECIFIED.);
#1348=B_SPLINE_CURVE_WITH_KNOTS('',3,(#4826,#4827,#4828,#4829,#4830),
 .UNSPECIFIED.,.F.,.F.,(4,1,4),(0.,0.0343767335107978,0.0723091239554313),
 .UNSPECIFIED.);
#1349=B_SPLINE_CURVE_WITH_KNOTS('',3,(#4833,#4834,#4835,#4836,#4837),
 .UNSPECIFIED.,.F.,.F.,(4,1,4),(0.,0.0343767335107978,0.0723091239554313),
 .UNSPECIFIED.);
#1350=B_SPLINE_CURVE_WITH_KNOTS('',3,(#4849,#4850,#4851,#4852,#4853),
 .UNSPECIFIED.,.F.,.F.,(4,1,4),(0.,0.0345301629479136,0.0678429066123493),
 .UNSPECIFIED.);
#1351=B_SPLINE_CURVE_WITH_KNOTS('',3,(#4856,#4857,#4858,#4859,#4860),
 .UNSPECIFIED.,.F.,.F.,(4,1,4),(0.,0.0345301629479136,0.0678429066123493),
 .UNSPECIFIED.);
#1352=B_SPLINE_CURVE_WITH_KNOTS('',3,(#4872,#4873,#4874,#4875,#4876),
 .UNSPECIFIED.,.F.,.F.,(4,1,4),(0.,0.0338703325520088,0.0686659670754538),
 .UNSPECIFIED.);
#1353=B_SPLINE_CURVE_WITH_KNOTS('',3,(#4879,#4880,#4881,#4882,#4883),
 .UNSPECIFIED.,.F.,.F.,(4,1,4),(0.,0.0338703325520088,0.0686659670754538),
 .UNSPECIFIED.);
#1354=B_SPLINE_CURVE_WITH_KNOTS('',3,(#4895,#4896,#4897,#4898,#4899),
 .UNSPECIFIED.,.F.,.F.,(4,1,4),(0.,0.0394383603006304,0.080402417128662),
 .UNSPECIFIED.);
#1355=B_SPLINE_CURVE_WITH_KNOTS('',3,(#4902,#4903,#4904,#4905,#4906),
 .UNSPECIFIED.,.F.,.F.,(4,1,4),(0.,0.0394383603006304,0.080402417128662),
 .UNSPECIFIED.);
#1356=B_SPLINE_CURVE_WITH_KNOTS('',3,(#4918,#4919,#4920,#4921,#4922),
 .UNSPECIFIED.,.F.,.F.,(4,1,4),(0.,0.0442395870968001,0.0847333960817485),
 .UNSPECIFIED.);
#1357=B_SPLINE_CURVE_WITH_KNOTS('',3,(#4925,#4926,#4927,#4928,#4929),
 .UNSPECIFIED.,.F.,.F.,(4,1,4),(0.,0.0442395870968001,0.0847333960817485),
 .UNSPECIFIED.);
#1358=B_SPLINE_CURVE_WITH_KNOTS('',3,(#4941,#4942,#4943,#4944,#4945),
 .UNSPECIFIED.,.F.,.F.,(4,1,4),(0.,0.0339978826287181,0.0683342996145144),
 .UNSPECIFIED.);
#1359=B_SPLINE_CURVE_WITH_KNOTS('',3,(#4948,#4949,#4950,#4951,#4952),
 .UNSPECIFIED.,.F.,.F.,(4,1,4),(0.,0.0339978826287181,0.0683342996145144),
 .UNSPECIFIED.);
#1360=B_SPLINE_CURVE_WITH_KNOTS('',3,(#4964,#4965,#4966,#4967,#4968),
 .UNSPECIFIED.,.F.,.F.,(4,1,4),(0.,0.0340109112202439,0.0679081307649958),
 .UNSPECIFIED.);
#1361=B_SPLINE_CURVE_WITH_KNOTS('',3,(#4971,#4972,#4973,#4974,#4975),
 .UNSPECIFIED.,.F.,.F.,(4,1,4),(0.,0.0340109112202439,0.0679081307649958),
 .UNSPECIFIED.);
#1362=B_SPLINE_CURVE_WITH_KNOTS('',3,(#4987,#4988,#4989,#4990,#4991),
 .UNSPECIFIED.,.F.,.F.,(4,1,4),(0.,0.029967716042449,0.0610292640112885),
 .UNSPECIFIED.);
#1363=B_SPLINE_CURVE_WITH_KNOTS('',3,(#4994,#4995,#4996,#4997,#4998),
 .UNSPECIFIED.,.F.,.F.,(4,1,4),(0.,0.029967716042449,0.0610292640112885),
 .UNSPECIFIED.);
#1364=B_SPLINE_CURVE_WITH_KNOTS('',3,(#5010,#5011,#5012,#5013,#5014),
 .UNSPECIFIED.,.F.,.F.,(4,1,4),(0.,0.0279259457623753,0.0570797683246502),
 .UNSPECIFIED.);
#1365=B_SPLINE_CURVE_WITH_KNOTS('',3,(#5017,#5018,#5019,#5020,#5021),
 .UNSPECIFIED.,.F.,.F.,(4,1,4),(0.,0.0279259457623753,0.0570797683246502),
 .UNSPECIFIED.);
#1366=B_SPLINE_CURVE_WITH_KNOTS('',3,(#5033,#5034,#5035,#5036,#5037),
 .UNSPECIFIED.,.F.,.F.,(4,1,4),(0.,0.0286608261386864,0.0564476670726957),
 .UNSPECIFIED.);
#1367=B_SPLINE_CURVE_WITH_KNOTS('',3,(#5040,#5041,#5042,#5043,#5044),
 .UNSPECIFIED.,.F.,.F.,(4,1,4),(0.,0.0286608261386864,0.0564476670726957),
 .UNSPECIFIED.);
#1368=B_SPLINE_CURVE_WITH_KNOTS('',3,(#5056,#5057,#5058,#5059,#5060),
 .UNSPECIFIED.,.F.,.F.,(4,1,4),(0.,0.051813871106382,0.0887078018245408),
 .UNSPECIFIED.);
#1369=B_SPLINE_CURVE_WITH_KNOTS('',3,(#5063,#5064,#5065,#5066,#5067),
 .UNSPECIFIED.,.F.,.F.,(4,1,4),(0.,0.051813871106382,0.0887078018245408),
 .UNSPECIFIED.);
#1370=B_SPLINE_CURVE_WITH_KNOTS('',3,(#5157,#5158,#5159,#5160,#5161),
 .UNSPECIFIED.,.F.,.F.,(4,1,4),(0.,0.037974118723345,0.0751166657618208),
 .UNSPECIFIED.);
#1371=B_SPLINE_CURVE_WITH_KNOTS('',3,(#5165,#5166,#5167,#5168,#5169),
 .UNSPECIFIED.,.F.,.F.,(4,1,4),(0.,0.037974118723345,0.0751166657618208),
 .UNSPECIFIED.);
#1372=B_SPLINE_CURVE_WITH_KNOTS('',3,(#5182,#5183,#5184,#5185,#5186),
 .UNSPECIFIED.,.F.,.F.,(4,1,4),(0.,0.0494922451381127,0.0999596542173177),
 .UNSPECIFIED.);
#1373=B_SPLINE_CURVE_WITH_KNOTS('',3,(#5189,#5190,#5191,#5192,#5193),
 .UNSPECIFIED.,.F.,.F.,(4,1,4),(0.,0.0494922451381127,0.0999596542173177),
 .UNSPECIFIED.);
#1374=B_SPLINE_CURVE_WITH_KNOTS('',3,(#5205,#5206,#5207,#5208,#5209),
 .UNSPECIFIED.,.F.,.F.,(4,1,4),(0.,0.0816198967736182,0.141270976902791),
 .UNSPECIFIED.);
#1375=B_SPLINE_CURVE_WITH_KNOTS('',3,(#5212,#5213,#5214,#5215,#5216),
 .UNSPECIFIED.,.F.,.F.,(4,1,4),(0.,0.0816198967736182,0.141270976902791),
 .UNSPECIFIED.);
#1376=B_SPLINE_CURVE_WITH_KNOTS('',3,(#5228,#5229,#5230,#5231,#5232),
 .UNSPECIFIED.,.F.,.F.,(4,1,4),(0.,0.0583614286029684,0.135841492811242),
 .UNSPECIFIED.);
#1377=B_SPLINE_CURVE_WITH_KNOTS('',3,(#5235,#5236,#5237,#5238,#5239),
 .UNSPECIFIED.,.F.,.F.,(4,1,4),(0.,0.0583614286029684,0.135841492811242),
 .UNSPECIFIED.);
#1378=B_SPLINE_CURVE_WITH_KNOTS('',3,(#5251,#5252,#5253,#5254,#5255),
 .UNSPECIFIED.,.F.,.F.,(4,1,4),(0.,0.0513284304882513,0.101174946151958),
 .UNSPECIFIED.);
#1379=B_SPLINE_CURVE_WITH_KNOTS('',3,(#5258,#5259,#5260,#5261,#5262),
 .UNSPECIFIED.,.F.,.F.,(4,1,4),(0.,0.0513284304882513,0.101174946151958),
 .UNSPECIFIED.);
#1380=B_SPLINE_CURVE_WITH_KNOTS('',3,(#5274,#5275,#5276,#5277,#5278),
 .UNSPECIFIED.,.F.,.F.,(4,1,4),(0.,0.0354438413528353,0.0730855161251592),
 .UNSPECIFIED.);
#1381=B_SPLINE_CURVE_WITH_KNOTS('',3,(#5281,#5282,#5283,#5284,#5285),
 .UNSPECIFIED.,.F.,.F.,(4,1,4),(0.,0.0354438413528353,0.0730855161251592),
 .UNSPECIFIED.);
#1382=B_SPLINE_CURVE_WITH_KNOTS('',3,(#5297,#5298,#5299,#5300,#5301),
 .UNSPECIFIED.,.F.,.F.,(4,1,4),(0.,0.0373835055467293,0.0727608053719976),
 .UNSPECIFIED.);
#1383=B_SPLINE_CURVE_WITH_KNOTS('',3,(#5304,#5305,#5306,#5307,#5308),
 .UNSPECIFIED.,.F.,.F.,(4,1,4),(0.,0.0373835055467293,0.0727608053719976),
 .UNSPECIFIED.);
#1384=B_SPLINE_CURVE_WITH_KNOTS('',3,(#5326,#5327,#5328,#5329,#5330),
 .UNSPECIFIED.,.F.,.F.,(4,1,4),(0.,0.0491493433533393,0.106308377906827),
 .UNSPECIFIED.);
#1385=B_SPLINE_CURVE_WITH_KNOTS('',3,(#5333,#5334,#5335,#5336,#5337),
 .UNSPECIFIED.,.F.,.F.,(4,1,4),(0.,0.0491493433533393,0.106308377906827),
 .UNSPECIFIED.);
#1386=B_SPLINE_CURVE_WITH_KNOTS('',3,(#5349,#5350,#5351,#5352,#5353),
 .UNSPECIFIED.,.F.,.F.,(4,1,4),(0.,0.0842325685774177,0.161681999499946),
 .UNSPECIFIED.);
#1387=B_SPLINE_CURVE_WITH_KNOTS('',3,(#5356,#5357,#5358,#5359,#5360),
 .UNSPECIFIED.,.F.,.F.,(4,1,4),(0.,0.0842325685774177,0.161681999499946),
 .UNSPECIFIED.);
#1388=B_SPLINE_CURVE_WITH_KNOTS('',3,(#5372,#5373,#5374,#5375,#5376),
 .UNSPECIFIED.,.F.,.F.,(4,1,4),(0.,0.0908265981739847,0.187285621614837),
 .UNSPECIFIED.);
#1389=B_SPLINE_CURVE_WITH_KNOTS('',3,(#5379,#5380,#5381,#5382,#5383),
 .UNSPECIFIED.,.F.,.F.,(4,1,4),(0.,0.0908265981739847,0.187285621614837),
 .UNSPECIFIED.);
#1390=B_SPLINE_CURVE_WITH_KNOTS('',3,(#5395,#5396,#5397,#5398,#5399),
 .UNSPECIFIED.,.F.,.F.,(4,1,4),(0.,0.112053370832997,0.208112696045652),
 .UNSPECIFIED.);
#1391=B_SPLINE_CURVE_WITH_KNOTS('',3,(#5402,#5403,#5404,#5405,#5406),
 .UNSPECIFIED.,.F.,.F.,(4,1,4),(0.,0.112053370832997,0.208112696045652),
 .UNSPECIFIED.);
#1392=B_SPLINE_CURVE_WITH_KNOTS('',3,(#5418,#5419,#5420,#5421,#5422),
 .UNSPECIFIED.,.F.,.F.,(4,1,4),(0.,0.0937994443437633,0.200526804627301),
 .UNSPECIFIED.);
#1393=B_SPLINE_CURVE_WITH_KNOTS('',3,(#5425,#5426,#5427,#5428,#5429),
 .UNSPECIFIED.,.F.,.F.,(4,1,4),(0.,0.0937994443437633,0.200526804627301),
 .UNSPECIFIED.);
#1394=B_SPLINE_CURVE_WITH_KNOTS('',3,(#5441,#5442,#5443,#5444,#5445),
 .UNSPECIFIED.,.F.,.F.,(4,1,4),(0.,0.0923040327276624,0.181362713960439),
 .UNSPECIFIED.);
#1395=B_SPLINE_CURVE_WITH_KNOTS('',3,(#5448,#5449,#5450,#5451,#5452),
 .UNSPECIFIED.,.F.,.F.,(4,1,4),(0.,0.0923040327276624,0.181362713960439),
 .UNSPECIFIED.);
#1396=B_SPLINE_CURVE_WITH_KNOTS('',3,(#5464,#5465,#5466,#5467,#5468),
 .UNSPECIFIED.,.F.,.F.,(4,1,4),(0.,0.0664453116734781,0.140570598307254),
 .UNSPECIFIED.);
#1397=B_SPLINE_CURVE_WITH_KNOTS('',3,(#5471,#5472,#5473,#5474,#5475),
 .UNSPECIFIED.,.F.,.F.,(4,1,4),(0.,0.0664453116734781,0.140570598307254),
 .UNSPECIFIED.);
#1398=B_SPLINE_CURVE_WITH_KNOTS('',3,(#5487,#5488,#5489,#5490,#5491),
 .UNSPECIFIED.,.F.,.F.,(4,1,4),(0.,0.0773661247751158,0.144759305049082),
 .UNSPECIFIED.);
#1399=B_SPLINE_CURVE_WITH_KNOTS('',3,(#5494,#5495,#5496,#5497,#5498),
 .UNSPECIFIED.,.F.,.F.,(4,1,4),(0.,0.0773661247751158,0.144759305049082),
 .UNSPECIFIED.);
#1400=B_SPLINE_CURVE_WITH_KNOTS('',3,(#5515,#5516,#5517,#5518,#5519),
 .UNSPECIFIED.,.F.,.F.,(4,1,4),(0.,0.0412690884485885,0.0916973101346822),
 .UNSPECIFIED.);
#1401=B_SPLINE_CURVE_WITH_KNOTS('',3,(#5520,#5521,#5522,#5523,#5524),
 .UNSPECIFIED.,.F.,.F.,(4,1,4),(0.,0.0412690884485885,0.0916973101346822),
 .UNSPECIFIED.);
#1402=B_SPLINE_CURVE_WITH_KNOTS('',3,(#5858,#5859,#5860,#5861,#5862,#5863),
 .UNSPECIFIED.,.F.,.F.,(4,2,4),(0.591469646796213,0.645519641347281,0.786269093257515),
 .UNSPECIFIED.);
#1403=VERTEX_POINT('',#4481);
#1404=VERTEX_POINT('',#4482);
#1405=VERTEX_POINT('',#4488);
#1406=VERTEX_POINT('',#4490);
#1407=VERTEX_POINT('',#4507);
#1408=VERTEX_POINT('',#4513);
#1409=VERTEX_POINT('',#4530);
#1410=VERTEX_POINT('',#4536);
#1411=VERTEX_POINT('',#4553);
#1412=VERTEX_POINT('',#4559);
#1413=VERTEX_POINT('',#4576);
#1414=VERTEX_POINT('',#4582);
#1415=VERTEX_POINT('',#4599);
#1416=VERTEX_POINT('',#4605);
#1417=VERTEX_POINT('',#4613);
#1418=VERTEX_POINT('',#4615);
#1419=VERTEX_POINT('',#4619);
#1420=VERTEX_POINT('',#4621);
#1421=VERTEX_POINT('',#4637);
#1422=VERTEX_POINT('',#4638);
#1423=VERTEX_POINT('',#4644);
#1424=VERTEX_POINT('',#4646);
#1425=VERTEX_POINT('',#4663);
#1426=VERTEX_POINT('',#4669);
#1427=VERTEX_POINT('',#4686);
#1428=VERTEX_POINT('',#4692);
#1429=VERTEX_POINT('',#4709);
#1430=VERTEX_POINT('',#4715);
#1431=VERTEX_POINT('',#4732);
#1432=VERTEX_POINT('',#4738);
#1433=VERTEX_POINT('',#4755);
#1434=VERTEX_POINT('',#4761);
#1435=VERTEX_POINT('',#4769);
#1436=VERTEX_POINT('',#4771);
#1437=VERTEX_POINT('',#4775);
#1438=VERTEX_POINT('',#4777);
#1439=VERTEX_POINT('',#4784);
#1440=VERTEX_POINT('',#4785);
#1441=VERTEX_POINT('',#4787);
#1442=VERTEX_POINT('',#4789);
#1443=VERTEX_POINT('',#4802);
#1444=VERTEX_POINT('',#4808);
#1445=VERTEX_POINT('',#4825);
#1446=VERTEX_POINT('',#4831);
#1447=VERTEX_POINT('',#4848);
#1448=VERTEX_POINT('',#4854);
#1449=VERTEX_POINT('',#4871);
#1450=VERTEX_POINT('',#4877);
#1451=VERTEX_POINT('',#4894);
#1452=VERTEX_POINT('',#4900);
#1453=VERTEX_POINT('',#4917);
#1454=VERTEX_POINT('',#4923);
#1455=VERTEX_POINT('',#4940);
#1456=VERTEX_POINT('',#4946);
#1457=VERTEX_POINT('',#4963);
#1458=VERTEX_POINT('',#4969);
#1459=VERTEX_POINT('',#4986);
#1460=VERTEX_POINT('',#4992);
#1461=VERTEX_POINT('',#5009);
#1462=VERTEX_POINT('',#5015);
#1463=VERTEX_POINT('',#5032);
#1464=VERTEX_POINT('',#5038);
#1465=VERTEX_POINT('',#5055);
#1466=VERTEX_POINT('',#5061);
#1467=VERTEX_POINT('',#5069);
#1468=VERTEX_POINT('',#5071);
#1469=VERTEX_POINT('',#5079);
#1470=VERTEX_POINT('',#5080);
#1471=VERTEX_POINT('',#5082);
#1472=VERTEX_POINT('',#5084);
#1473=VERTEX_POINT('',#5088);
#1474=VERTEX_POINT('',#5090);
#1475=VERTEX_POINT('',#5097);
#1476=VERTEX_POINT('',#5098);
#1477=VERTEX_POINT('',#5100);
#1478=VERTEX_POINT('',#5102);
#1479=VERTEX_POINT('',#5106);
#1480=VERTEX_POINT('',#5108);
#1481=VERTEX_POINT('',#5112);
#1482=VERTEX_POINT('',#5114);
#1483=VERTEX_POINT('',#5118);
#1484=VERTEX_POINT('',#5120);
#1485=VERTEX_POINT('',#5124);
#1486=VERTEX_POINT('',#5126);
#1487=VERTEX_POINT('',#5130);
#1488=VERTEX_POINT('',#5132);
#1489=VERTEX_POINT('',#5136);
#1490=VERTEX_POINT('',#5138);
#1491=VERTEX_POINT('',#5155);
#1492=VERTEX_POINT('',#5156);
#1493=VERTEX_POINT('',#5162);
#1494=VERTEX_POINT('',#5164);
#1495=VERTEX_POINT('',#5181);
#1496=VERTEX_POINT('',#5187);
#1497=VERTEX_POINT('',#5204);
#1498=VERTEX_POINT('',#5210);
#1499=VERTEX_POINT('',#5227);
#1500=VERTEX_POINT('',#5233);
#1501=VERTEX_POINT('',#5250);
#1502=VERTEX_POINT('',#5256);
#1503=VERTEX_POINT('',#5273);
#1504=VERTEX_POINT('',#5279);
#1505=VERTEX_POINT('',#5296);
#1506=VERTEX_POINT('',#5302);
#1507=VERTEX_POINT('',#5310);
#1508=VERTEX_POINT('',#5312);
#1509=VERTEX_POINT('',#5325);
#1510=VERTEX_POINT('',#5331);
#1511=VERTEX_POINT('',#5348);
#1512=VERTEX_POINT('',#5354);
#1513=VERTEX_POINT('',#5371);
#1514=VERTEX_POINT('',#5377);
#1515=VERTEX_POINT('',#5394);
#1516=VERTEX_POINT('',#5400);
#1517=VERTEX_POINT('',#5417);
#1518=VERTEX_POINT('',#5423);
#1519=VERTEX_POINT('',#5440);
#1520=VERTEX_POINT('',#5446);
#1521=VERTEX_POINT('',#5463);
#1522=VERTEX_POINT('',#5469);
#1523=VERTEX_POINT('',#5486);
#1524=VERTEX_POINT('',#5492);
#1525=VERTEX_POINT('',#5500);
#1526=VERTEX_POINT('',#5502);
#1527=VERTEX_POINT('',#5527);
#1528=VERTEX_POINT('',#5528);
#1529=VERTEX_POINT('',#5530);
#1530=VERTEX_POINT('',#5532);
#1531=VERTEX_POINT('',#5534);
#1532=VERTEX_POINT('',#5536);
#1533=VERTEX_POINT('',#5538);
#1534=VERTEX_POINT('',#5540);
#1535=VERTEX_POINT('',#5542);
#1536=VERTEX_POINT('',#5544);
#1537=VERTEX_POINT('',#5546);
#1538=VERTEX_POINT('',#5548);
#1539=VERTEX_POINT('',#5554);
#1540=VERTEX_POINT('',#5555);
#1541=VERTEX_POINT('',#5560);
#1542=VERTEX_POINT('',#5562);
#1543=VERTEX_POINT('',#5564);
#1544=VERTEX_POINT('',#5566);
#1545=VERTEX_POINT('',#5568);
#1546=VERTEX_POINT('',#5570);
#1547=VERTEX_POINT('',#5572);
#1548=VERTEX_POINT('',#5574);
#1549=VERTEX_POINT('',#5576);
#1550=VERTEX_POINT('',#5578);
#1551=VERTEX_POINT('',#5580);
#1552=VERTEX_POINT('',#5582);
#1553=VERTEX_POINT('',#5584);
#1554=VERTEX_POINT('',#5586);
#1555=VERTEX_POINT('',#5588);
#1556=VERTEX_POINT('',#5590);
#1557=VERTEX_POINT('',#5592);
#1558=VERTEX_POINT('',#5594);
#1559=VERTEX_POINT('',#5596);
#1560=VERTEX_POINT('',#5598);
#1561=VERTEX_POINT('',#5600);
#1562=VERTEX_POINT('',#5602);
#1563=VERTEX_POINT('',#5604);
#1564=VERTEX_POINT('',#5607);
#1565=VERTEX_POINT('',#5609);
#1566=VERTEX_POINT('',#5611);
#1567=VERTEX_POINT('',#5614);
#1568=VERTEX_POINT('',#5615);
#1569=VERTEX_POINT('',#5620);
#1570=VERTEX_POINT('',#5624);
#1571=VERTEX_POINT('',#5625);
#1572=VERTEX_POINT('',#5630);
#1573=VERTEX_POINT('',#5639);
#1574=VERTEX_POINT('',#5641);
#1575=VERTEX_POINT('',#5643);
#1576=VERTEX_POINT('',#5645);
#1577=VERTEX_POINT('',#5647);
#1578=VERTEX_POINT('',#5649);
#1579=VERTEX_POINT('',#5651);
#1580=VERTEX_POINT('',#5653);
#1581=VERTEX_POINT('',#5655);
#1582=VERTEX_POINT('',#5657);
#1583=VERTEX_POINT('',#5659);
#1584=VERTEX_POINT('',#5662);
#1585=VERTEX_POINT('',#5665);
#1586=VERTEX_POINT('',#5666);
#1587=VERTEX_POINT('',#5668);
#1588=VERTEX_POINT('',#5670);
#1589=VERTEX_POINT('',#5672);
#1590=VERTEX_POINT('',#5674);
#1591=VERTEX_POINT('',#5678);
#1592=VERTEX_POINT('',#5679);
#1593=VERTEX_POINT('',#5681);
#1594=VERTEX_POINT('',#5683);
#1595=VERTEX_POINT('',#5687);
#1596=VERTEX_POINT('',#5689);
#1597=VERTEX_POINT('',#5693);
#1598=VERTEX_POINT('',#5695);
#1599=VERTEX_POINT('',#5699);
#1600=VERTEX_POINT('',#5701);
#1601=VERTEX_POINT('',#5705);
#1602=VERTEX_POINT('',#5707);
#1603=VERTEX_POINT('',#5711);
#1604=VERTEX_POINT('',#5713);
#1605=VERTEX_POINT('',#5717);
#1606=VERTEX_POINT('',#5719);
#1607=VERTEX_POINT('',#5723);
#1608=VERTEX_POINT('',#5725);
#1609=VERTEX_POINT('',#5729);
#1610=VERTEX_POINT('',#5731);
#1611=VERTEX_POINT('',#5735);
#1612=VERTEX_POINT('',#5737);
#1613=VERTEX_POINT('',#5741);
#1614=VERTEX_POINT('',#5743);
#1615=VERTEX_POINT('',#5747);
#1616=VERTEX_POINT('',#5749);
#1617=VERTEX_POINT('',#5753);
#1618=VERTEX_POINT('',#5755);
#1619=VERTEX_POINT('',#5759);
#1620=VERTEX_POINT('',#5761);
#1621=VERTEX_POINT('',#5765);
#1622=VERTEX_POINT('',#5767);
#1623=VERTEX_POINT('',#5771);
#1624=VERTEX_POINT('',#5773);
#1625=VERTEX_POINT('',#5777);
#1626=VERTEX_POINT('',#5779);
#1627=VERTEX_POINT('',#5783);
#1628=VERTEX_POINT('',#5785);
#1629=VERTEX_POINT('',#5789);
#1630=VERTEX_POINT('',#5791);
#1631=VERTEX_POINT('',#5795);
#1632=VERTEX_POINT('',#5797);
#1633=VERTEX_POINT('',#5801);
#1634=VERTEX_POINT('',#5802);
#1635=VERTEX_POINT('',#5807);
#1636=VERTEX_POINT('',#5809);
#1637=VERTEX_POINT('',#5813);
#1638=VERTEX_POINT('',#5815);
#1639=VERTEX_POINT('',#5819);
#1640=VERTEX_POINT('',#5821);
#1641=VERTEX_POINT('',#5825);
#1642=VERTEX_POINT('',#5827);
#1643=VERTEX_POINT('',#5831);
#1644=VERTEX_POINT('',#5833);
#1645=VERTEX_POINT('',#5837);
#1646=VERTEX_POINT('',#5839);
#1647=VERTEX_POINT('',#5846);
#1648=VERTEX_POINT('',#5856);
#1649=VERTEX_POINT('',#5865);
#1650=VERTEX_POINT('',#5870);
#1651=VERTEX_POINT('',#5872);
#1652=VERTEX_POINT('',#5874);
#1653=VERTEX_POINT('',#5876);
#1654=VERTEX_POINT('',#5880);
#1655=VERTEX_POINT('',#5882);
#1656=VERTEX_POINT('',#5884);
#1657=VERTEX_POINT('',#5886);
#1658=VERTEX_POINT('',#5890);
#1659=VERTEX_POINT('',#5895);
#1660=VERTEX_POINT('',#5897);
#1661=VERTEX_POINT('',#5899);
#1662=VERTEX_POINT('',#5921);
#1663=VERTEX_POINT('',#5928);
#1664=VERTEX_POINT('',#5930);
#1665=VERTEX_POINT('',#5934);
#1666=VERTEX_POINT('',#5936);
#1667=VERTEX_POINT('',#5940);
#1668=VERTEX_POINT('',#5942);
#1669=VERTEX_POINT('',#5946);
#1670=VERTEX_POINT('',#5948);
#1671=VERTEX_POINT('',#5952);
#1672=VERTEX_POINT('',#5954);
#1673=VERTEX_POINT('',#5958);
#1674=VERTEX_POINT('',#5960);
#1675=VERTEX_POINT('',#5964);
#1676=VERTEX_POINT('',#5966);
#1677=VERTEX_POINT('',#5970);
#1678=VERTEX_POINT('',#5974);
#1679=VERTEX_POINT('',#5981);
#1680=VERTEX_POINT('',#5983);
#1681=VERTEX_POINT('',#5988);
#1682=VERTEX_POINT('',#5992);
#1683=VERTEX_POINT('',#5996);
#1684=VERTEX_POINT('',#5998);
#1685=VERTEX_POINT('',#6003);
#1686=VERTEX_POINT('',#6007);
#1687=VERTEX_POINT('',#6027);
#1688=VERTEX_POINT('',#6031);
#1689=VERTEX_POINT('',#6035);
#1690=VERTEX_POINT('',#6039);
#1691=VERTEX_POINT('',#6045);
#1692=VERTEX_POINT('',#6046);
#1693=VERTEX_POINT('',#6048);
#1694=VERTEX_POINT('',#6050);
#1695=VERTEX_POINT('',#6054);
#1696=VERTEX_POINT('',#6056);
#1697=VERTEX_POINT('',#6064);
#1698=VERTEX_POINT('',#6066);
#1699=VERTEX_POINT('',#6070);
#1700=VERTEX_POINT('',#6071);
#1701=VERTEX_POINT('',#6073);
#1702=VERTEX_POINT('',#6075);
#1703=VERTEX_POINT('',#6077);
#1704=VERTEX_POINT('',#6079);
#1705=VERTEX_POINT('',#6081);
#1706=VERTEX_POINT('',#6083);
#1707=VERTEX_POINT('',#6089);
#1708=VERTEX_POINT('',#6091);
#1709=VERTEX_POINT('',#6095);
#1710=VERTEX_POINT('',#6099);
#1711=VERTEX_POINT('',#6108);
#1712=VERTEX_POINT('',#6112);
#1713=VERTEX_POINT('',#6131);
#1714=VERTEX_POINT('',#6134);
#1715=VERTEX_POINT('',#6137);
#1716=VERTEX_POINT('',#6140);
#1717=EDGE_CURVE('',#1403,#1404,#1322,.T.);
#1718=EDGE_CURVE('',#1403,#1405,#656,.T.);
#1719=EDGE_CURVE('',#1405,#1406,#1323,.T.);
#1720=EDGE_CURVE('',#1404,#1406,#657,.T.);
#1721=EDGE_CURVE('',#1407,#1403,#1324,.T.);
#1722=EDGE_CURVE('',#1407,#1408,#658,.T.);
#1723=EDGE_CURVE('',#1408,#1405,#1325,.T.);
#1724=EDGE_CURVE('',#1409,#1407,#1326,.T.);
#1725=EDGE_CURVE('',#1409,#1410,#659,.T.);
#1726=EDGE_CURVE('',#1410,#1408,#1327,.T.);
#1727=EDGE_CURVE('',#1411,#1409,#1328,.T.);
#1728=EDGE_CURVE('',#1411,#1412,#660,.T.);
#1729=EDGE_CURVE('',#1412,#1410,#1329,.T.);
#1730=EDGE_CURVE('',#1413,#1411,#1330,.T.);
#1731=EDGE_CURVE('',#1413,#1414,#661,.T.);
#1732=EDGE_CURVE('',#1414,#1412,#1331,.T.);
#1733=EDGE_CURVE('',#1415,#1413,#1332,.T.);
#1734=EDGE_CURVE('',#1415,#1416,#662,.T.);
#1735=EDGE_CURVE('',#1416,#1414,#1333,.T.);
#1736=EDGE_CURVE('',#1417,#1415,#663,.T.);
#1737=EDGE_CURVE('',#1417,#1418,#664,.T.);
#1738=EDGE_CURVE('',#1418,#1416,#665,.T.);
#1739=EDGE_CURVE('',#1419,#1417,#666,.T.);
#1740=EDGE_CURVE('',#1419,#1420,#667,.T.);
#1741=EDGE_CURVE('',#1420,#1418,#668,.T.);
#1742=EDGE_CURVE('',#1404,#1419,#669,.T.);
#1743=EDGE_CURVE('',#1406,#1420,#670,.T.);
#1744=EDGE_CURVE('',#1421,#1422,#1334,.T.);
#1745=EDGE_CURVE('',#1421,#1423,#671,.T.);
#1746=EDGE_CURVE('',#1423,#1424,#1335,.T.);
#1747=EDGE_CURVE('',#1422,#1424,#672,.T.);
#1748=EDGE_CURVE('',#1425,#1421,#1336,.T.);
#1749=EDGE_CURVE('',#1425,#1426,#673,.T.);
#1750=EDGE_CURVE('',#1426,#1423,#1337,.T.);
#1751=EDGE_CURVE('',#1427,#1425,#1338,.T.);
#1752=EDGE_CURVE('',#1427,#1428,#674,.T.);
#1753=EDGE_CURVE('',#1428,#1426,#1339,.T.);
#1754=EDGE_CURVE('',#1429,#1427,#1340,.T.);
#1755=EDGE_CURVE('',#1429,#1430,#675,.T.);
#1756=EDGE_CURVE('',#1430,#1428,#1341,.T.);
#1757=EDGE_CURVE('',#1431,#1429,#1342,.T.);
#1758=EDGE_CURVE('',#1431,#1432,#676,.T.);
#1759=EDGE_CURVE('',#1432,#1430,#1343,.T.);
#1760=EDGE_CURVE('',#1433,#1431,#1344,.T.);
#1761=EDGE_CURVE('',#1433,#1434,#677,.T.);
#1762=EDGE_CURVE('',#1434,#1432,#1345,.T.);
#1763=EDGE_CURVE('',#1435,#1433,#678,.T.);
#1764=EDGE_CURVE('',#1435,#1436,#679,.T.);
#1765=EDGE_CURVE('',#1436,#1434,#680,.T.);
#1766=EDGE_CURVE('',#1437,#1435,#681,.T.);
#1767=EDGE_CURVE('',#1437,#1438,#682,.T.);
#1768=EDGE_CURVE('',#1438,#1436,#683,.T.);
#1769=EDGE_CURVE('',#1422,#1437,#684,.T.);
#1770=EDGE_CURVE('',#1424,#1438,#685,.T.);
#1771=EDGE_CURVE('',#1439,#1440,#686,.T.);
#1772=EDGE_CURVE('',#1439,#1441,#687,.T.);
#1773=EDGE_CURVE('',#1441,#1442,#688,.T.);
#1774=EDGE_CURVE('',#1440,#1442,#689,.T.);
#1775=EDGE_CURVE('',#1443,#1439,#1346,.T.);
#1776=EDGE_CURVE('',#1443,#1444,#690,.T.);
#1777=EDGE_CURVE('',#1444,#1441,#1347,.T.);
#1778=EDGE_CURVE('',#1445,#1443,#1348,.T.);
#1779=EDGE_CURVE('',#1445,#1446,#691,.T.);
#1780=EDGE_CURVE('',#1446,#1444,#1349,.T.);
#1781=EDGE_CURVE('',#1447,#1445,#1350,.T.);
#1782=EDGE_CURVE('',#1447,#1448,#692,.T.);
#1783=EDGE_CURVE('',#1448,#1446,#1351,.T.);
#1784=EDGE_CURVE('',#1449,#1447,#1352,.T.);
#1785=EDGE_CURVE('',#1449,#1450,#693,.T.);
#1786=EDGE_CURVE('',#1450,#1448,#1353,.T.);
#1787=EDGE_CURVE('',#1451,#1449,#1354,.T.);
#1788=EDGE_CURVE('',#1451,#1452,#694,.T.);
#1789=EDGE_CURVE('',#1452,#1450,#1355,.T.);
#1790=EDGE_CURVE('',#1453,#1451,#1356,.T.);
#1791=EDGE_CURVE('',#1453,#1454,#695,.T.);
#1792=EDGE_CURVE('',#1454,#1452,#1357,.T.);
#1793=EDGE_CURVE('',#1455,#1453,#1358,.T.);
#1794=EDGE_CURVE('',#1455,#1456,#696,.T.);
#1795=EDGE_CURVE('',#1456,#1454,#1359,.T.);
#1796=EDGE_CURVE('',#1457,#1455,#1360,.T.);
#1797=EDGE_CURVE('',#1457,#1458,#697,.T.);
#1798=EDGE_CURVE('',#1458,#1456,#1361,.T.);
#1799=EDGE_CURVE('',#1459,#1457,#1362,.T.);
#1800=EDGE_CURVE('',#1459,#1460,#698,.T.);
#1801=EDGE_CURVE('',#1460,#1458,#1363,.T.);
#1802=EDGE_CURVE('',#1461,#1459,#1364,.T.);
#1803=EDGE_CURVE('',#1461,#1462,#699,.T.);
#1804=EDGE_CURVE('',#1462,#1460,#1365,.T.);
#1805=EDGE_CURVE('',#1463,#1461,#1366,.T.);
#1806=EDGE_CURVE('',#1463,#1464,#700,.T.);
#1807=EDGE_CURVE('',#1464,#1462,#1367,.T.);
#1808=EDGE_CURVE('',#1465,#1463,#1368,.T.);
#1809=EDGE_CURVE('',#1465,#1466,#701,.T.);
#1810=EDGE_CURVE('',#1466,#1464,#1369,.T.);
#1811=EDGE_CURVE('',#1467,#1465,#702,.T.);
#1812=EDGE_CURVE('',#1467,#1468,#703,.T.);
#1813=EDGE_CURVE('',#1468,#1466,#704,.T.);
#1814=EDGE_CURVE('',#1440,#1467,#705,.T.);
#1815=EDGE_CURVE('',#1442,#1468,#706,.T.);
#1816=EDGE_CURVE('',#1469,#1470,#707,.T.);
#1817=EDGE_CURVE('',#1469,#1471,#708,.T.);
#1818=EDGE_CURVE('',#1471,#1472,#709,.T.);
#1819=EDGE_CURVE('',#1470,#1472,#710,.T.);
#1820=EDGE_CURVE('',#1473,#1469,#711,.T.);
#1821=EDGE_CURVE('',#1473,#1474,#712,.T.);
#1822=EDGE_CURVE('',#1474,#1471,#713,.T.);
#1823=EDGE_CURVE('',#1470,#1473,#714,.T.);
#1824=EDGE_CURVE('',#1472,#1474,#715,.T.);
#1825=EDGE_CURVE('',#1475,#1476,#716,.T.);
#1826=EDGE_CURVE('',#1475,#1477,#717,.T.);
#1827=EDGE_CURVE('',#1477,#1478,#718,.T.);
#1828=EDGE_CURVE('',#1476,#1478,#719,.T.);
#1829=EDGE_CURVE('',#1479,#1475,#720,.T.);
#1830=EDGE_CURVE('',#1479,#1480,#721,.T.);
#1831=EDGE_CURVE('',#1480,#1477,#722,.T.);
#1832=EDGE_CURVE('',#1481,#1479,#723,.T.);
#1833=EDGE_CURVE('',#1481,#1482,#724,.T.);
#1834=EDGE_CURVE('',#1482,#1480,#725,.T.);
#1835=EDGE_CURVE('',#1483,#1481,#726,.T.);
#1836=EDGE_CURVE('',#1483,#1484,#727,.T.);
#1837=EDGE_CURVE('',#1484,#1482,#728,.T.);
#1838=EDGE_CURVE('',#1485,#1483,#729,.T.);
#1839=EDGE_CURVE('',#1485,#1486,#730,.T.);
#1840=EDGE_CURVE('',#1486,#1484,#731,.T.);
#1841=EDGE_CURVE('',#1487,#1485,#732,.T.);
#1842=EDGE_CURVE('',#1487,#1488,#733,.T.);
#1843=EDGE_CURVE('',#1488,#1486,#734,.T.);
#1844=EDGE_CURVE('',#1489,#1487,#735,.T.);
#1845=EDGE_CURVE('',#1489,#1490,#736,.T.);
#1846=EDGE_CURVE('',#1490,#1488,#737,.T.);
#1847=EDGE_CURVE('',#1476,#1489,#738,.T.);
#1848=EDGE_CURVE('',#1478,#1490,#739,.T.);
#1849=EDGE_CURVE('',#1491,#1492,#1370,.T.);
#1850=EDGE_CURVE('',#1491,#1493,#740,.T.);
#1851=EDGE_CURVE('',#1493,#1494,#1371,.T.);
#1852=EDGE_CURVE('',#1492,#1494,#741,.T.);
#1853=EDGE_CURVE('',#1495,#1491,#1372,.T.);
#1854=EDGE_CURVE('',#1495,#1496,#742,.T.);
#1855=EDGE_CURVE('',#1496,#1493,#1373,.T.);
#1856=EDGE_CURVE('',#1497,#1495,#1374,.T.);
#1857=EDGE_CURVE('',#1497,#1498,#743,.T.);
#1858=EDGE_CURVE('',#1498,#1496,#1375,.T.);
#1859=EDGE_CURVE('',#1499,#1497,#1376,.T.);
#1860=EDGE_CURVE('',#1499,#1500,#744,.T.);
#1861=EDGE_CURVE('',#1500,#1498,#1377,.T.);
#1862=EDGE_CURVE('',#1501,#1499,#1378,.T.);
#1863=EDGE_CURVE('',#1501,#1502,#745,.T.);
#1864=EDGE_CURVE('',#1502,#1500,#1379,.T.);
#1865=EDGE_CURVE('',#1503,#1501,#1380,.T.);
#1866=EDGE_CURVE('',#1503,#1504,#746,.T.);
#1867=EDGE_CURVE('',#1504,#1502,#1381,.T.);
#1868=EDGE_CURVE('',#1505,#1503,#1382,.T.);
#1869=EDGE_CURVE('',#1505,#1506,#747,.T.);
#1870=EDGE_CURVE('',#1506,#1504,#1383,.T.);
#1871=EDGE_CURVE('',#1507,#1505,#748,.T.);
#1872=EDGE_CURVE('',#1507,#1508,#749,.T.);
#1873=EDGE_CURVE('',#1508,#1506,#750,.T.);
#1874=EDGE_CURVE('',#1509,#1507,#1384,.T.);
#1875=EDGE_CURVE('',#1509,#1510,#751,.T.);
#1876=EDGE_CURVE('',#1510,#1508,#1385,.T.);
#1877=EDGE_CURVE('',#1511,#1509,#1386,.T.);
#1878=EDGE_CURVE('',#1511,#1512,#752,.T.);
#1879=EDGE_CURVE('',#1512,#1510,#1387,.T.);
#1880=EDGE_CURVE('',#1513,#1511,#1388,.T.);
#1881=EDGE_CURVE('',#1513,#1514,#753,.T.);
#1882=EDGE_CURVE('',#1514,#1512,#1389,.T.);
#1883=EDGE_CURVE('',#1515,#1513,#1390,.T.);
#1884=EDGE_CURVE('',#1515,#1516,#754,.T.);
#1885=EDGE_CURVE('',#1516,#1514,#1391,.T.);
#1886=EDGE_CURVE('',#1517,#1515,#1392,.T.);
#1887=EDGE_CURVE('',#1517,#1518,#755,.T.);
#1888=EDGE_CURVE('',#1518,#1516,#1393,.T.);
#1889=EDGE_CURVE('',#1519,#1517,#1394,.T.);
#1890=EDGE_CURVE('',#1519,#1520,#756,.T.);
#1891=EDGE_CURVE('',#1520,#1518,#1395,.T.);
#1892=EDGE_CURVE('',#1521,#1519,#1396,.T.);
#1893=EDGE_CURVE('',#1521,#1522,#757,.T.);
#1894=EDGE_CURVE('',#1522,#1520,#1397,.T.);
#1895=EDGE_CURVE('',#1523,#1521,#1398,.T.);
#1896=EDGE_CURVE('',#1523,#1524,#758,.T.);
#1897=EDGE_CURVE('',#1524,#1522,#1399,.T.);
#1898=EDGE_CURVE('',#1525,#1523,#759,.T.);
#1899=EDGE_CURVE('',#1525,#1526,#760,.T.);
#1900=EDGE_CURVE('',#1526,#1524,#761,.T.);
#1901=EDGE_CURVE('',#1492,#1525,#1400,.T.);
#1902=EDGE_CURVE('',#1494,#1526,#1401,.T.);
#1903=EDGE_CURVE('',#1527,#1528,#762,.T.);
#1904=EDGE_CURVE('',#1527,#1529,#763,.T.);
#1905=EDGE_CURVE('',#1530,#1529,#764,.T.);
#1906=EDGE_CURVE('',#1531,#1530,#765,.T.);
#1907=EDGE_CURVE('',#1532,#1531,#766,.T.);
#1908=EDGE_CURVE('',#1533,#1532,#767,.T.);
#1909=EDGE_CURVE('',#1534,#1533,#768,.T.);
#1910=EDGE_CURVE('',#1535,#1534,#769,.T.);
#1911=EDGE_CURVE('',#1536,#1535,#770,.T.);
#1912=EDGE_CURVE('',#1536,#1537,#771,.T.);
#1913=EDGE_CURVE('',#1538,#1537,#772,.T.);
#1914=EDGE_CURVE('',#1538,#1528,#773,.T.);
#1915=EDGE_CURVE('',#1539,#1540,#774,.T.);
#1916=EDGE_CURVE('',#1540,#1530,#775,.T.);
#1917=EDGE_CURVE('',#1529,#1539,#776,.T.);
#1918=EDGE_CURVE('',#1541,#1540,#777,.T.);
#1919=EDGE_CURVE('',#1542,#1541,#778,.T.);
#1920=EDGE_CURVE('',#1543,#1542,#91,.T.);
#1921=EDGE_CURVE('',#1544,#1543,#779,.T.);
#1922=EDGE_CURVE('',#1545,#1544,#780,.T.);
#1923=EDGE_CURVE('',#1546,#1545,#781,.T.);
#1924=EDGE_CURVE('',#1547,#1546,#782,.T.);
#1925=EDGE_CURVE('',#1548,#1547,#783,.T.);
#1926=EDGE_CURVE('',#1549,#1548,#784,.T.);
#1927=EDGE_CURVE('',#1550,#1549,#785,.T.);
#1928=EDGE_CURVE('',#1551,#1550,#92,.T.);
#1929=EDGE_CURVE('',#1552,#1551,#786,.T.);
#1930=EDGE_CURVE('',#1553,#1552,#787,.T.);
#1931=EDGE_CURVE('',#1554,#1553,#788,.T.);
#1932=EDGE_CURVE('',#1555,#1554,#789,.T.);
#1933=EDGE_CURVE('',#1556,#1555,#790,.T.);
#1934=EDGE_CURVE('',#1557,#1556,#93,.T.);
#1935=EDGE_CURVE('',#1558,#1557,#791,.T.);
#1936=EDGE_CURVE('',#1558,#1559,#792,.T.);
#1937=EDGE_CURVE('',#1560,#1559,#94,.T.);
#1938=EDGE_CURVE('',#1560,#1561,#793,.T.);
#1939=EDGE_CURVE('',#1562,#1561,#95,.T.);
#1940=EDGE_CURVE('',#1562,#1563,#794,.T.);
#1941=EDGE_CURVE('',#1531,#1563,#96,.T.);
#1942=EDGE_CURVE('',#1564,#1564,#97,.T.);
#1943=EDGE_CURVE('',#1565,#1565,#98,.T.);
#1944=EDGE_CURVE('',#1566,#1566,#99,.T.);
#1945=EDGE_CURVE('',#1567,#1568,#795,.T.);
#1946=EDGE_CURVE('',#1568,#1536,#796,.T.);
#1947=EDGE_CURVE('',#1535,#1567,#797,.T.);
#1948=EDGE_CURVE('',#1568,#1569,#798,.T.);
#1949=EDGE_CURVE('',#1537,#1569,#799,.T.);
#1950=EDGE_CURVE('',#1570,#1571,#800,.T.);
#1951=EDGE_CURVE('',#1571,#1527,#801,.T.);
#1952=EDGE_CURVE('',#1528,#1570,#802,.T.);
#1953=EDGE_CURVE('',#1572,#1538,#803,.T.);
#1954=EDGE_CURVE('',#1572,#1570,#804,.T.);
#1955=EDGE_CURVE('',#1569,#1572,#805,.T.);
#1956=EDGE_CURVE('',#1571,#1539,#806,.T.);
#1957=EDGE_CURVE('',#1573,#1534,#100,.T.);
#1958=EDGE_CURVE('',#1573,#1574,#807,.T.);
#1959=EDGE_CURVE('',#1575,#1574,#808,.T.);
#1960=EDGE_CURVE('',#1576,#1575,#809,.T.);
#1961=EDGE_CURVE('',#1577,#1576,#810,.T.);
#1962=EDGE_CURVE('',#1578,#1577,#811,.T.);
#1963=EDGE_CURVE('',#1579,#1578,#812,.T.);
#1964=EDGE_CURVE('',#1580,#1579,#813,.T.);
#1965=EDGE_CURVE('',#1581,#1580,#814,.T.);
#1966=EDGE_CURVE('',#1582,#1581,#101,.T.);
#1967=EDGE_CURVE('',#1583,#1582,#815,.T.);
#1968=EDGE_CURVE('',#1567,#1583,#816,.T.);
#1969=EDGE_CURVE('',#1584,#1584,#102,.T.);
#1970=EDGE_CURVE('',#1585,#1586,#817,.T.);
#1971=EDGE_CURVE('',#1585,#1587,#24,.T.);
#1972=EDGE_CURVE('',#1587,#1588,#818,.T.);
#1973=EDGE_CURVE('',#1588,#1589,#103,.T.);
#1974=EDGE_CURVE('',#1589,#1590,#819,.T.);
#1975=EDGE_CURVE('',#1586,#1590,#104,.T.);
#1976=EDGE_CURVE('',#1591,#1592,#820,.T.);
#1977=EDGE_CURVE('',#1593,#1592,#25,.T.);
#1978=EDGE_CURVE('',#1593,#1594,#821,.T.);
#1979=EDGE_CURVE('',#1594,#1591,#26,.T.);
#1980=EDGE_CURVE('',#1592,#1595,#822,.T.);
#1981=EDGE_CURVE('',#1596,#1595,#105,.T.);
#1982=EDGE_CURVE('',#1596,#1593,#823,.T.);
#1983=EDGE_CURVE('',#1597,#1591,#824,.T.);
#1984=EDGE_CURVE('',#1594,#1598,#825,.T.);
#1985=EDGE_CURVE('',#1597,#1598,#27,.T.);
#1986=EDGE_CURVE('',#1595,#1599,#106,.T.);
#1987=EDGE_CURVE('',#1600,#1599,#107,.T.);
#1988=EDGE_CURVE('',#1600,#1596,#108,.T.);
#1989=EDGE_CURVE('',#1601,#1597,#826,.T.);
#1990=EDGE_CURVE('',#1598,#1602,#827,.T.);
#1991=EDGE_CURVE('',#1601,#1602,#28,.T.);
#1992=EDGE_CURVE('',#1603,#1600,#828,.T.);
#1993=EDGE_CURVE('',#1599,#1604,#829,.T.);
#1994=EDGE_CURVE('',#1603,#1604,#29,.T.);
#1995=EDGE_CURVE('',#1605,#1601,#830,.T.);
#1996=EDGE_CURVE('',#1602,#1606,#831,.T.);
#1997=EDGE_CURVE('',#1605,#1606,#30,.T.);
#1998=EDGE_CURVE('',#1604,#1607,#832,.T.);
#1999=EDGE_CURVE('',#1608,#1607,#31,.T.);
#2000=EDGE_CURVE('',#1608,#1603,#833,.T.);
#2001=EDGE_CURVE('',#1609,#1605,#834,.T.);
#2002=EDGE_CURVE('',#1606,#1610,#835,.T.);
#2003=EDGE_CURVE('',#1609,#1610,#32,.T.);
#2004=EDGE_CURVE('',#1607,#1611,#836,.T.);
#2005=EDGE_CURVE('',#1612,#1611,#109,.T.);
#2006=EDGE_CURVE('',#1612,#1608,#837,.T.);
#2007=EDGE_CURVE('',#1613,#1609,#838,.T.);
#2008=EDGE_CURVE('',#1610,#1614,#839,.T.);
#2009=EDGE_CURVE('',#1613,#1614,#33,.T.);
#2010=EDGE_CURVE('',#1611,#1615,#110,.T.);
#2011=EDGE_CURVE('',#1616,#1615,#111,.T.);
#2012=EDGE_CURVE('',#1616,#1612,#112,.T.);
#2013=EDGE_CURVE('',#1617,#1613,#840,.T.);
#2014=EDGE_CURVE('',#1614,#1618,#841,.T.);
#2015=EDGE_CURVE('',#1617,#1618,#34,.T.);
#2016=EDGE_CURVE('',#1619,#1616,#842,.T.);
#2017=EDGE_CURVE('',#1615,#1620,#843,.T.);
#2018=EDGE_CURVE('',#1619,#1620,#35,.T.);
#2019=EDGE_CURVE('',#1621,#1617,#844,.T.);
#2020=EDGE_CURVE('',#1618,#1622,#845,.T.);
#2021=EDGE_CURVE('',#1621,#1622,#36,.T.);
#2022=EDGE_CURVE('',#1623,#1619,#846,.T.);
#2023=EDGE_CURVE('',#1620,#1624,#847,.T.);
#2024=EDGE_CURVE('',#1624,#1623,#37,.T.);
#2025=EDGE_CURVE('',#1625,#1621,#848,.T.);
#2026=EDGE_CURVE('',#1622,#1626,#849,.T.);
#2027=EDGE_CURVE('',#1626,#1625,#38,.T.);
#2028=EDGE_CURVE('',#1627,#1623,#850,.T.);
#2029=EDGE_CURVE('',#1624,#1628,#851,.T.);
#2030=EDGE_CURVE('',#1628,#1627,#39,.T.);
#2031=EDGE_CURVE('',#1626,#1629,#852,.T.);
#2032=EDGE_CURVE('',#1629,#1630,#113,.T.);
#2033=EDGE_CURVE('',#1630,#1625,#853,.T.);
#2034=EDGE_CURVE('',#1631,#1627,#854,.T.);
#2035=EDGE_CURVE('',#1628,#1632,#855,.T.);
#2036=EDGE_CURVE('',#1632,#1631,#40,.T.);
#2037=EDGE_CURVE('',#1633,#1634,#114,.T.);
#2038=EDGE_CURVE('',#1634,#1630,#115,.T.);
#2039=EDGE_CURVE('',#1629,#1633,#116,.T.);
#2040=EDGE_CURVE('',#1635,#1631,#856,.T.);
#2041=EDGE_CURVE('',#1632,#1636,#857,.T.);
#2042=EDGE_CURVE('',#1635,#1636,#41,.T.);
#2043=EDGE_CURVE('',#1637,#1634,#858,.T.);
#2044=EDGE_CURVE('',#1633,#1638,#859,.T.);
#2045=EDGE_CURVE('',#1638,#1637,#42,.T.);
#2046=EDGE_CURVE('',#1639,#1635,#860,.T.);
#2047=EDGE_CURVE('',#1636,#1640,#861,.T.);
#2048=EDGE_CURVE('',#1639,#1640,#43,.T.);
#2049=EDGE_CURVE('',#1641,#1637,#862,.T.);
#2050=EDGE_CURVE('',#1638,#1642,#863,.T.);
#2051=EDGE_CURVE('',#1642,#1641,#44,.T.);
#2052=EDGE_CURVE('',#1640,#1643,#864,.T.);
#2053=EDGE_CURVE('',#1644,#1643,#117,.T.);
#2054=EDGE_CURVE('',#1644,#1639,#865,.T.);
#2055=EDGE_CURVE('',#1645,#1641,#866,.T.);
#2056=EDGE_CURVE('',#1642,#1646,#867,.T.);
#2057=EDGE_CURVE('',#1645,#1646,#45,.T.);
#2058=EDGE_CURVE('',#1643,#1589,#118,.T.);
#2059=EDGE_CURVE('',#1588,#1644,#119,.T.);
#2060=EDGE_CURVE('',#1585,#1647,#120,.T.);
#2061=EDGE_CURVE('',#1647,#1645,#868,.T.);
#2062=EDGE_CURVE('',#1646,#1587,#869,.T.);
#2063=EDGE_CURVE('',#1555,#1590,#870,.T.);
#2064=EDGE_CURVE('',#1554,#1586,#871,.T.);
#2065=EDGE_CURVE('',#1556,#1589,#872,.T.);
#2066=EDGE_CURVE('',#1648,#1643,#873,.T.);
#2067=EDGE_CURVE('',#1557,#1648,#1402,.T.);
#2068=EDGE_CURVE('',#1649,#1640,#874,.T.);
#2069=EDGE_CURVE('',#1649,#1648,#875,.F.);
#2070=EDGE_CURVE('',#1636,#1576,#876,.T.);
#2071=EDGE_CURVE('',#1650,#1575,#121,.T.);
#2072=EDGE_CURVE('',#1651,#1650,#877,.T.);
#2073=EDGE_CURVE('',#1652,#1651,#878,.T.);
#2074=EDGE_CURVE('',#1653,#1652,#879,.T.);
#2075=EDGE_CURVE('',#1649,#1653,#122,.T.);
#2076=EDGE_CURVE('',#1632,#1654,#880,.T.);
#2077=EDGE_CURVE('',#1655,#1654,#881,.T.);
#2078=EDGE_CURVE('',#1656,#1655,#882,.T.);
#2079=EDGE_CURVE('',#1657,#1656,#883,.T.);
#2080=EDGE_CURVE('',#1577,#1657,#123,.T.);
#2081=EDGE_CURVE('',#1628,#1658,#884,.T.);
#2082=EDGE_CURVE('',#1654,#1658,#885,.T.);
#2083=EDGE_CURVE('',#1579,#1624,#886,.T.);
#2084=EDGE_CURVE('',#1659,#1578,#124,.T.);
#2085=EDGE_CURVE('',#1659,#1660,#887,.T.);
#2086=EDGE_CURVE('',#1661,#1660,#888,.T.);
#2087=EDGE_CURVE('',#1658,#1661,#889,.T.);
#2088=EDGE_CURVE('',#1580,#1620,#890,.T.);
#2089=EDGE_CURVE('',#1581,#1615,#891,.T.);
#2090=EDGE_CURVE('',#1582,#1611,#892,.T.);
#2091=EDGE_CURVE('',#1583,#1607,#893,.T.);
#2092=EDGE_CURVE('',#1541,#1604,#894,.T.);
#2093=EDGE_CURVE('',#1542,#1599,#895,.T.);
#2094=EDGE_CURVE('',#1543,#1595,#896,.T.);
#2095=EDGE_CURVE('',#1544,#1592,#897,.T.);
#2096=EDGE_CURVE('',#1591,#1545,#898,.T.);
#2097=EDGE_CURVE('',#1662,#1662,#125,.T.);
#2098=EDGE_CURVE('',#1657,#1659,#899,.T.);
#2099=EDGE_CURVE('',#1660,#1656,#900,.T.);
#2100=EDGE_CURVE('',#1547,#1663,#126,.T.);
#2101=EDGE_CURVE('',#1663,#1664,#901,.T.);
#2102=EDGE_CURVE('',#1664,#1548,#127,.T.);
#2103=EDGE_CURVE('',#1663,#1665,#902,.T.);
#2104=EDGE_CURVE('',#1666,#1665,#903,.T.);
#2105=EDGE_CURVE('',#1664,#1666,#904,.T.);
#2106=EDGE_CURVE('',#1545,#1667,#128,.T.);
#2107=EDGE_CURVE('',#1667,#1668,#905,.T.);
#2108=EDGE_CURVE('',#1668,#1546,#129,.T.);
#2109=EDGE_CURVE('',#1667,#1669,#906,.T.);
#2110=EDGE_CURVE('',#1670,#1669,#907,.T.);
#2111=EDGE_CURVE('',#1668,#1670,#908,.T.);
#2112=EDGE_CURVE('',#1553,#1671,#130,.T.);
#2113=EDGE_CURVE('',#1671,#1672,#909,.T.);
#2114=EDGE_CURVE('',#1672,#1554,#131,.T.);
#2115=EDGE_CURVE('',#1671,#1673,#910,.T.);
#2116=EDGE_CURVE('',#1674,#1673,#911,.T.);
#2117=EDGE_CURVE('',#1672,#1674,#912,.T.);
#2118=EDGE_CURVE('',#1673,#1675,#913,.T.);
#2119=EDGE_CURVE('',#1675,#1676,#914,.T.);
#2120=EDGE_CURVE('',#1676,#1674,#915,.T.);
#2121=EDGE_CURVE('',#1677,#1676,#916,.T.);
#2122=EDGE_CURVE('',#1647,#1677,#917,.T.);
#2123=EDGE_CURVE('',#1675,#1678,#918,.T.);
#2124=EDGE_CURVE('',#1678,#1677,#919,.T.);
#2125=EDGE_CURVE('',#1655,#1661,#920,.T.);
#2126=EDGE_CURVE('',#1669,#1679,#921,.T.);
#2127=EDGE_CURVE('',#1679,#1680,#922,.T.);
#2128=EDGE_CURVE('',#1680,#1670,#923,.T.);
#2129=EDGE_CURVE('',#1546,#1605,#924,.T.);
#2130=EDGE_CURVE('',#1681,#1680,#925,.T.);
#2131=EDGE_CURVE('',#1601,#1681,#926,.T.);
#2132=EDGE_CURVE('',#1679,#1682,#927,.T.);
#2133=EDGE_CURVE('',#1682,#1681,#928,.T.);
#2134=EDGE_CURVE('',#1665,#1683,#929,.T.);
#2135=EDGE_CURVE('',#1683,#1684,#930,.T.);
#2136=EDGE_CURVE('',#1684,#1666,#931,.T.);
#2137=EDGE_CURVE('',#1548,#1621,#932,.T.);
#2138=EDGE_CURVE('',#1685,#1684,#933,.T.);
#2139=EDGE_CURVE('',#1617,#1685,#934,.T.);
#2140=EDGE_CURVE('',#1683,#1686,#935,.T.);
#2141=EDGE_CURVE('',#1686,#1685,#936,.T.);
#2142=EDGE_CURVE('',#1597,#1682,#937,.T.);
#2143=EDGE_CURVE('',#1609,#1547,#938,.T.);
#2144=EDGE_CURVE('',#1645,#1678,#939,.T.);
#2145=EDGE_CURVE('',#1641,#1553,#940,.T.);
#2146=EDGE_CURVE('',#1552,#1637,#941,.T.);
#2147=EDGE_CURVE('',#1613,#1686,#942,.T.);
#2148=EDGE_CURVE('',#1549,#1625,#943,.T.);
#2149=EDGE_CURVE('',#1653,#1687,#944,.T.);
#2150=EDGE_CURVE('',#1687,#1558,#132,.T.);
#2151=EDGE_CURVE('',#1688,#1652,#945,.T.);
#2152=EDGE_CURVE('',#1687,#1688,#946,.T.);
#2153=EDGE_CURVE('',#1574,#1689,#133,.T.);
#2154=EDGE_CURVE('',#1689,#1650,#947,.T.);
#2155=EDGE_CURVE('',#1690,#1651,#948,.T.);
#2156=EDGE_CURVE('',#1688,#1690,#949,.T.);
#2157=EDGE_CURVE('',#1690,#1689,#950,.T.);
#2158=EDGE_CURVE('',#1691,#1692,#951,.T.);
#2159=EDGE_CURVE('',#1691,#1693,#952,.T.);
#2160=EDGE_CURVE('',#1693,#1694,#953,.T.);
#2161=EDGE_CURVE('',#1692,#1694,#954,.T.);
#2162=EDGE_CURVE('',#1695,#1691,#955,.T.);
#2163=EDGE_CURVE('',#1695,#1696,#956,.T.);
#2164=EDGE_CURVE('',#1696,#1693,#957,.T.);
#2165=EDGE_CURVE('',#1692,#1695,#958,.T.);
#2166=EDGE_CURVE('',#1694,#1696,#959,.T.);
#2167=EDGE_CURVE('',#1697,#1697,#134,.T.);
#2168=EDGE_CURVE('',#1697,#1698,#960,.T.);
#2169=EDGE_CURVE('',#1698,#1698,#135,.T.);
#2170=EDGE_CURVE('',#1699,#1700,#961,.T.);
#2171=EDGE_CURVE('',#1701,#1699,#136,.T.);
#2172=EDGE_CURVE('',#1702,#1701,#962,.T.);
#2173=EDGE_CURVE('',#1703,#1702,#137,.T.);
#2174=EDGE_CURVE('',#1704,#1703,#963,.T.);
#2175=EDGE_CURVE('',#1705,#1704,#138,.T.);
#2176=EDGE_CURVE('',#1706,#1705,#964,.T.);
#2177=EDGE_CURVE('',#1700,#1706,#139,.T.);
#2178=EDGE_CURVE('',#1698,#1662,#965,.T.);
#2179=EDGE_CURVE('',#1707,#1699,#966,.T.);
#2180=EDGE_CURVE('',#1700,#1708,#967,.T.);
#2181=EDGE_CURVE('',#1708,#1707,#968,.T.);
#2182=EDGE_CURVE('',#1707,#1709,#140,.T.);
#2183=EDGE_CURVE('',#1709,#1701,#969,.T.);
#2184=EDGE_CURVE('',#1710,#1702,#970,.T.);
#2185=EDGE_CURVE('',#1709,#1710,#971,.T.);
#2186=EDGE_CURVE('',#1710,#1533,#141,.T.);
#2187=EDGE_CURVE('',#1533,#1703,#972,.T.);
#2188=EDGE_CURVE('',#1532,#1704,#973,.T.);
#2189=EDGE_CURVE('',#1532,#1711,#142,.T.);
#2190=EDGE_CURVE('',#1711,#1705,#974,.T.);
#2191=EDGE_CURVE('',#1712,#1706,#975,.T.);
#2192=EDGE_CURVE('',#1711,#1712,#976,.T.);
#2193=EDGE_CURVE('',#1712,#1708,#143,.T.);
#2194=EDGE_CURVE('',#1710,#1573,#977,.T.);
#2195=EDGE_CURVE('',#1559,#1709,#978,.T.);
#2196=EDGE_CURVE('',#1707,#1560,#979,.T.);
#2197=EDGE_CURVE('',#1561,#1708,#980,.T.);
#2198=EDGE_CURVE('',#1563,#1711,#981,.T.);
#2199=EDGE_CURVE('',#1712,#1562,#982,.T.);
#2200=EDGE_CURVE('',#1713,#1713,#144,.F.);
#2201=EDGE_CURVE('',#1714,#1714,#145,.F.);
#2202=EDGE_CURVE('',#1715,#1715,#146,.F.);
#2203=EDGE_CURVE('',#1716,#1716,#147,.F.);
#2204=EDGE_CURVE('',#1550,#1630,#983,.T.);
#2205=EDGE_CURVE('',#1716,#1566,#984,.T.);
#2206=EDGE_CURVE('',#1715,#1565,#985,.T.);
#2207=EDGE_CURVE('',#1714,#1564,#986,.T.);
#2208=EDGE_CURVE('',#1551,#1634,#987,.T.);
#2209=EDGE_CURVE('',#1713,#1584,#988,.T.);
#2210=ORIENTED_EDGE('',*,*,#1717,.F.);
#2211=ORIENTED_EDGE('',*,*,#1718,.T.);
#2212=ORIENTED_EDGE('',*,*,#1719,.T.);
#2213=ORIENTED_EDGE('',*,*,#1720,.F.);
#2214=ORIENTED_EDGE('',*,*,#1721,.F.);
#2215=ORIENTED_EDGE('',*,*,#1722,.T.);
#2216=ORIENTED_EDGE('',*,*,#1723,.T.);
#2217=ORIENTED_EDGE('',*,*,#1718,.F.);
#2218=ORIENTED_EDGE('',*,*,#1724,.F.);
#2219=ORIENTED_EDGE('',*,*,#1725,.T.);
#2220=ORIENTED_EDGE('',*,*,#1726,.T.);
#2221=ORIENTED_EDGE('',*,*,#1722,.F.);
#2222=ORIENTED_EDGE('',*,*,#1727,.F.);
#2223=ORIENTED_EDGE('',*,*,#1728,.T.);
#2224=ORIENTED_EDGE('',*,*,#1729,.T.);
#2225=ORIENTED_EDGE('',*,*,#1725,.F.);
#2226=ORIENTED_EDGE('',*,*,#1730,.F.);
#2227=ORIENTED_EDGE('',*,*,#1731,.T.);
#2228=ORIENTED_EDGE('',*,*,#1732,.T.);
#2229=ORIENTED_EDGE('',*,*,#1728,.F.);
#2230=ORIENTED_EDGE('',*,*,#1733,.F.);
#2231=ORIENTED_EDGE('',*,*,#1734,.T.);
#2232=ORIENTED_EDGE('',*,*,#1735,.T.);
#2233=ORIENTED_EDGE('',*,*,#1731,.F.);
#2234=ORIENTED_EDGE('',*,*,#1736,.F.);
#2235=ORIENTED_EDGE('',*,*,#1737,.T.);
#2236=ORIENTED_EDGE('',*,*,#1738,.T.);
#2237=ORIENTED_EDGE('',*,*,#1734,.F.);
#2238=ORIENTED_EDGE('',*,*,#1739,.F.);
#2239=ORIENTED_EDGE('',*,*,#1740,.T.);
#2240=ORIENTED_EDGE('',*,*,#1741,.T.);
#2241=ORIENTED_EDGE('',*,*,#1737,.F.);
#2242=ORIENTED_EDGE('',*,*,#1742,.F.);
#2243=ORIENTED_EDGE('',*,*,#1720,.T.);
#2244=ORIENTED_EDGE('',*,*,#1743,.T.);
#2245=ORIENTED_EDGE('',*,*,#1740,.F.);
#2246=ORIENTED_EDGE('',*,*,#1744,.F.);
#2247=ORIENTED_EDGE('',*,*,#1745,.T.);
#2248=ORIENTED_EDGE('',*,*,#1746,.T.);
#2249=ORIENTED_EDGE('',*,*,#1747,.F.);
#2250=ORIENTED_EDGE('',*,*,#1748,.F.);
#2251=ORIENTED_EDGE('',*,*,#1749,.T.);
#2252=ORIENTED_EDGE('',*,*,#1750,.T.);
#2253=ORIENTED_EDGE('',*,*,#1745,.F.);
#2254=ORIENTED_EDGE('',*,*,#1751,.F.);
#2255=ORIENTED_EDGE('',*,*,#1752,.T.);
#2256=ORIENTED_EDGE('',*,*,#1753,.T.);
#2257=ORIENTED_EDGE('',*,*,#1749,.F.);
#2258=ORIENTED_EDGE('',*,*,#1754,.F.);
#2259=ORIENTED_EDGE('',*,*,#1755,.T.);
#2260=ORIENTED_EDGE('',*,*,#1756,.T.);
#2261=ORIENTED_EDGE('',*,*,#1752,.F.);
#2262=ORIENTED_EDGE('',*,*,#1757,.F.);
#2263=ORIENTED_EDGE('',*,*,#1758,.T.);
#2264=ORIENTED_EDGE('',*,*,#1759,.T.);
#2265=ORIENTED_EDGE('',*,*,#1755,.F.);
#2266=ORIENTED_EDGE('',*,*,#1760,.F.);
#2267=ORIENTED_EDGE('',*,*,#1761,.T.);
#2268=ORIENTED_EDGE('',*,*,#1762,.T.);
#2269=ORIENTED_EDGE('',*,*,#1758,.F.);
#2270=ORIENTED_EDGE('',*,*,#1763,.F.);
#2271=ORIENTED_EDGE('',*,*,#1764,.T.);
#2272=ORIENTED_EDGE('',*,*,#1765,.T.);
#2273=ORIENTED_EDGE('',*,*,#1761,.F.);
#2274=ORIENTED_EDGE('',*,*,#1766,.F.);
#2275=ORIENTED_EDGE('',*,*,#1767,.T.);
#2276=ORIENTED_EDGE('',*,*,#1768,.T.);
#2277=ORIENTED_EDGE('',*,*,#1764,.F.);
#2278=ORIENTED_EDGE('',*,*,#1769,.F.);
#2279=ORIENTED_EDGE('',*,*,#1747,.T.);
#2280=ORIENTED_EDGE('',*,*,#1770,.T.);
#2281=ORIENTED_EDGE('',*,*,#1767,.F.);
#2282=ORIENTED_EDGE('',*,*,#1771,.F.);
#2283=ORIENTED_EDGE('',*,*,#1772,.T.);
#2284=ORIENTED_EDGE('',*,*,#1773,.T.);
#2285=ORIENTED_EDGE('',*,*,#1774,.F.);
#2286=ORIENTED_EDGE('',*,*,#1775,.F.);
#2287=ORIENTED_EDGE('',*,*,#1776,.T.);
#2288=ORIENTED_EDGE('',*,*,#1777,.T.);
#2289=ORIENTED_EDGE('',*,*,#1772,.F.);
#2290=ORIENTED_EDGE('',*,*,#1778,.F.);
#2291=ORIENTED_EDGE('',*,*,#1779,.T.);
#2292=ORIENTED_EDGE('',*,*,#1780,.T.);
#2293=ORIENTED_EDGE('',*,*,#1776,.F.);
#2294=ORIENTED_EDGE('',*,*,#1781,.F.);
#2295=ORIENTED_EDGE('',*,*,#1782,.T.);
#2296=ORIENTED_EDGE('',*,*,#1783,.T.);
#2297=ORIENTED_EDGE('',*,*,#1779,.F.);
#2298=ORIENTED_EDGE('',*,*,#1784,.F.);
#2299=ORIENTED_EDGE('',*,*,#1785,.T.);
#2300=ORIENTED_EDGE('',*,*,#1786,.T.);
#2301=ORIENTED_EDGE('',*,*,#1782,.F.);
#2302=ORIENTED_EDGE('',*,*,#1787,.F.);
#2303=ORIENTED_EDGE('',*,*,#1788,.T.);
#2304=ORIENTED_EDGE('',*,*,#1789,.T.);
#2305=ORIENTED_EDGE('',*,*,#1785,.F.);
#2306=ORIENTED_EDGE('',*,*,#1790,.F.);
#2307=ORIENTED_EDGE('',*,*,#1791,.T.);
#2308=ORIENTED_EDGE('',*,*,#1792,.T.);
#2309=ORIENTED_EDGE('',*,*,#1788,.F.);
#2310=ORIENTED_EDGE('',*,*,#1793,.F.);
#2311=ORIENTED_EDGE('',*,*,#1794,.T.);
#2312=ORIENTED_EDGE('',*,*,#1795,.T.);
#2313=ORIENTED_EDGE('',*,*,#1791,.F.);
#2314=ORIENTED_EDGE('',*,*,#1796,.F.);
#2315=ORIENTED_EDGE('',*,*,#1797,.T.);
#2316=ORIENTED_EDGE('',*,*,#1798,.T.);
#2317=ORIENTED_EDGE('',*,*,#1794,.F.);
#2318=ORIENTED_EDGE('',*,*,#1799,.F.);
#2319=ORIENTED_EDGE('',*,*,#1800,.T.);
#2320=ORIENTED_EDGE('',*,*,#1801,.T.);
#2321=ORIENTED_EDGE('',*,*,#1797,.F.);
#2322=ORIENTED_EDGE('',*,*,#1802,.F.);
#2323=ORIENTED_EDGE('',*,*,#1803,.T.);
#2324=ORIENTED_EDGE('',*,*,#1804,.T.);
#2325=ORIENTED_EDGE('',*,*,#1800,.F.);
#2326=ORIENTED_EDGE('',*,*,#1805,.F.);
#2327=ORIENTED_EDGE('',*,*,#1806,.T.);
#2328=ORIENTED_EDGE('',*,*,#1807,.T.);
#2329=ORIENTED_EDGE('',*,*,#1803,.F.);
#2330=ORIENTED_EDGE('',*,*,#1808,.F.);
#2331=ORIENTED_EDGE('',*,*,#1809,.T.);
#2332=ORIENTED_EDGE('',*,*,#1810,.T.);
#2333=ORIENTED_EDGE('',*,*,#1806,.F.);
#2334=ORIENTED_EDGE('',*,*,#1811,.F.);
#2335=ORIENTED_EDGE('',*,*,#1812,.T.);
#2336=ORIENTED_EDGE('',*,*,#1813,.T.);
#2337=ORIENTED_EDGE('',*,*,#1809,.F.);
#2338=ORIENTED_EDGE('',*,*,#1814,.F.);
#2339=ORIENTED_EDGE('',*,*,#1774,.T.);
#2340=ORIENTED_EDGE('',*,*,#1815,.T.);
#2341=ORIENTED_EDGE('',*,*,#1812,.F.);
#2342=ORIENTED_EDGE('',*,*,#1815,.F.);
#2343=ORIENTED_EDGE('',*,*,#1773,.F.);
#2344=ORIENTED_EDGE('',*,*,#1777,.F.);
#2345=ORIENTED_EDGE('',*,*,#1780,.F.);
#2346=ORIENTED_EDGE('',*,*,#1783,.F.);
#2347=ORIENTED_EDGE('',*,*,#1786,.F.);
#2348=ORIENTED_EDGE('',*,*,#1789,.F.);
#2349=ORIENTED_EDGE('',*,*,#1792,.F.);
#2350=ORIENTED_EDGE('',*,*,#1795,.F.);
#2351=ORIENTED_EDGE('',*,*,#1798,.F.);
#2352=ORIENTED_EDGE('',*,*,#1801,.F.);
#2353=ORIENTED_EDGE('',*,*,#1804,.F.);
#2354=ORIENTED_EDGE('',*,*,#1807,.F.);
#2355=ORIENTED_EDGE('',*,*,#1810,.F.);
#2356=ORIENTED_EDGE('',*,*,#1813,.F.);
#2357=ORIENTED_EDGE('',*,*,#1770,.F.);
#2358=ORIENTED_EDGE('',*,*,#1746,.F.);
#2359=ORIENTED_EDGE('',*,*,#1750,.F.);
#2360=ORIENTED_EDGE('',*,*,#1753,.F.);
#2361=ORIENTED_EDGE('',*,*,#1756,.F.);
#2362=ORIENTED_EDGE('',*,*,#1759,.F.);
#2363=ORIENTED_EDGE('',*,*,#1762,.F.);
#2364=ORIENTED_EDGE('',*,*,#1765,.F.);
#2365=ORIENTED_EDGE('',*,*,#1768,.F.);
#2366=ORIENTED_EDGE('',*,*,#1743,.F.);
#2367=ORIENTED_EDGE('',*,*,#1719,.F.);
#2368=ORIENTED_EDGE('',*,*,#1723,.F.);
#2369=ORIENTED_EDGE('',*,*,#1726,.F.);
#2370=ORIENTED_EDGE('',*,*,#1729,.F.);
#2371=ORIENTED_EDGE('',*,*,#1732,.F.);
#2372=ORIENTED_EDGE('',*,*,#1735,.F.);
#2373=ORIENTED_EDGE('',*,*,#1738,.F.);
#2374=ORIENTED_EDGE('',*,*,#1741,.F.);
#2375=ORIENTED_EDGE('',*,*,#1816,.F.);
#2376=ORIENTED_EDGE('',*,*,#1817,.T.);
#2377=ORIENTED_EDGE('',*,*,#1818,.T.);
#2378=ORIENTED_EDGE('',*,*,#1819,.F.);
#2379=ORIENTED_EDGE('',*,*,#1820,.F.);
#2380=ORIENTED_EDGE('',*,*,#1821,.T.);
#2381=ORIENTED_EDGE('',*,*,#1822,.T.);
#2382=ORIENTED_EDGE('',*,*,#1817,.F.);
#2383=ORIENTED_EDGE('',*,*,#1823,.F.);
#2384=ORIENTED_EDGE('',*,*,#1819,.T.);
#2385=ORIENTED_EDGE('',*,*,#1824,.T.);
#2386=ORIENTED_EDGE('',*,*,#1821,.F.);
#2387=ORIENTED_EDGE('',*,*,#1825,.F.);
#2388=ORIENTED_EDGE('',*,*,#1826,.T.);
#2389=ORIENTED_EDGE('',*,*,#1827,.T.);
#2390=ORIENTED_EDGE('',*,*,#1828,.F.);
#2391=ORIENTED_EDGE('',*,*,#1829,.F.);
#2392=ORIENTED_EDGE('',*,*,#1830,.T.);
#2393=ORIENTED_EDGE('',*,*,#1831,.T.);
#2394=ORIENTED_EDGE('',*,*,#1826,.F.);
#2395=ORIENTED_EDGE('',*,*,#1832,.F.);
#2396=ORIENTED_EDGE('',*,*,#1833,.T.);
#2397=ORIENTED_EDGE('',*,*,#1834,.T.);
#2398=ORIENTED_EDGE('',*,*,#1830,.F.);
#2399=ORIENTED_EDGE('',*,*,#1835,.F.);
#2400=ORIENTED_EDGE('',*,*,#1836,.T.);
#2401=ORIENTED_EDGE('',*,*,#1837,.T.);
#2402=ORIENTED_EDGE('',*,*,#1833,.F.);
#2403=ORIENTED_EDGE('',*,*,#1838,.F.);
#2404=ORIENTED_EDGE('',*,*,#1839,.T.);
#2405=ORIENTED_EDGE('',*,*,#1840,.T.);
#2406=ORIENTED_EDGE('',*,*,#1836,.F.);
#2407=ORIENTED_EDGE('',*,*,#1841,.F.);
#2408=ORIENTED_EDGE('',*,*,#1842,.T.);
#2409=ORIENTED_EDGE('',*,*,#1843,.T.);
#2410=ORIENTED_EDGE('',*,*,#1839,.F.);
#2411=ORIENTED_EDGE('',*,*,#1844,.F.);
#2412=ORIENTED_EDGE('',*,*,#1845,.T.);
#2413=ORIENTED_EDGE('',*,*,#1846,.T.);
#2414=ORIENTED_EDGE('',*,*,#1842,.F.);
#2415=ORIENTED_EDGE('',*,*,#1847,.F.);
#2416=ORIENTED_EDGE('',*,*,#1828,.T.);
#2417=ORIENTED_EDGE('',*,*,#1848,.T.);
#2418=ORIENTED_EDGE('',*,*,#1845,.F.);
#2419=ORIENTED_EDGE('',*,*,#1848,.F.);
#2420=ORIENTED_EDGE('',*,*,#1827,.F.);
#2421=ORIENTED_EDGE('',*,*,#1831,.F.);
#2422=ORIENTED_EDGE('',*,*,#1834,.F.);
#2423=ORIENTED_EDGE('',*,*,#1837,.F.);
#2424=ORIENTED_EDGE('',*,*,#1840,.F.);
#2425=ORIENTED_EDGE('',*,*,#1843,.F.);
#2426=ORIENTED_EDGE('',*,*,#1846,.F.);
#2427=ORIENTED_EDGE('',*,*,#1824,.F.);
#2428=ORIENTED_EDGE('',*,*,#1818,.F.);
#2429=ORIENTED_EDGE('',*,*,#1822,.F.);
#2430=ORIENTED_EDGE('',*,*,#1849,.F.);
#2431=ORIENTED_EDGE('',*,*,#1850,.T.);
#2432=ORIENTED_EDGE('',*,*,#1851,.T.);
#2433=ORIENTED_EDGE('',*,*,#1852,.F.);
#2434=ORIENTED_EDGE('',*,*,#1853,.F.);
#2435=ORIENTED_EDGE('',*,*,#1854,.T.);
#2436=ORIENTED_EDGE('',*,*,#1855,.T.);
#2437=ORIENTED_EDGE('',*,*,#1850,.F.);
#2438=ORIENTED_EDGE('',*,*,#1856,.F.);
#2439=ORIENTED_EDGE('',*,*,#1857,.T.);
#2440=ORIENTED_EDGE('',*,*,#1858,.T.);
#2441=ORIENTED_EDGE('',*,*,#1854,.F.);
#2442=ORIENTED_EDGE('',*,*,#1859,.F.);
#2443=ORIENTED_EDGE('',*,*,#1860,.T.);
#2444=ORIENTED_EDGE('',*,*,#1861,.T.);
#2445=ORIENTED_EDGE('',*,*,#1857,.F.);
#2446=ORIENTED_EDGE('',*,*,#1862,.F.);
#2447=ORIENTED_EDGE('',*,*,#1863,.T.);
#2448=ORIENTED_EDGE('',*,*,#1864,.T.);
#2449=ORIENTED_EDGE('',*,*,#1860,.F.);
#2450=ORIENTED_EDGE('',*,*,#1865,.F.);
#2451=ORIENTED_EDGE('',*,*,#1866,.T.);
#2452=ORIENTED_EDGE('',*,*,#1867,.T.);
#2453=ORIENTED_EDGE('',*,*,#1863,.F.);
#2454=ORIENTED_EDGE('',*,*,#1868,.F.);
#2455=ORIENTED_EDGE('',*,*,#1869,.T.);
#2456=ORIENTED_EDGE('',*,*,#1870,.T.);
#2457=ORIENTED_EDGE('',*,*,#1866,.F.);
#2458=ORIENTED_EDGE('',*,*,#1871,.F.);
#2459=ORIENTED_EDGE('',*,*,#1872,.T.);
#2460=ORIENTED_EDGE('',*,*,#1873,.T.);
#2461=ORIENTED_EDGE('',*,*,#1869,.F.);
#2462=ORIENTED_EDGE('',*,*,#1874,.F.);
#2463=ORIENTED_EDGE('',*,*,#1875,.T.);
#2464=ORIENTED_EDGE('',*,*,#1876,.T.);
#2465=ORIENTED_EDGE('',*,*,#1872,.F.);
#2466=ORIENTED_EDGE('',*,*,#1877,.F.);
#2467=ORIENTED_EDGE('',*,*,#1878,.T.);
#2468=ORIENTED_EDGE('',*,*,#1879,.T.);
#2469=ORIENTED_EDGE('',*,*,#1875,.F.);
#2470=ORIENTED_EDGE('',*,*,#1880,.F.);
#2471=ORIENTED_EDGE('',*,*,#1881,.T.);
#2472=ORIENTED_EDGE('',*,*,#1882,.T.);
#2473=ORIENTED_EDGE('',*,*,#1878,.F.);
#2474=ORIENTED_EDGE('',*,*,#1883,.F.);
#2475=ORIENTED_EDGE('',*,*,#1884,.T.);
#2476=ORIENTED_EDGE('',*,*,#1885,.T.);
#2477=ORIENTED_EDGE('',*,*,#1881,.F.);
#2478=ORIENTED_EDGE('',*,*,#1886,.F.);
#2479=ORIENTED_EDGE('',*,*,#1887,.T.);
#2480=ORIENTED_EDGE('',*,*,#1888,.T.);
#2481=ORIENTED_EDGE('',*,*,#1884,.F.);
#2482=ORIENTED_EDGE('',*,*,#1889,.F.);
#2483=ORIENTED_EDGE('',*,*,#1890,.T.);
#2484=ORIENTED_EDGE('',*,*,#1891,.T.);
#2485=ORIENTED_EDGE('',*,*,#1887,.F.);
#2486=ORIENTED_EDGE('',*,*,#1892,.F.);
#2487=ORIENTED_EDGE('',*,*,#1893,.T.);
#2488=ORIENTED_EDGE('',*,*,#1894,.T.);
#2489=ORIENTED_EDGE('',*,*,#1890,.F.);
#2490=ORIENTED_EDGE('',*,*,#1895,.F.);
#2491=ORIENTED_EDGE('',*,*,#1896,.T.);
#2492=ORIENTED_EDGE('',*,*,#1897,.T.);
#2493=ORIENTED_EDGE('',*,*,#1893,.F.);
#2494=ORIENTED_EDGE('',*,*,#1898,.F.);
#2495=ORIENTED_EDGE('',*,*,#1899,.T.);
#2496=ORIENTED_EDGE('',*,*,#1900,.T.);
#2497=ORIENTED_EDGE('',*,*,#1896,.F.);
#2498=ORIENTED_EDGE('',*,*,#1901,.F.);
#2499=ORIENTED_EDGE('',*,*,#1852,.T.);
#2500=ORIENTED_EDGE('',*,*,#1902,.T.);
#2501=ORIENTED_EDGE('',*,*,#1899,.F.);
#2502=ORIENTED_EDGE('',*,*,#1902,.F.);
#2503=ORIENTED_EDGE('',*,*,#1851,.F.);
#2504=ORIENTED_EDGE('',*,*,#1855,.F.);
#2505=ORIENTED_EDGE('',*,*,#1858,.F.);
#2506=ORIENTED_EDGE('',*,*,#1861,.F.);
#2507=ORIENTED_EDGE('',*,*,#1864,.F.);
#2508=ORIENTED_EDGE('',*,*,#1867,.F.);
#2509=ORIENTED_EDGE('',*,*,#1870,.F.);
#2510=ORIENTED_EDGE('',*,*,#1873,.F.);
#2511=ORIENTED_EDGE('',*,*,#1876,.F.);
#2512=ORIENTED_EDGE('',*,*,#1879,.F.);
#2513=ORIENTED_EDGE('',*,*,#1882,.F.);
#2514=ORIENTED_EDGE('',*,*,#1885,.F.);
#2515=ORIENTED_EDGE('',*,*,#1888,.F.);
#2516=ORIENTED_EDGE('',*,*,#1891,.F.);
#2517=ORIENTED_EDGE('',*,*,#1894,.F.);
#2518=ORIENTED_EDGE('',*,*,#1897,.F.);
#2519=ORIENTED_EDGE('',*,*,#1900,.F.);
#2520=ORIENTED_EDGE('',*,*,#1903,.F.);
#2521=ORIENTED_EDGE('',*,*,#1904,.T.);
#2522=ORIENTED_EDGE('',*,*,#1905,.F.);
#2523=ORIENTED_EDGE('',*,*,#1906,.F.);
#2524=ORIENTED_EDGE('',*,*,#1907,.F.);
#2525=ORIENTED_EDGE('',*,*,#1908,.F.);
#2526=ORIENTED_EDGE('',*,*,#1909,.F.);
#2527=ORIENTED_EDGE('',*,*,#1910,.F.);
#2528=ORIENTED_EDGE('',*,*,#1911,.F.);
#2529=ORIENTED_EDGE('',*,*,#1912,.T.);
#2530=ORIENTED_EDGE('',*,*,#1913,.F.);
#2531=ORIENTED_EDGE('',*,*,#1914,.T.);
#2532=ORIENTED_EDGE('',*,*,#1849,.T.);
#2533=ORIENTED_EDGE('',*,*,#1901,.T.);
#2534=ORIENTED_EDGE('',*,*,#1898,.T.);
#2535=ORIENTED_EDGE('',*,*,#1895,.T.);
#2536=ORIENTED_EDGE('',*,*,#1892,.T.);
#2537=ORIENTED_EDGE('',*,*,#1889,.T.);
#2538=ORIENTED_EDGE('',*,*,#1886,.T.);
#2539=ORIENTED_EDGE('',*,*,#1883,.T.);
#2540=ORIENTED_EDGE('',*,*,#1880,.T.);
#2541=ORIENTED_EDGE('',*,*,#1877,.T.);
#2542=ORIENTED_EDGE('',*,*,#1874,.T.);
#2543=ORIENTED_EDGE('',*,*,#1871,.T.);
#2544=ORIENTED_EDGE('',*,*,#1868,.T.);
#2545=ORIENTED_EDGE('',*,*,#1865,.T.);
#2546=ORIENTED_EDGE('',*,*,#1862,.T.);
#2547=ORIENTED_EDGE('',*,*,#1859,.T.);
#2548=ORIENTED_EDGE('',*,*,#1856,.T.);
#2549=ORIENTED_EDGE('',*,*,#1853,.T.);
#2550=ORIENTED_EDGE('',*,*,#1825,.T.);
#2551=ORIENTED_EDGE('',*,*,#1847,.T.);
#2552=ORIENTED_EDGE('',*,*,#1844,.T.);
#2553=ORIENTED_EDGE('',*,*,#1841,.T.);
#2554=ORIENTED_EDGE('',*,*,#1838,.T.);
#2555=ORIENTED_EDGE('',*,*,#1835,.T.);
#2556=ORIENTED_EDGE('',*,*,#1832,.T.);
#2557=ORIENTED_EDGE('',*,*,#1829,.T.);
#2558=ORIENTED_EDGE('',*,*,#1771,.T.);
#2559=ORIENTED_EDGE('',*,*,#1814,.T.);
#2560=ORIENTED_EDGE('',*,*,#1811,.T.);
#2561=ORIENTED_EDGE('',*,*,#1808,.T.);
#2562=ORIENTED_EDGE('',*,*,#1805,.T.);
#2563=ORIENTED_EDGE('',*,*,#1802,.T.);
#2564=ORIENTED_EDGE('',*,*,#1799,.T.);
#2565=ORIENTED_EDGE('',*,*,#1796,.T.);
#2566=ORIENTED_EDGE('',*,*,#1793,.T.);
#2567=ORIENTED_EDGE('',*,*,#1790,.T.);
#2568=ORIENTED_EDGE('',*,*,#1787,.T.);
#2569=ORIENTED_EDGE('',*,*,#1784,.T.);
#2570=ORIENTED_EDGE('',*,*,#1781,.T.);
#2571=ORIENTED_EDGE('',*,*,#1778,.T.);
#2572=ORIENTED_EDGE('',*,*,#1775,.T.);
#2573=ORIENTED_EDGE('',*,*,#1816,.T.);
#2574=ORIENTED_EDGE('',*,*,#1823,.T.);
#2575=ORIENTED_EDGE('',*,*,#1820,.T.);
#2576=ORIENTED_EDGE('',*,*,#1744,.T.);
#2577=ORIENTED_EDGE('',*,*,#1769,.T.);
#2578=ORIENTED_EDGE('',*,*,#1766,.T.);
#2579=ORIENTED_EDGE('',*,*,#1763,.T.);
#2580=ORIENTED_EDGE('',*,*,#1760,.T.);
#2581=ORIENTED_EDGE('',*,*,#1757,.T.);
#2582=ORIENTED_EDGE('',*,*,#1754,.T.);
#2583=ORIENTED_EDGE('',*,*,#1751,.T.);
#2584=ORIENTED_EDGE('',*,*,#1748,.T.);
#2585=ORIENTED_EDGE('',*,*,#1915,.T.);
#2586=ORIENTED_EDGE('',*,*,#1916,.T.);
#2587=ORIENTED_EDGE('',*,*,#1905,.T.);
#2588=ORIENTED_EDGE('',*,*,#1917,.T.);
#2589=ORIENTED_EDGE('',*,*,#1916,.F.);
#2590=ORIENTED_EDGE('',*,*,#1918,.F.);
#2591=ORIENTED_EDGE('',*,*,#1919,.F.);
#2592=ORIENTED_EDGE('',*,*,#1920,.F.);
#2593=ORIENTED_EDGE('',*,*,#1921,.F.);
#2594=ORIENTED_EDGE('',*,*,#1922,.F.);
#2595=ORIENTED_EDGE('',*,*,#1923,.F.);
#2596=ORIENTED_EDGE('',*,*,#1924,.F.);
#2597=ORIENTED_EDGE('',*,*,#1925,.F.);
#2598=ORIENTED_EDGE('',*,*,#1926,.F.);
#2599=ORIENTED_EDGE('',*,*,#1927,.F.);
#2600=ORIENTED_EDGE('',*,*,#1928,.F.);
#2601=ORIENTED_EDGE('',*,*,#1929,.F.);
#2602=ORIENTED_EDGE('',*,*,#1930,.F.);
#2603=ORIENTED_EDGE('',*,*,#1931,.F.);
#2604=ORIENTED_EDGE('',*,*,#1932,.F.);
#2605=ORIENTED_EDGE('',*,*,#1933,.F.);
#2606=ORIENTED_EDGE('',*,*,#1934,.F.);
#2607=ORIENTED_EDGE('',*,*,#1935,.F.);
#2608=ORIENTED_EDGE('',*,*,#1936,.T.);
#2609=ORIENTED_EDGE('',*,*,#1937,.F.);
#2610=ORIENTED_EDGE('',*,*,#1938,.T.);
#2611=ORIENTED_EDGE('',*,*,#1939,.F.);
#2612=ORIENTED_EDGE('',*,*,#1940,.T.);
#2613=ORIENTED_EDGE('',*,*,#1941,.F.);
#2614=ORIENTED_EDGE('',*,*,#1906,.T.);
#2615=ORIENTED_EDGE('',*,*,#1942,.F.);
#2616=ORIENTED_EDGE('',*,*,#1943,.F.);
#2617=ORIENTED_EDGE('',*,*,#1944,.F.);
#2618=ORIENTED_EDGE('',*,*,#1945,.T.);
#2619=ORIENTED_EDGE('',*,*,#1946,.T.);
#2620=ORIENTED_EDGE('',*,*,#1911,.T.);
#2621=ORIENTED_EDGE('',*,*,#1947,.T.);
#2622=ORIENTED_EDGE('',*,*,#1946,.F.);
#2623=ORIENTED_EDGE('',*,*,#1948,.T.);
#2624=ORIENTED_EDGE('',*,*,#1949,.F.);
#2625=ORIENTED_EDGE('',*,*,#1912,.F.);
#2626=ORIENTED_EDGE('',*,*,#1950,.T.);
#2627=ORIENTED_EDGE('',*,*,#1951,.T.);
#2628=ORIENTED_EDGE('',*,*,#1903,.T.);
#2629=ORIENTED_EDGE('',*,*,#1952,.T.);
#2630=ORIENTED_EDGE('',*,*,#1952,.F.);
#2631=ORIENTED_EDGE('',*,*,#1914,.F.);
#2632=ORIENTED_EDGE('',*,*,#1953,.F.);
#2633=ORIENTED_EDGE('',*,*,#1954,.T.);
#2634=ORIENTED_EDGE('',*,*,#1717,.T.);
#2635=ORIENTED_EDGE('',*,*,#1742,.T.);
#2636=ORIENTED_EDGE('',*,*,#1739,.T.);
#2637=ORIENTED_EDGE('',*,*,#1736,.T.);
#2638=ORIENTED_EDGE('',*,*,#1733,.T.);
#2639=ORIENTED_EDGE('',*,*,#1730,.T.);
#2640=ORIENTED_EDGE('',*,*,#1727,.T.);
#2641=ORIENTED_EDGE('',*,*,#1724,.T.);
#2642=ORIENTED_EDGE('',*,*,#1721,.T.);
#2643=ORIENTED_EDGE('',*,*,#1955,.T.);
#2644=ORIENTED_EDGE('',*,*,#1953,.T.);
#2645=ORIENTED_EDGE('',*,*,#1913,.T.);
#2646=ORIENTED_EDGE('',*,*,#1949,.T.);
#2647=ORIENTED_EDGE('',*,*,#1917,.F.);
#2648=ORIENTED_EDGE('',*,*,#1904,.F.);
#2649=ORIENTED_EDGE('',*,*,#1951,.F.);
#2650=ORIENTED_EDGE('',*,*,#1956,.T.);
#2651=ORIENTED_EDGE('',*,*,#1947,.F.);
#2652=ORIENTED_EDGE('',*,*,#1910,.T.);
#2653=ORIENTED_EDGE('',*,*,#1957,.F.);
#2654=ORIENTED_EDGE('',*,*,#1958,.T.);
#2655=ORIENTED_EDGE('',*,*,#1959,.F.);
#2656=ORIENTED_EDGE('',*,*,#1960,.F.);
#2657=ORIENTED_EDGE('',*,*,#1961,.F.);
#2658=ORIENTED_EDGE('',*,*,#1962,.F.);
#2659=ORIENTED_EDGE('',*,*,#1963,.F.);
#2660=ORIENTED_EDGE('',*,*,#1964,.F.);
#2661=ORIENTED_EDGE('',*,*,#1965,.F.);
#2662=ORIENTED_EDGE('',*,*,#1966,.F.);
#2663=ORIENTED_EDGE('',*,*,#1967,.F.);
#2664=ORIENTED_EDGE('',*,*,#1968,.F.);
#2665=ORIENTED_EDGE('',*,*,#1969,.F.);
#2666=ORIENTED_EDGE('',*,*,#1970,.F.);
#2667=ORIENTED_EDGE('',*,*,#1971,.T.);
#2668=ORIENTED_EDGE('',*,*,#1972,.T.);
#2669=ORIENTED_EDGE('',*,*,#1973,.T.);
#2670=ORIENTED_EDGE('',*,*,#1974,.T.);
#2671=ORIENTED_EDGE('',*,*,#1975,.F.);
#2672=ORIENTED_EDGE('',*,*,#1976,.T.);
#2673=ORIENTED_EDGE('',*,*,#1977,.F.);
#2674=ORIENTED_EDGE('',*,*,#1978,.T.);
#2675=ORIENTED_EDGE('',*,*,#1979,.T.);
#2676=ORIENTED_EDGE('',*,*,#1980,.T.);
#2677=ORIENTED_EDGE('',*,*,#1981,.F.);
#2678=ORIENTED_EDGE('',*,*,#1982,.T.);
#2679=ORIENTED_EDGE('',*,*,#1977,.T.);
#2680=ORIENTED_EDGE('',*,*,#1983,.T.);
#2681=ORIENTED_EDGE('',*,*,#1979,.F.);
#2682=ORIENTED_EDGE('',*,*,#1984,.T.);
#2683=ORIENTED_EDGE('',*,*,#1985,.F.);
#2684=ORIENTED_EDGE('',*,*,#1981,.T.);
#2685=ORIENTED_EDGE('',*,*,#1986,.T.);
#2686=ORIENTED_EDGE('',*,*,#1987,.F.);
#2687=ORIENTED_EDGE('',*,*,#1988,.T.);
#2688=ORIENTED_EDGE('',*,*,#1989,.T.);
#2689=ORIENTED_EDGE('',*,*,#1985,.T.);
#2690=ORIENTED_EDGE('',*,*,#1990,.T.);
#2691=ORIENTED_EDGE('',*,*,#1991,.F.);
#2692=ORIENTED_EDGE('',*,*,#1992,.T.);
#2693=ORIENTED_EDGE('',*,*,#1987,.T.);
#2694=ORIENTED_EDGE('',*,*,#1993,.T.);
#2695=ORIENTED_EDGE('',*,*,#1994,.F.);
#2696=ORIENTED_EDGE('',*,*,#1995,.T.);
#2697=ORIENTED_EDGE('',*,*,#1991,.T.);
#2698=ORIENTED_EDGE('',*,*,#1996,.T.);
#2699=ORIENTED_EDGE('',*,*,#1997,.F.);
#2700=ORIENTED_EDGE('',*,*,#1998,.T.);
#2701=ORIENTED_EDGE('',*,*,#1999,.F.);
#2702=ORIENTED_EDGE('',*,*,#2000,.T.);
#2703=ORIENTED_EDGE('',*,*,#1994,.T.);
#2704=ORIENTED_EDGE('',*,*,#2001,.T.);
#2705=ORIENTED_EDGE('',*,*,#1997,.T.);
#2706=ORIENTED_EDGE('',*,*,#2002,.T.);
#2707=ORIENTED_EDGE('',*,*,#2003,.F.);
#2708=ORIENTED_EDGE('',*,*,#2004,.T.);
#2709=ORIENTED_EDGE('',*,*,#2005,.F.);
#2710=ORIENTED_EDGE('',*,*,#2006,.T.);
#2711=ORIENTED_EDGE('',*,*,#1999,.T.);
#2712=ORIENTED_EDGE('',*,*,#2007,.T.);
#2713=ORIENTED_EDGE('',*,*,#2003,.T.);
#2714=ORIENTED_EDGE('',*,*,#2008,.T.);
#2715=ORIENTED_EDGE('',*,*,#2009,.F.);
#2716=ORIENTED_EDGE('',*,*,#2005,.T.);
#2717=ORIENTED_EDGE('',*,*,#2010,.T.);
#2718=ORIENTED_EDGE('',*,*,#2011,.F.);
#2719=ORIENTED_EDGE('',*,*,#2012,.T.);
#2720=ORIENTED_EDGE('',*,*,#2013,.T.);
#2721=ORIENTED_EDGE('',*,*,#2009,.T.);
#2722=ORIENTED_EDGE('',*,*,#2014,.T.);
#2723=ORIENTED_EDGE('',*,*,#2015,.F.);
#2724=ORIENTED_EDGE('',*,*,#2016,.T.);
#2725=ORIENTED_EDGE('',*,*,#2011,.T.);
#2726=ORIENTED_EDGE('',*,*,#2017,.T.);
#2727=ORIENTED_EDGE('',*,*,#2018,.F.);
#2728=ORIENTED_EDGE('',*,*,#2019,.T.);
#2729=ORIENTED_EDGE('',*,*,#2015,.T.);
#2730=ORIENTED_EDGE('',*,*,#2020,.T.);
#2731=ORIENTED_EDGE('',*,*,#2021,.F.);
#2732=ORIENTED_EDGE('',*,*,#2022,.T.);
#2733=ORIENTED_EDGE('',*,*,#2018,.T.);
#2734=ORIENTED_EDGE('',*,*,#2023,.T.);
#2735=ORIENTED_EDGE('',*,*,#2024,.T.);
#2736=ORIENTED_EDGE('',*,*,#2025,.T.);
#2737=ORIENTED_EDGE('',*,*,#2021,.T.);
#2738=ORIENTED_EDGE('',*,*,#2026,.T.);
#2739=ORIENTED_EDGE('',*,*,#2027,.T.);
#2740=ORIENTED_EDGE('',*,*,#2028,.T.);
#2741=ORIENTED_EDGE('',*,*,#2024,.F.);
#2742=ORIENTED_EDGE('',*,*,#2029,.T.);
#2743=ORIENTED_EDGE('',*,*,#2030,.T.);
#2744=ORIENTED_EDGE('',*,*,#2031,.T.);
#2745=ORIENTED_EDGE('',*,*,#2032,.T.);
#2746=ORIENTED_EDGE('',*,*,#2033,.T.);
#2747=ORIENTED_EDGE('',*,*,#2027,.F.);
#2748=ORIENTED_EDGE('',*,*,#2034,.T.);
#2749=ORIENTED_EDGE('',*,*,#2030,.F.);
#2750=ORIENTED_EDGE('',*,*,#2035,.T.);
#2751=ORIENTED_EDGE('',*,*,#2036,.T.);
#2752=ORIENTED_EDGE('',*,*,#2037,.T.);
#2753=ORIENTED_EDGE('',*,*,#2038,.T.);
#2754=ORIENTED_EDGE('',*,*,#2032,.F.);
#2755=ORIENTED_EDGE('',*,*,#2039,.T.);
#2756=ORIENTED_EDGE('',*,*,#2040,.T.);
#2757=ORIENTED_EDGE('',*,*,#2036,.F.);
#2758=ORIENTED_EDGE('',*,*,#2041,.T.);
#2759=ORIENTED_EDGE('',*,*,#2042,.F.);
#2760=ORIENTED_EDGE('',*,*,#2043,.T.);
#2761=ORIENTED_EDGE('',*,*,#2037,.F.);
#2762=ORIENTED_EDGE('',*,*,#2044,.T.);
#2763=ORIENTED_EDGE('',*,*,#2045,.T.);
#2764=ORIENTED_EDGE('',*,*,#2046,.T.);
#2765=ORIENTED_EDGE('',*,*,#2042,.T.);
#2766=ORIENTED_EDGE('',*,*,#2047,.T.);
#2767=ORIENTED_EDGE('',*,*,#2048,.F.);
#2768=ORIENTED_EDGE('',*,*,#2049,.T.);
#2769=ORIENTED_EDGE('',*,*,#2045,.F.);
#2770=ORIENTED_EDGE('',*,*,#2050,.T.);
#2771=ORIENTED_EDGE('',*,*,#2051,.T.);
#2772=ORIENTED_EDGE('',*,*,#2052,.T.);
#2773=ORIENTED_EDGE('',*,*,#2053,.F.);
#2774=ORIENTED_EDGE('',*,*,#2054,.T.);
#2775=ORIENTED_EDGE('',*,*,#2048,.T.);
#2776=ORIENTED_EDGE('',*,*,#2055,.T.);
#2777=ORIENTED_EDGE('',*,*,#2051,.F.);
#2778=ORIENTED_EDGE('',*,*,#2056,.T.);
#2779=ORIENTED_EDGE('',*,*,#2057,.F.);
#2780=ORIENTED_EDGE('',*,*,#2053,.T.);
#2781=ORIENTED_EDGE('',*,*,#2058,.T.);
#2782=ORIENTED_EDGE('',*,*,#1973,.F.);
#2783=ORIENTED_EDGE('',*,*,#2059,.T.);
#2784=ORIENTED_EDGE('',*,*,#1971,.F.);
#2785=ORIENTED_EDGE('',*,*,#2060,.T.);
#2786=ORIENTED_EDGE('',*,*,#2061,.T.);
#2787=ORIENTED_EDGE('',*,*,#2057,.T.);
#2788=ORIENTED_EDGE('',*,*,#2062,.T.);
#2789=ORIENTED_EDGE('',*,*,#1975,.T.);
#2790=ORIENTED_EDGE('',*,*,#2063,.F.);
#2791=ORIENTED_EDGE('',*,*,#1932,.T.);
#2792=ORIENTED_EDGE('',*,*,#2064,.T.);
#2793=ORIENTED_EDGE('',*,*,#1974,.F.);
#2794=ORIENTED_EDGE('',*,*,#2065,.F.);
#2795=ORIENTED_EDGE('',*,*,#1933,.T.);
#2796=ORIENTED_EDGE('',*,*,#2063,.T.);
#2797=ORIENTED_EDGE('',*,*,#2058,.F.);
#2798=ORIENTED_EDGE('',*,*,#2066,.F.);
#2799=ORIENTED_EDGE('',*,*,#2067,.F.);
#2800=ORIENTED_EDGE('',*,*,#1934,.T.);
#2801=ORIENTED_EDGE('',*,*,#2065,.T.);
#2802=ORIENTED_EDGE('',*,*,#2052,.F.);
#2803=ORIENTED_EDGE('',*,*,#2068,.F.);
#2804=ORIENTED_EDGE('',*,*,#2069,.T.);
#2805=ORIENTED_EDGE('',*,*,#2066,.T.);
#2806=ORIENTED_EDGE('',*,*,#2047,.F.);
#2807=ORIENTED_EDGE('',*,*,#2070,.T.);
#2808=ORIENTED_EDGE('',*,*,#1960,.T.);
#2809=ORIENTED_EDGE('',*,*,#2071,.F.);
#2810=ORIENTED_EDGE('',*,*,#2072,.F.);
#2811=ORIENTED_EDGE('',*,*,#2073,.F.);
#2812=ORIENTED_EDGE('',*,*,#2074,.F.);
#2813=ORIENTED_EDGE('',*,*,#2075,.F.);
#2814=ORIENTED_EDGE('',*,*,#2068,.T.);
#2815=ORIENTED_EDGE('',*,*,#2041,.F.);
#2816=ORIENTED_EDGE('',*,*,#2076,.T.);
#2817=ORIENTED_EDGE('',*,*,#2077,.F.);
#2818=ORIENTED_EDGE('',*,*,#2078,.F.);
#2819=ORIENTED_EDGE('',*,*,#2079,.F.);
#2820=ORIENTED_EDGE('',*,*,#2080,.F.);
#2821=ORIENTED_EDGE('',*,*,#1961,.T.);
#2822=ORIENTED_EDGE('',*,*,#2070,.F.);
#2823=ORIENTED_EDGE('',*,*,#2035,.F.);
#2824=ORIENTED_EDGE('',*,*,#2081,.T.);
#2825=ORIENTED_EDGE('',*,*,#2082,.F.);
#2826=ORIENTED_EDGE('',*,*,#2076,.F.);
#2827=ORIENTED_EDGE('',*,*,#2029,.F.);
#2828=ORIENTED_EDGE('',*,*,#2083,.F.);
#2829=ORIENTED_EDGE('',*,*,#1963,.T.);
#2830=ORIENTED_EDGE('',*,*,#2084,.F.);
#2831=ORIENTED_EDGE('',*,*,#2085,.T.);
#2832=ORIENTED_EDGE('',*,*,#2086,.F.);
#2833=ORIENTED_EDGE('',*,*,#2087,.F.);
#2834=ORIENTED_EDGE('',*,*,#2081,.F.);
#2835=ORIENTED_EDGE('',*,*,#2023,.F.);
#2836=ORIENTED_EDGE('',*,*,#2088,.F.);
#2837=ORIENTED_EDGE('',*,*,#1964,.T.);
#2838=ORIENTED_EDGE('',*,*,#2083,.T.);
#2839=ORIENTED_EDGE('',*,*,#2017,.F.);
#2840=ORIENTED_EDGE('',*,*,#2089,.F.);
#2841=ORIENTED_EDGE('',*,*,#1965,.T.);
#2842=ORIENTED_EDGE('',*,*,#2088,.T.);
#2843=ORIENTED_EDGE('',*,*,#2010,.F.);
#2844=ORIENTED_EDGE('',*,*,#2090,.F.);
#2845=ORIENTED_EDGE('',*,*,#1966,.T.);
#2846=ORIENTED_EDGE('',*,*,#2089,.T.);
#2847=ORIENTED_EDGE('',*,*,#2004,.F.);
#2848=ORIENTED_EDGE('',*,*,#2091,.F.);
#2849=ORIENTED_EDGE('',*,*,#1967,.T.);
#2850=ORIENTED_EDGE('',*,*,#2090,.T.);
#2851=ORIENTED_EDGE('',*,*,#1950,.F.);
#2852=ORIENTED_EDGE('',*,*,#1954,.F.);
#2853=ORIENTED_EDGE('',*,*,#1955,.F.);
#2854=ORIENTED_EDGE('',*,*,#1948,.F.);
#2855=ORIENTED_EDGE('',*,*,#1945,.F.);
#2856=ORIENTED_EDGE('',*,*,#1968,.T.);
#2857=ORIENTED_EDGE('',*,*,#2091,.T.);
#2858=ORIENTED_EDGE('',*,*,#1998,.F.);
#2859=ORIENTED_EDGE('',*,*,#2092,.F.);
#2860=ORIENTED_EDGE('',*,*,#1918,.T.);
#2861=ORIENTED_EDGE('',*,*,#1915,.F.);
#2862=ORIENTED_EDGE('',*,*,#1956,.F.);
#2863=ORIENTED_EDGE('',*,*,#1993,.F.);
#2864=ORIENTED_EDGE('',*,*,#2093,.F.);
#2865=ORIENTED_EDGE('',*,*,#1919,.T.);
#2866=ORIENTED_EDGE('',*,*,#2092,.T.);
#2867=ORIENTED_EDGE('',*,*,#1986,.F.);
#2868=ORIENTED_EDGE('',*,*,#2094,.F.);
#2869=ORIENTED_EDGE('',*,*,#1920,.T.);
#2870=ORIENTED_EDGE('',*,*,#2093,.T.);
#2871=ORIENTED_EDGE('',*,*,#1980,.F.);
#2872=ORIENTED_EDGE('',*,*,#2095,.F.);
#2873=ORIENTED_EDGE('',*,*,#1921,.T.);
#2874=ORIENTED_EDGE('',*,*,#2094,.T.);
#2875=ORIENTED_EDGE('',*,*,#1976,.F.);
#2876=ORIENTED_EDGE('',*,*,#2096,.T.);
#2877=ORIENTED_EDGE('',*,*,#1922,.T.);
#2878=ORIENTED_EDGE('',*,*,#2095,.T.);
#2879=ORIENTED_EDGE('',*,*,#1978,.F.);
#2880=ORIENTED_EDGE('',*,*,#1982,.F.);
#2881=ORIENTED_EDGE('',*,*,#1988,.F.);
#2882=ORIENTED_EDGE('',*,*,#1992,.F.);
#2883=ORIENTED_EDGE('',*,*,#2000,.F.);
#2884=ORIENTED_EDGE('',*,*,#2006,.F.);
#2885=ORIENTED_EDGE('',*,*,#2012,.F.);
#2886=ORIENTED_EDGE('',*,*,#2016,.F.);
#2887=ORIENTED_EDGE('',*,*,#2022,.F.);
#2888=ORIENTED_EDGE('',*,*,#2028,.F.);
#2889=ORIENTED_EDGE('',*,*,#2034,.F.);
#2890=ORIENTED_EDGE('',*,*,#2040,.F.);
#2891=ORIENTED_EDGE('',*,*,#2046,.F.);
#2892=ORIENTED_EDGE('',*,*,#2054,.F.);
#2893=ORIENTED_EDGE('',*,*,#2059,.F.);
#2894=ORIENTED_EDGE('',*,*,#1972,.F.);
#2895=ORIENTED_EDGE('',*,*,#2062,.F.);
#2896=ORIENTED_EDGE('',*,*,#2056,.F.);
#2897=ORIENTED_EDGE('',*,*,#2050,.F.);
#2898=ORIENTED_EDGE('',*,*,#2044,.F.);
#2899=ORIENTED_EDGE('',*,*,#2039,.F.);
#2900=ORIENTED_EDGE('',*,*,#2031,.F.);
#2901=ORIENTED_EDGE('',*,*,#2026,.F.);
#2902=ORIENTED_EDGE('',*,*,#2020,.F.);
#2903=ORIENTED_EDGE('',*,*,#2014,.F.);
#2904=ORIENTED_EDGE('',*,*,#2008,.F.);
#2905=ORIENTED_EDGE('',*,*,#2002,.F.);
#2906=ORIENTED_EDGE('',*,*,#1996,.F.);
#2907=ORIENTED_EDGE('',*,*,#1990,.F.);
#2908=ORIENTED_EDGE('',*,*,#1984,.F.);
#2909=ORIENTED_EDGE('',*,*,#2097,.T.);
#2910=ORIENTED_EDGE('',*,*,#2080,.T.);
#2911=ORIENTED_EDGE('',*,*,#2098,.T.);
#2912=ORIENTED_EDGE('',*,*,#2084,.T.);
#2913=ORIENTED_EDGE('',*,*,#1962,.T.);
#2914=ORIENTED_EDGE('',*,*,#2098,.F.);
#2915=ORIENTED_EDGE('',*,*,#2079,.T.);
#2916=ORIENTED_EDGE('',*,*,#2099,.F.);
#2917=ORIENTED_EDGE('',*,*,#2085,.F.);
#2918=ORIENTED_EDGE('',*,*,#2100,.T.);
#2919=ORIENTED_EDGE('',*,*,#2101,.T.);
#2920=ORIENTED_EDGE('',*,*,#2102,.T.);
#2921=ORIENTED_EDGE('',*,*,#1925,.T.);
#2922=ORIENTED_EDGE('',*,*,#2101,.F.);
#2923=ORIENTED_EDGE('',*,*,#2103,.T.);
#2924=ORIENTED_EDGE('',*,*,#2104,.F.);
#2925=ORIENTED_EDGE('',*,*,#2105,.F.);
#2926=ORIENTED_EDGE('',*,*,#2106,.T.);
#2927=ORIENTED_EDGE('',*,*,#2107,.T.);
#2928=ORIENTED_EDGE('',*,*,#2108,.T.);
#2929=ORIENTED_EDGE('',*,*,#1923,.T.);
#2930=ORIENTED_EDGE('',*,*,#2107,.F.);
#2931=ORIENTED_EDGE('',*,*,#2109,.T.);
#2932=ORIENTED_EDGE('',*,*,#2110,.F.);
#2933=ORIENTED_EDGE('',*,*,#2111,.F.);
#2934=ORIENTED_EDGE('',*,*,#2112,.T.);
#2935=ORIENTED_EDGE('',*,*,#2113,.T.);
#2936=ORIENTED_EDGE('',*,*,#2114,.T.);
#2937=ORIENTED_EDGE('',*,*,#1931,.T.);
#2938=ORIENTED_EDGE('',*,*,#2113,.F.);
#2939=ORIENTED_EDGE('',*,*,#2115,.T.);
#2940=ORIENTED_EDGE('',*,*,#2116,.F.);
#2941=ORIENTED_EDGE('',*,*,#2117,.F.);
#2942=ORIENTED_EDGE('',*,*,#2118,.T.);
#2943=ORIENTED_EDGE('',*,*,#2119,.T.);
#2944=ORIENTED_EDGE('',*,*,#2120,.T.);
#2945=ORIENTED_EDGE('',*,*,#2116,.T.);
#2946=ORIENTED_EDGE('',*,*,#1970,.T.);
#2947=ORIENTED_EDGE('',*,*,#2064,.F.);
#2948=ORIENTED_EDGE('',*,*,#2114,.F.);
#2949=ORIENTED_EDGE('',*,*,#2117,.T.);
#2950=ORIENTED_EDGE('',*,*,#2120,.F.);
#2951=ORIENTED_EDGE('',*,*,#2121,.F.);
#2952=ORIENTED_EDGE('',*,*,#2122,.F.);
#2953=ORIENTED_EDGE('',*,*,#2060,.F.);
#2954=ORIENTED_EDGE('',*,*,#2119,.F.);
#2955=ORIENTED_EDGE('',*,*,#2123,.T.);
#2956=ORIENTED_EDGE('',*,*,#2124,.T.);
#2957=ORIENTED_EDGE('',*,*,#2121,.T.);
#2958=ORIENTED_EDGE('',*,*,#2078,.T.);
#2959=ORIENTED_EDGE('',*,*,#2125,.T.);
#2960=ORIENTED_EDGE('',*,*,#2086,.T.);
#2961=ORIENTED_EDGE('',*,*,#2099,.T.);
#2962=ORIENTED_EDGE('',*,*,#2125,.F.);
#2963=ORIENTED_EDGE('',*,*,#2077,.T.);
#2964=ORIENTED_EDGE('',*,*,#2082,.T.);
#2965=ORIENTED_EDGE('',*,*,#2087,.T.);
#2966=ORIENTED_EDGE('',*,*,#2126,.T.);
#2967=ORIENTED_EDGE('',*,*,#2127,.T.);
#2968=ORIENTED_EDGE('',*,*,#2128,.T.);
#2969=ORIENTED_EDGE('',*,*,#2110,.T.);
#2970=ORIENTED_EDGE('',*,*,#1995,.F.);
#2971=ORIENTED_EDGE('',*,*,#2129,.F.);
#2972=ORIENTED_EDGE('',*,*,#2108,.F.);
#2973=ORIENTED_EDGE('',*,*,#2111,.T.);
#2974=ORIENTED_EDGE('',*,*,#2128,.F.);
#2975=ORIENTED_EDGE('',*,*,#2130,.F.);
#2976=ORIENTED_EDGE('',*,*,#2131,.F.);
#2977=ORIENTED_EDGE('',*,*,#2127,.F.);
#2978=ORIENTED_EDGE('',*,*,#2132,.T.);
#2979=ORIENTED_EDGE('',*,*,#2133,.T.);
#2980=ORIENTED_EDGE('',*,*,#2130,.T.);
#2981=ORIENTED_EDGE('',*,*,#2134,.T.);
#2982=ORIENTED_EDGE('',*,*,#2135,.T.);
#2983=ORIENTED_EDGE('',*,*,#2136,.T.);
#2984=ORIENTED_EDGE('',*,*,#2104,.T.);
#2985=ORIENTED_EDGE('',*,*,#2019,.F.);
#2986=ORIENTED_EDGE('',*,*,#2137,.F.);
#2987=ORIENTED_EDGE('',*,*,#2102,.F.);
#2988=ORIENTED_EDGE('',*,*,#2105,.T.);
#2989=ORIENTED_EDGE('',*,*,#2136,.F.);
#2990=ORIENTED_EDGE('',*,*,#2138,.F.);
#2991=ORIENTED_EDGE('',*,*,#2139,.F.);
#2992=ORIENTED_EDGE('',*,*,#2135,.F.);
#2993=ORIENTED_EDGE('',*,*,#2140,.T.);
#2994=ORIENTED_EDGE('',*,*,#2141,.T.);
#2995=ORIENTED_EDGE('',*,*,#2138,.T.);
#2996=ORIENTED_EDGE('',*,*,#1989,.F.);
#2997=ORIENTED_EDGE('',*,*,#2131,.T.);
#2998=ORIENTED_EDGE('',*,*,#2133,.F.);
#2999=ORIENTED_EDGE('',*,*,#2142,.F.);
#3000=ORIENTED_EDGE('',*,*,#1983,.F.);
#3001=ORIENTED_EDGE('',*,*,#2142,.T.);
#3002=ORIENTED_EDGE('',*,*,#2132,.F.);
#3003=ORIENTED_EDGE('',*,*,#2126,.F.);
#3004=ORIENTED_EDGE('',*,*,#2109,.F.);
#3005=ORIENTED_EDGE('',*,*,#2106,.F.);
#3006=ORIENTED_EDGE('',*,*,#2096,.F.);
#3007=ORIENTED_EDGE('',*,*,#2001,.F.);
#3008=ORIENTED_EDGE('',*,*,#2143,.T.);
#3009=ORIENTED_EDGE('',*,*,#1924,.T.);
#3010=ORIENTED_EDGE('',*,*,#2129,.T.);
#3011=ORIENTED_EDGE('',*,*,#2061,.F.);
#3012=ORIENTED_EDGE('',*,*,#2122,.T.);
#3013=ORIENTED_EDGE('',*,*,#2124,.F.);
#3014=ORIENTED_EDGE('',*,*,#2144,.F.);
#3015=ORIENTED_EDGE('',*,*,#2055,.F.);
#3016=ORIENTED_EDGE('',*,*,#2144,.T.);
#3017=ORIENTED_EDGE('',*,*,#2123,.F.);
#3018=ORIENTED_EDGE('',*,*,#2118,.F.);
#3019=ORIENTED_EDGE('',*,*,#2115,.F.);
#3020=ORIENTED_EDGE('',*,*,#2112,.F.);
#3021=ORIENTED_EDGE('',*,*,#2145,.F.);
#3022=ORIENTED_EDGE('',*,*,#2049,.F.);
#3023=ORIENTED_EDGE('',*,*,#2145,.T.);
#3024=ORIENTED_EDGE('',*,*,#1930,.T.);
#3025=ORIENTED_EDGE('',*,*,#2146,.T.);
#3026=ORIENTED_EDGE('',*,*,#2013,.F.);
#3027=ORIENTED_EDGE('',*,*,#2139,.T.);
#3028=ORIENTED_EDGE('',*,*,#2141,.F.);
#3029=ORIENTED_EDGE('',*,*,#2147,.F.);
#3030=ORIENTED_EDGE('',*,*,#2007,.F.);
#3031=ORIENTED_EDGE('',*,*,#2147,.T.);
#3032=ORIENTED_EDGE('',*,*,#2140,.F.);
#3033=ORIENTED_EDGE('',*,*,#2134,.F.);
#3034=ORIENTED_EDGE('',*,*,#2103,.F.);
#3035=ORIENTED_EDGE('',*,*,#2100,.F.);
#3036=ORIENTED_EDGE('',*,*,#2143,.F.);
#3037=ORIENTED_EDGE('',*,*,#2025,.F.);
#3038=ORIENTED_EDGE('',*,*,#2148,.F.);
#3039=ORIENTED_EDGE('',*,*,#1926,.T.);
#3040=ORIENTED_EDGE('',*,*,#2137,.T.);
#3041=ORIENTED_EDGE('',*,*,#2075,.T.);
#3042=ORIENTED_EDGE('',*,*,#2149,.T.);
#3043=ORIENTED_EDGE('',*,*,#2150,.T.);
#3044=ORIENTED_EDGE('',*,*,#1935,.T.);
#3045=ORIENTED_EDGE('',*,*,#2067,.T.);
#3046=ORIENTED_EDGE('',*,*,#2069,.F.);
#3047=ORIENTED_EDGE('',*,*,#2149,.F.);
#3048=ORIENTED_EDGE('',*,*,#2074,.T.);
#3049=ORIENTED_EDGE('',*,*,#2151,.F.);
#3050=ORIENTED_EDGE('',*,*,#2152,.F.);
#3051=ORIENTED_EDGE('',*,*,#2071,.T.);
#3052=ORIENTED_EDGE('',*,*,#1959,.T.);
#3053=ORIENTED_EDGE('',*,*,#2153,.T.);
#3054=ORIENTED_EDGE('',*,*,#2154,.T.);
#3055=ORIENTED_EDGE('',*,*,#2073,.T.);
#3056=ORIENTED_EDGE('',*,*,#2155,.F.);
#3057=ORIENTED_EDGE('',*,*,#2156,.F.);
#3058=ORIENTED_EDGE('',*,*,#2151,.T.);
#3059=ORIENTED_EDGE('',*,*,#2154,.F.);
#3060=ORIENTED_EDGE('',*,*,#2157,.F.);
#3061=ORIENTED_EDGE('',*,*,#2155,.T.);
#3062=ORIENTED_EDGE('',*,*,#2072,.T.);
#3063=ORIENTED_EDGE('',*,*,#2158,.F.);
#3064=ORIENTED_EDGE('',*,*,#2159,.T.);
#3065=ORIENTED_EDGE('',*,*,#2160,.T.);
#3066=ORIENTED_EDGE('',*,*,#2161,.F.);
#3067=ORIENTED_EDGE('',*,*,#2162,.F.);
#3068=ORIENTED_EDGE('',*,*,#2163,.T.);
#3069=ORIENTED_EDGE('',*,*,#2164,.T.);
#3070=ORIENTED_EDGE('',*,*,#2159,.F.);
#3071=ORIENTED_EDGE('',*,*,#2165,.F.);
#3072=ORIENTED_EDGE('',*,*,#2161,.T.);
#3073=ORIENTED_EDGE('',*,*,#2166,.T.);
#3074=ORIENTED_EDGE('',*,*,#2163,.F.);
#3075=ORIENTED_EDGE('',*,*,#2166,.F.);
#3076=ORIENTED_EDGE('',*,*,#2160,.F.);
#3077=ORIENTED_EDGE('',*,*,#2164,.F.);
#3078=ORIENTED_EDGE('',*,*,#2167,.T.);
#3079=ORIENTED_EDGE('',*,*,#2168,.T.);
#3080=ORIENTED_EDGE('',*,*,#2169,.T.);
#3081=ORIENTED_EDGE('',*,*,#2168,.F.);
#3082=ORIENTED_EDGE('',*,*,#2170,.F.);
#3083=ORIENTED_EDGE('',*,*,#2171,.F.);
#3084=ORIENTED_EDGE('',*,*,#2172,.F.);
#3085=ORIENTED_EDGE('',*,*,#2173,.F.);
#3086=ORIENTED_EDGE('',*,*,#2174,.F.);
#3087=ORIENTED_EDGE('',*,*,#2175,.F.);
#3088=ORIENTED_EDGE('',*,*,#2176,.F.);
#3089=ORIENTED_EDGE('',*,*,#2177,.F.);
#3090=ORIENTED_EDGE('',*,*,#2158,.T.);
#3091=ORIENTED_EDGE('',*,*,#2165,.T.);
#3092=ORIENTED_EDGE('',*,*,#2162,.T.);
#3093=ORIENTED_EDGE('',*,*,#2167,.F.);
#3094=ORIENTED_EDGE('',*,*,#2169,.F.);
#3095=ORIENTED_EDGE('',*,*,#2178,.T.);
#3096=ORIENTED_EDGE('',*,*,#2097,.F.);
#3097=ORIENTED_EDGE('',*,*,#2178,.F.);
#3098=ORIENTED_EDGE('',*,*,#2179,.T.);
#3099=ORIENTED_EDGE('',*,*,#2170,.T.);
#3100=ORIENTED_EDGE('',*,*,#2180,.T.);
#3101=ORIENTED_EDGE('',*,*,#2181,.T.);
#3102=ORIENTED_EDGE('',*,*,#2179,.F.);
#3103=ORIENTED_EDGE('',*,*,#2182,.T.);
#3104=ORIENTED_EDGE('',*,*,#2183,.T.);
#3105=ORIENTED_EDGE('',*,*,#2171,.T.);
#3106=ORIENTED_EDGE('',*,*,#2184,.T.);
#3107=ORIENTED_EDGE('',*,*,#2172,.T.);
#3108=ORIENTED_EDGE('',*,*,#2183,.F.);
#3109=ORIENTED_EDGE('',*,*,#2185,.T.);
#3110=ORIENTED_EDGE('',*,*,#2184,.F.);
#3111=ORIENTED_EDGE('',*,*,#2186,.T.);
#3112=ORIENTED_EDGE('',*,*,#2187,.T.);
#3113=ORIENTED_EDGE('',*,*,#2173,.T.);
#3114=ORIENTED_EDGE('',*,*,#2188,.T.);
#3115=ORIENTED_EDGE('',*,*,#2174,.T.);
#3116=ORIENTED_EDGE('',*,*,#2187,.F.);
#3117=ORIENTED_EDGE('',*,*,#1908,.T.);
#3118=ORIENTED_EDGE('',*,*,#2188,.F.);
#3119=ORIENTED_EDGE('',*,*,#2189,.T.);
#3120=ORIENTED_EDGE('',*,*,#2190,.T.);
#3121=ORIENTED_EDGE('',*,*,#2175,.T.);
#3122=ORIENTED_EDGE('',*,*,#2191,.T.);
#3123=ORIENTED_EDGE('',*,*,#2176,.T.);
#3124=ORIENTED_EDGE('',*,*,#2190,.F.);
#3125=ORIENTED_EDGE('',*,*,#2192,.T.);
#3126=ORIENTED_EDGE('',*,*,#2191,.F.);
#3127=ORIENTED_EDGE('',*,*,#2193,.T.);
#3128=ORIENTED_EDGE('',*,*,#2180,.F.);
#3129=ORIENTED_EDGE('',*,*,#2177,.T.);
#3130=ORIENTED_EDGE('',*,*,#2186,.F.);
#3131=ORIENTED_EDGE('',*,*,#2194,.T.);
#3132=ORIENTED_EDGE('',*,*,#1957,.T.);
#3133=ORIENTED_EDGE('',*,*,#1909,.T.);
#3134=ORIENTED_EDGE('',*,*,#2185,.F.);
#3135=ORIENTED_EDGE('',*,*,#2195,.F.);
#3136=ORIENTED_EDGE('',*,*,#1936,.F.);
#3137=ORIENTED_EDGE('',*,*,#2150,.F.);
#3138=ORIENTED_EDGE('',*,*,#2152,.T.);
#3139=ORIENTED_EDGE('',*,*,#2156,.T.);
#3140=ORIENTED_EDGE('',*,*,#2157,.T.);
#3141=ORIENTED_EDGE('',*,*,#2153,.F.);
#3142=ORIENTED_EDGE('',*,*,#1958,.F.);
#3143=ORIENTED_EDGE('',*,*,#2194,.F.);
#3144=ORIENTED_EDGE('',*,*,#2182,.F.);
#3145=ORIENTED_EDGE('',*,*,#2196,.T.);
#3146=ORIENTED_EDGE('',*,*,#1937,.T.);
#3147=ORIENTED_EDGE('',*,*,#2195,.T.);
#3148=ORIENTED_EDGE('',*,*,#2181,.F.);
#3149=ORIENTED_EDGE('',*,*,#2197,.F.);
#3150=ORIENTED_EDGE('',*,*,#1938,.F.);
#3151=ORIENTED_EDGE('',*,*,#2196,.F.);
#3152=ORIENTED_EDGE('',*,*,#2189,.F.);
#3153=ORIENTED_EDGE('',*,*,#1907,.T.);
#3154=ORIENTED_EDGE('',*,*,#1941,.T.);
#3155=ORIENTED_EDGE('',*,*,#2198,.T.);
#3156=ORIENTED_EDGE('',*,*,#2192,.F.);
#3157=ORIENTED_EDGE('',*,*,#2198,.F.);
#3158=ORIENTED_EDGE('',*,*,#1940,.F.);
#3159=ORIENTED_EDGE('',*,*,#2199,.F.);
#3160=ORIENTED_EDGE('',*,*,#2193,.F.);
#3161=ORIENTED_EDGE('',*,*,#2199,.T.);
#3162=ORIENTED_EDGE('',*,*,#1939,.T.);
#3163=ORIENTED_EDGE('',*,*,#2197,.T.);
#3164=ORIENTED_EDGE('',*,*,#2200,.F.);
#3165=ORIENTED_EDGE('',*,*,#2201,.F.);
#3166=ORIENTED_EDGE('',*,*,#2202,.F.);
#3167=ORIENTED_EDGE('',*,*,#2203,.F.);
#3168=ORIENTED_EDGE('',*,*,#2033,.F.);
#3169=ORIENTED_EDGE('',*,*,#2204,.F.);
#3170=ORIENTED_EDGE('',*,*,#1927,.T.);
#3171=ORIENTED_EDGE('',*,*,#2148,.T.);
#3172=ORIENTED_EDGE('',*,*,#2203,.T.);
#3173=ORIENTED_EDGE('',*,*,#2205,.T.);
#3174=ORIENTED_EDGE('',*,*,#1944,.T.);
#3175=ORIENTED_EDGE('',*,*,#2205,.F.);
#3176=ORIENTED_EDGE('',*,*,#2202,.T.);
#3177=ORIENTED_EDGE('',*,*,#2206,.T.);
#3178=ORIENTED_EDGE('',*,*,#1943,.T.);
#3179=ORIENTED_EDGE('',*,*,#2206,.F.);
#3180=ORIENTED_EDGE('',*,*,#2201,.T.);
#3181=ORIENTED_EDGE('',*,*,#2207,.T.);
#3182=ORIENTED_EDGE('',*,*,#1942,.T.);
#3183=ORIENTED_EDGE('',*,*,#2207,.F.);
#3184=ORIENTED_EDGE('',*,*,#2038,.F.);
#3185=ORIENTED_EDGE('',*,*,#2208,.F.);
#3186=ORIENTED_EDGE('',*,*,#1928,.T.);
#3187=ORIENTED_EDGE('',*,*,#2204,.T.);
#3188=ORIENTED_EDGE('',*,*,#2043,.F.);
#3189=ORIENTED_EDGE('',*,*,#2146,.F.);
#3190=ORIENTED_EDGE('',*,*,#1929,.T.);
#3191=ORIENTED_EDGE('',*,*,#2208,.T.);
#3192=ORIENTED_EDGE('',*,*,#2200,.T.);
#3193=ORIENTED_EDGE('',*,*,#2209,.T.);
#3194=ORIENTED_EDGE('',*,*,#1969,.T.);
#3195=ORIENTED_EDGE('',*,*,#2209,.F.);
#3196=B_SPLINE_SURFACE_WITH_KNOTS('',3,1,((#4471,#4472),(#4473,#4474),(#4475,
#4476),(#4477,#4478),(#4479,#4480)),.UNSPECIFIED.,.F.,.F.,.F.,(4,1,4),(2,
2),(0.,0.0331378129959563,0.0899958248218478),(0.,0.08),.UNSPECIFIED.);
#3197=B_SPLINE_SURFACE_WITH_KNOTS('',3,1,((#4497,#4498),(#4499,#4500),(#4501,
#4502),(#4503,#4504),(#4505,#4506)),.UNSPECIFIED.,.F.,.F.,.F.,(4,1,4),(2,
2),(0.,0.0190227554534709,0.0394623027323269),(0.,0.08),.UNSPECIFIED.);
#3198=B_SPLINE_SURFACE_WITH_KNOTS('',3,1,((#4520,#4521),(#4522,#4523),(#4524,
#4525),(#4526,#4527),(#4528,#4529)),.UNSPECIFIED.,.F.,.F.,.F.,(4,1,4),(2,
2),(0.,0.0209830395424384,0.0402071081914768),(0.,0.08),.UNSPECIFIED.);
#3199=B_SPLINE_SURFACE_WITH_KNOTS('',3,1,((#4543,#4544),(#4545,#4546),(#4547,
#4548),(#4549,#4550),(#4551,#4552)),.UNSPECIFIED.,.F.,.F.,.F.,(4,1,4),(2,
2),(0.,0.0213687338122785,0.0455462201649537),(0.,0.08),.UNSPECIFIED.);
#3200=B_SPLINE_SURFACE_WITH_KNOTS('',3,1,((#4566,#4567),(#4568,#4569),(#4570,
#4571),(#4572,#4573),(#4574,#4575)),.UNSPECIFIED.,.F.,.F.,.F.,(4,1,4),(2,
2),(0.,0.021598833539236,0.0423523557979363),(0.,0.08),.UNSPECIFIED.);
#3201=B_SPLINE_SURFACE_WITH_KNOTS('',3,1,((#4589,#4590),(#4591,#4592),(#4593,
#4594),(#4595,#4596),(#4597,#4598)),.UNSPECIFIED.,.F.,.F.,.F.,(4,1,4),(2,
2),(0.,0.0446007414571891,0.0693499491865539),(0.,0.08),.UNSPECIFIED.);
#3202=B_SPLINE_SURFACE_WITH_KNOTS('',3,1,((#4627,#4628),(#4629,#4630),(#4631,
#4632),(#4633,#4634),(#4635,#4636)),.UNSPECIFIED.,.F.,.F.,.F.,(4,1,4),(2,
2),(0.,0.0291038587014977,0.0863189322752649),(0.,0.08),.UNSPECIFIED.);
#3203=B_SPLINE_SURFACE_WITH_KNOTS('',3,1,((#4653,#4654),(#4655,#4656),(#4657,
#4658),(#4659,#4660),(#4661,#4662)),.UNSPECIFIED.,.F.,.F.,.F.,(4,1,4),(2,
2),(0.,0.0197063423961629,0.042612682428863),(0.,0.08),.UNSPECIFIED.);
#3204=B_SPLINE_SURFACE_WITH_KNOTS('',3,1,((#4676,#4677),(#4678,#4679),(#4680,
#4681),(#4682,#4683),(#4684,#4685)),.UNSPECIFIED.,.F.,.F.,.F.,(4,1,4),(2,
2),(0.,0.0212598850997943,0.040492332368871),(0.,0.08),.UNSPECIFIED.);
#3205=B_SPLINE_SURFACE_WITH_KNOTS('',3,1,((#4699,#4700),(#4701,#4702),(#4703,
#4704),(#4705,#4706),(#4707,#4708)),.UNSPECIFIED.,.F.,.F.,.F.,(4,1,4),(2,
2),(0.,0.0204696068984774,0.0426526520827677),(0.,0.08),.UNSPECIFIED.);
#3206=B_SPLINE_SURFACE_WITH_KNOTS('',3,1,((#4722,#4723),(#4724,#4725),(#4726,
#4727),(#4728,#4729),(#4730,#4731)),.UNSPECIFIED.,.F.,.F.,.F.,(4,1,4),(2,
2),(0.,0.0239174705766372,0.0451660807437933),(0.,0.08),.UNSPECIFIED.);
#3207=B_SPLINE_SURFACE_WITH_KNOTS('',3,1,((#4745,#4746),(#4747,#4748),(#4749,
#4750),(#4751,#4752),(#4753,#4754)),.UNSPECIFIED.,.F.,.F.,.F.,(4,1,4),(2,
2),(0.,0.0478361173079671,0.0733627248444177),(0.,0.08),.UNSPECIFIED.);
#3208=B_SPLINE_SURFACE_WITH_KNOTS('',3,1,((#4792,#4793),(#4794,#4795),(#4796,
#4797),(#4798,#4799),(#4800,#4801)),.UNSPECIFIED.,.F.,.F.,.F.,(4,1,4),(2,
2),(0.,0.0431163813761052,0.121825976133725),(0.,0.08),.UNSPECIFIED.);
#3209=B_SPLINE_SURFACE_WITH_KNOTS('',3,1,((#4815,#4816),(#4817,#4818),(#4819,
#4820),(#4821,#4822),(#4823,#4824)),.UNSPECIFIED.,.F.,.F.,.F.,(4,1,4),(2,
2),(0.,0.0343767335107978,0.0723091239554313),(0.,0.08),.UNSPECIFIED.);
#3210=B_SPLINE_SURFACE_WITH_KNOTS('',3,1,((#4838,#4839),(#4840,#4841),(#4842,
#4843),(#4844,#4845),(#4846,#4847)),.UNSPECIFIED.,.F.,.F.,.F.,(4,1,4),(2,
2),(0.,0.0345301629479136,0.0678429066123493),(0.,0.08),.UNSPECIFIED.);
#3211=B_SPLINE_SURFACE_WITH_KNOTS('',3,1,((#4861,#4862),(#4863,#4864),(#4865,
#4866),(#4867,#4868),(#4869,#4870)),.UNSPECIFIED.,.F.,.F.,.F.,(4,1,4),(2,
2),(0.,0.0338703325520088,0.0686659670754538),(0.,0.08),.UNSPECIFIED.);
#3212=B_SPLINE_SURFACE_WITH_KNOTS('',3,1,((#4884,#4885),(#4886,#4887),(#4888,
#4889),(#4890,#4891),(#4892,#4893)),.UNSPECIFIED.,.F.,.F.,.F.,(4,1,4),(2,
2),(0.,0.0394383603006304,0.080402417128662),(0.,0.08),.UNSPECIFIED.);
#3213=B_SPLINE_SURFACE_WITH_KNOTS('',3,1,((#4907,#4908),(#4909,#4910),(#4911,
#4912),(#4913,#4914),(#4915,#4916)),.UNSPECIFIED.,.F.,.F.,.F.,(4,1,4),(2,
2),(0.,0.0442395870968001,0.0847333960817485),(0.,0.08),.UNSPECIFIED.);
#3214=B_SPLINE_SURFACE_WITH_KNOTS('',3,1,((#4930,#4931),(#4932,#4933),(#4934,
#4935),(#4936,#4937),(#4938,#4939)),.UNSPECIFIED.,.F.,.F.,.F.,(4,1,4),(2,
2),(0.,0.0339978826287181,0.0683342996145144),(0.,0.08),.UNSPECIFIED.);
#3215=B_SPLINE_SURFACE_WITH_KNOTS('',3,1,((#4953,#4954),(#4955,#4956),(#4957,
#4958),(#4959,#4960),(#4961,#4962)),.UNSPECIFIED.,.F.,.F.,.F.,(4,1,4),(2,
2),(0.,0.0340109112202439,0.0679081307649958),(0.,0.08),.UNSPECIFIED.);
#3216=B_SPLINE_SURFACE_WITH_KNOTS('',3,1,((#4976,#4977),(#4978,#4979),(#4980,
#4981),(#4982,#4983),(#4984,#4985)),.UNSPECIFIED.,.F.,.F.,.F.,(4,1,4),(2,
2),(0.,0.029967716042449,0.0610292640112885),(0.,0.08),.UNSPECIFIED.);
#3217=B_SPLINE_SURFACE_WITH_KNOTS('',3,1,((#4999,#5000),(#5001,#5002),(#5003,
#5004),(#5005,#5006),(#5007,#5008)),.UNSPECIFIED.,.F.,.F.,.F.,(4,1,4),(2,
2),(0.,0.0279259457623753,0.0570797683246502),(0.,0.08),.UNSPECIFIED.);
#3218=B_SPLINE_SURFACE_WITH_KNOTS('',3,1,((#5022,#5023),(#5024,#5025),(#5026,
#5027),(#5028,#5029),(#5030,#5031)),.UNSPECIFIED.,.F.,.F.,.F.,(4,1,4),(2,
2),(0.,0.0286608261386864,0.0564476670726957),(0.,0.08),.UNSPECIFIED.);
#3219=B_SPLINE_SURFACE_WITH_KNOTS('',3,1,((#5045,#5046),(#5047,#5048),(#5049,
#5050),(#5051,#5052),(#5053,#5054)),.UNSPECIFIED.,.F.,.F.,.F.,(4,1,4),(2,
2),(0.,0.051813871106382,0.0887078018245408),(0.,0.08),.UNSPECIFIED.);
#3220=B_SPLINE_SURFACE_WITH_KNOTS('',3,1,((#5145,#5146),(#5147,#5148),(#5149,
#5150),(#5151,#5152),(#5153,#5154)),.UNSPECIFIED.,.F.,.F.,.F.,(4,1,4),(2,
2),(0.,0.037974118723345,0.0751166657618208),(0.,0.08),.UNSPECIFIED.);
#3221=B_SPLINE_SURFACE_WITH_KNOTS('',3,1,((#5171,#5172),(#5173,#5174),(#5175,
#5176),(#5177,#5178),(#5179,#5180)),.UNSPECIFIED.,.F.,.F.,.F.,(4,1,4),(2,
2),(0.,0.0494922451381127,0.0999596542173177),(0.,0.08),.UNSPECIFIED.);
#3222=B_SPLINE_SURFACE_WITH_KNOTS('',3,1,((#5194,#5195),(#5196,#5197),(#5198,
#5199),(#5200,#5201),(#5202,#5203)),.UNSPECIFIED.,.F.,.F.,.F.,(4,1,4),(2,
2),(0.,0.0816198967736182,0.141270976902791),(0.,0.08),.UNSPECIFIED.);
#3223=B_SPLINE_SURFACE_WITH_KNOTS('',3,1,((#5217,#5218),(#5219,#5220),(#5221,
#5222),(#5223,#5224),(#5225,#5226)),.UNSPECIFIED.,.F.,.F.,.F.,(4,1,4),(2,
2),(0.,0.0583614286029684,0.135841492811242),(0.,0.08),.UNSPECIFIED.);
#3224=B_SPLINE_SURFACE_WITH_KNOTS('',3,1,((#5240,#5241),(#5242,#5243),(#5244,
#5245),(#5246,#5247),(#5248,#5249)),.UNSPECIFIED.,.F.,.F.,.F.,(4,1,4),(2,
2),(0.,0.0513284304882513,0.101174946151958),(0.,0.08),.UNSPECIFIED.);
#3225=B_SPLINE_SURFACE_WITH_KNOTS('',3,1,((#5263,#5264),(#5265,#5266),(#5267,
#5268),(#5269,#5270),(#5271,#5272)),.UNSPECIFIED.,.F.,.F.,.F.,(4,1,4),(2,
2),(0.,0.0354438413528353,0.0730855161251592),(0.,0.08),.UNSPECIFIED.);
#3226=B_SPLINE_SURFACE_WITH_KNOTS('',3,1,((#5286,#5287),(#5288,#5289),(#5290,
#5291),(#5292,#5293),(#5294,#5295)),.UNSPECIFIED.,.F.,.F.,.F.,(4,1,4),(2,
2),(0.,0.0373835055467293,0.0727608053719976),(0.,0.08),.UNSPECIFIED.);
#3227=B_SPLINE_SURFACE_WITH_KNOTS('',3,1,((#5315,#5316),(#5317,#5318),(#5319,
#5320),(#5321,#5322),(#5323,#5324)),.UNSPECIFIED.,.F.,.F.,.F.,(4,1,4),(2,
2),(0.,0.0491493433533393,0.106308377906827),(0.,0.08),.UNSPECIFIED.);
#3228=B_SPLINE_SURFACE_WITH_KNOTS('',3,1,((#5338,#5339),(#5340,#5341),(#5342,
#5343),(#5344,#5345),(#5346,#5347)),.UNSPECIFIED.,.F.,.F.,.F.,(4,1,4),(2,
2),(0.,0.0842325685774177,0.161681999499946),(0.,0.08),.UNSPECIFIED.);
#3229=B_SPLINE_SURFACE_WITH_KNOTS('',3,1,((#5361,#5362),(#5363,#5364),(#5365,
#5366),(#5367,#5368),(#5369,#5370)),.UNSPECIFIED.,.F.,.F.,.F.,(4,1,4),(2,
2),(0.,0.0908265981739847,0.187285621614837),(0.,0.08),.UNSPECIFIED.);
#3230=B_SPLINE_SURFACE_WITH_KNOTS('',3,1,((#5384,#5385),(#5386,#5387),(#5388,
#5389),(#5390,#5391),(#5392,#5393)),.UNSPECIFIED.,.F.,.F.,.F.,(4,1,4),(2,
2),(0.,0.112053370832997,0.208112696045652),(0.,0.08),.UNSPECIFIED.);
#3231=B_SPLINE_SURFACE_WITH_KNOTS('',3,1,((#5407,#5408),(#5409,#5410),(#5411,
#5412),(#5413,#5414),(#5415,#5416)),.UNSPECIFIED.,.F.,.F.,.F.,(4,1,4),(2,
2),(0.,0.0937994443437633,0.200526804627301),(0.,0.08),.UNSPECIFIED.);
#3232=B_SPLINE_SURFACE_WITH_KNOTS('',3,1,((#5430,#5431),(#5432,#5433),(#5434,
#5435),(#5436,#5437),(#5438,#5439)),.UNSPECIFIED.,.F.,.F.,.F.,(4,1,4),(2,
2),(0.,0.0923040327276624,0.181362713960439),(0.,0.08),.UNSPECIFIED.);
#3233=B_SPLINE_SURFACE_WITH_KNOTS('',3,1,((#5453,#5454),(#5455,#5456),(#5457,
#5458),(#5459,#5460),(#5461,#5462)),.UNSPECIFIED.,.F.,.F.,.F.,(4,1,4),(2,
2),(0.,0.0664453116734781,0.140570598307254),(0.,0.08),.UNSPECIFIED.);
#3234=B_SPLINE_SURFACE_WITH_KNOTS('',3,1,((#5476,#5477),(#5478,#5479),(#5480,
#5481),(#5482,#5483),(#5484,#5485)),.UNSPECIFIED.,.F.,.F.,.F.,(4,1,4),(2,
2),(0.,0.0773661247751158,0.144759305049082),(0.,0.08),.UNSPECIFIED.);
#3235=B_SPLINE_SURFACE_WITH_KNOTS('',3,1,((#5505,#5506),(#5507,#5508),(#5509,
#5510),(#5511,#5512),(#5513,#5514)),.UNSPECIFIED.,.F.,.F.,.F.,(4,1,4),(2,
2),(0.,0.0412690884485885,0.0916973101346822),(0.,0.08),.UNSPECIFIED.);
#3236=ADVANCED_FACE('',(#259),#3196,.F.);
#3237=ADVANCED_FACE('',(#260),#3197,.F.);
#3238=ADVANCED_FACE('',(#261),#3198,.F.);
#3239=ADVANCED_FACE('',(#262),#3199,.F.);
#3240=ADVANCED_FACE('',(#263),#3200,.F.);
#3241=ADVANCED_FACE('',(#264),#3201,.F.);
#3242=ADVANCED_FACE('',(#265),#161,.F.);
#3243=ADVANCED_FACE('',(#266),#162,.F.);
#3244=ADVANCED_FACE('',(#267),#163,.F.);
#3245=ADVANCED_FACE('',(#268),#3202,.F.);
#3246=ADVANCED_FACE('',(#269),#3203,.F.);
#3247=ADVANCED_FACE('',(#270),#3204,.F.);
#3248=ADVANCED_FACE('',(#271),#3205,.F.);
#3249=ADVANCED_FACE('',(#272),#3206,.F.);
#3250=ADVANCED_FACE('',(#273),#3207,.F.);
#3251=ADVANCED_FACE('',(#274),#164,.F.);
#3252=ADVANCED_FACE('',(#275),#165,.F.);
#3253=ADVANCED_FACE('',(#276),#166,.F.);
#3254=ADVANCED_FACE('',(#277),#167,.F.);
#3255=ADVANCED_FACE('',(#278),#3208,.F.);
#3256=ADVANCED_FACE('',(#279),#3209,.F.);
#3257=ADVANCED_FACE('',(#280),#3210,.F.);
#3258=ADVANCED_FACE('',(#281),#3211,.F.);
#3259=ADVANCED_FACE('',(#282),#3212,.F.);
#3260=ADVANCED_FACE('',(#283),#3213,.F.);
#3261=ADVANCED_FACE('',(#284),#3214,.F.);
#3262=ADVANCED_FACE('',(#285),#3215,.F.);
#3263=ADVANCED_FACE('',(#286),#3216,.F.);
#3264=ADVANCED_FACE('',(#287),#3217,.F.);
#3265=ADVANCED_FACE('',(#288),#3218,.F.);
#3266=ADVANCED_FACE('',(#289),#3219,.F.);
#3267=ADVANCED_FACE('',(#290),#168,.F.);
#3268=ADVANCED_FACE('',(#291),#169,.F.);
#3269=ADVANCED_FACE('',(#292,#148,#149),#170,.T.);
#3270=ADVANCED_FACE('',(#293),#171,.F.);
#3271=ADVANCED_FACE('',(#294),#172,.F.);
#3272=ADVANCED_FACE('',(#295),#173,.F.);
#3273=ADVANCED_FACE('',(#296),#174,.F.);
#3274=ADVANCED_FACE('',(#297),#175,.F.);
#3275=ADVANCED_FACE('',(#298),#176,.F.);
#3276=ADVANCED_FACE('',(#299),#177,.F.);
#3277=ADVANCED_FACE('',(#300),#178,.F.);
#3278=ADVANCED_FACE('',(#301),#179,.F.);
#3279=ADVANCED_FACE('',(#302),#180,.F.);
#3280=ADVANCED_FACE('',(#303),#181,.F.);
#3281=ADVANCED_FACE('',(#304,#150),#182,.F.);
#3282=ADVANCED_FACE('',(#305),#3220,.F.);
#3283=ADVANCED_FACE('',(#306),#3221,.F.);
#3284=ADVANCED_FACE('',(#307),#3222,.F.);
#3285=ADVANCED_FACE('',(#308),#3223,.F.);
#3286=ADVANCED_FACE('',(#309),#3224,.F.);
#3287=ADVANCED_FACE('',(#310),#3225,.F.);
#3288=ADVANCED_FACE('',(#311),#3226,.F.);
#3289=ADVANCED_FACE('',(#312),#183,.F.);
#3290=ADVANCED_FACE('',(#313),#3227,.F.);
#3291=ADVANCED_FACE('',(#314),#3228,.F.);
#3292=ADVANCED_FACE('',(#315),#3229,.F.);
#3293=ADVANCED_FACE('',(#316),#3230,.F.);
#3294=ADVANCED_FACE('',(#317),#3231,.F.);
#3295=ADVANCED_FACE('',(#318),#3232,.F.);
#3296=ADVANCED_FACE('',(#319),#3233,.F.);
#3297=ADVANCED_FACE('',(#320),#3234,.F.);
#3298=ADVANCED_FACE('',(#321),#184,.F.);
#3299=ADVANCED_FACE('',(#322),#3235,.F.);
#3300=ADVANCED_FACE('',(#323),#185,.T.);
#3301=ADVANCED_FACE('',(#324,#151,#152,#153),#186,.T.);
#3302=ADVANCED_FACE('',(#325),#187,.T.);
#3303=ADVANCED_FACE('',(#326),#188,.T.);
#3304=ADVANCED_FACE('',(#327),#189,.T.);
#3305=ADVANCED_FACE('',(#328,#154,#155,#156),#190,.F.);
#3306=ADVANCED_FACE('',(#329),#191,.T.);
#3307=ADVANCED_FACE('',(#330),#192,.T.);
#3308=ADVANCED_FACE('',(#331),#193,.T.);
#3309=ADVANCED_FACE('',(#332),#194,.T.);
#3310=ADVANCED_FACE('',(#333),#195,.T.);
#3311=ADVANCED_FACE('',(#334),#196,.T.);
#3312=ADVANCED_FACE('',(#335),#197,.T.);
#3313=ADVANCED_FACE('',(#336,#157),#198,.F.);
#3314=ADVANCED_FACE('',(#337),#46,.F.);
#3315=ADVANCED_FACE('',(#338),#47,.F.);
#3316=ADVANCED_FACE('',(#339),#48,.F.);
#3317=ADVANCED_FACE('',(#340),#49,.F.);
#3318=ADVANCED_FACE('',(#341),#20,.F.);
#3319=ADVANCED_FACE('',(#342),#50,.F.);
#3320=ADVANCED_FACE('',(#343),#51,.F.);
#3321=ADVANCED_FACE('',(#344),#52,.F.);
#3322=ADVANCED_FACE('',(#345),#53,.F.);
#3323=ADVANCED_FACE('',(#346),#54,.F.);
#3324=ADVANCED_FACE('',(#347),#55,.F.);
#3325=ADVANCED_FACE('',(#348),#56,.F.);
#3326=ADVANCED_FACE('',(#349),#21,.F.);
#3327=ADVANCED_FACE('',(#350),#57,.F.);
#3328=ADVANCED_FACE('',(#351),#58,.F.);
#3329=ADVANCED_FACE('',(#352),#59,.F.);
#3330=ADVANCED_FACE('',(#353),#60,.F.);
#3331=ADVANCED_FACE('',(#354),#61,.F.);
#3332=ADVANCED_FACE('',(#355),#62,.F.);
#3333=ADVANCED_FACE('',(#356),#63,.F.);
#3334=ADVANCED_FACE('',(#357),#64,.F.);
#3335=ADVANCED_FACE('',(#358),#22,.F.);
#3336=ADVANCED_FACE('',(#359),#65,.F.);
#3337=ADVANCED_FACE('',(#360),#66,.F.);
#3338=ADVANCED_FACE('',(#361),#67,.F.);
#3339=ADVANCED_FACE('',(#362),#68,.F.);
#3340=ADVANCED_FACE('',(#363),#69,.F.);
#3341=ADVANCED_FACE('',(#364),#70,.F.);
#3342=ADVANCED_FACE('',(#365),#23,.F.);
#3343=ADVANCED_FACE('',(#366),#71,.F.);
#3344=ADVANCED_FACE('',(#367),#199,.T.);
#3345=ADVANCED_FACE('',(#368),#200,.T.);
#3346=ADVANCED_FACE('',(#369),#72,.T.);
#3347=ADVANCED_FACE('',(#370),#201,.T.);
#3348=ADVANCED_FACE('',(#371),#202,.T.);
#3349=ADVANCED_FACE('',(#372),#203,.T.);
#3350=ADVANCED_FACE('',(#373),#204,.T.);
#3351=ADVANCED_FACE('',(#374),#205,.T.);
#3352=ADVANCED_FACE('',(#375),#206,.T.);
#3353=ADVANCED_FACE('',(#376),#207,.T.);
#3354=ADVANCED_FACE('',(#377),#73,.T.);
#3355=ADVANCED_FACE('',(#378),#208,.T.);
#3356=ADVANCED_FACE('',(#379),#209,.T.);
#3357=ADVANCED_FACE('',(#380),#210,.T.);
#3358=ADVANCED_FACE('',(#381),#74,.T.);
#3359=ADVANCED_FACE('',(#382),#211,.T.);
#3360=ADVANCED_FACE('',(#383),#212,.T.);
#3361=ADVANCED_FACE('',(#384,#158),#213,.F.);
#3362=ADVANCED_FACE('',(#385),#75,.F.);
#3363=ADVANCED_FACE('',(#386),#214,.T.);
#3364=ADVANCED_FACE('',(#387),#76,.F.);
#3365=ADVANCED_FACE('',(#388),#215,.T.);
#3366=ADVANCED_FACE('',(#389),#77,.F.);
#3367=ADVANCED_FACE('',(#390),#216,.T.);
#3368=ADVANCED_FACE('',(#391),#78,.F.);
#3369=ADVANCED_FACE('',(#392),#217,.T.);
#3370=ADVANCED_FACE('',(#393),#218,.T.);
#3371=ADVANCED_FACE('',(#394),#219,.T.);
#3372=ADVANCED_FACE('',(#395),#220,.T.);
#3373=ADVANCED_FACE('',(#396),#221,.T.);
#3374=ADVANCED_FACE('',(#397),#222,.T.);
#3375=ADVANCED_FACE('',(#398),#223,.T.);
#3376=ADVANCED_FACE('',(#399),#224,.T.);
#3377=ADVANCED_FACE('',(#400),#225,.T.);
#3378=ADVANCED_FACE('',(#401),#226,.T.);
#3379=ADVANCED_FACE('',(#402),#227,.T.);
#3380=ADVANCED_FACE('',(#403),#228,.T.);
#3381=ADVANCED_FACE('',(#404),#229,.T.);
#3382=ADVANCED_FACE('',(#405),#230,.T.);
#3383=ADVANCED_FACE('',(#406),#231,.T.);
#3384=ADVANCED_FACE('',(#407),#232,.T.);
#3385=ADVANCED_FACE('',(#408),#233,.T.);
#3386=ADVANCED_FACE('',(#409),#234,.T.);
#3387=ADVANCED_FACE('',(#410),#235,.T.);
#3388=ADVANCED_FACE('',(#411),#236,.T.);
#3389=ADVANCED_FACE('',(#412),#237,.T.);
#3390=ADVANCED_FACE('',(#413),#79,.F.);
#3391=ADVANCED_FACE('',(#414),#238,.T.);
#3392=ADVANCED_FACE('',(#415),#80,.F.);
#3393=ADVANCED_FACE('',(#416),#239,.T.);
#3394=ADVANCED_FACE('',(#417),#240,.T.);
#3395=ADVANCED_FACE('',(#418),#241,.F.);
#3396=ADVANCED_FACE('',(#419),#242,.F.);
#3397=ADVANCED_FACE('',(#420),#243,.F.);
#3398=ADVANCED_FACE('',(#421),#244,.F.);
#3399=ADVANCED_FACE('',(#422),#15,.F.);
#3400=ADVANCED_FACE('',(#423,#159,#160),#245,.T.);
#3401=ADVANCED_FACE('',(#424),#81,.F.);
#3402=ADVANCED_FACE('',(#425),#246,.T.);
#3403=ADVANCED_FACE('',(#426),#16,.T.);
#3404=ADVANCED_FACE('',(#427),#247,.T.);
#3405=ADVANCED_FACE('',(#428),#17,.T.);
#3406=ADVANCED_FACE('',(#429),#248,.T.);
#3407=ADVANCED_FACE('',(#430),#18,.T.);
#3408=ADVANCED_FACE('',(#431),#249,.T.);
#3409=ADVANCED_FACE('',(#432),#19,.T.);
#3410=ADVANCED_FACE('',(#433),#82,.T.);
#3411=ADVANCED_FACE('',(#434),#250,.T.);
#3412=ADVANCED_FACE('',(#435),#83,.T.);
#3413=ADVANCED_FACE('',(#436),#251,.T.);
#3414=ADVANCED_FACE('',(#437),#84,.T.);
#3415=ADVANCED_FACE('',(#438),#252,.T.);
#3416=ADVANCED_FACE('',(#439),#85,.T.);
#3417=ADVANCED_FACE('',(#440),#253,.F.);
#3418=ADVANCED_FACE('',(#441),#254,.F.);
#3419=ADVANCED_FACE('',(#442),#255,.F.);
#3420=ADVANCED_FACE('',(#443),#256,.F.);
#3421=ADVANCED_FACE('',(#444),#257,.T.);
#3422=ADVANCED_FACE('',(#445),#86,.F.);
#3423=ADVANCED_FACE('',(#446),#87,.F.);
#3424=ADVANCED_FACE('',(#447),#88,.F.);
#3425=ADVANCED_FACE('',(#448),#89,.T.);
#3426=ADVANCED_FACE('',(#449),#258,.T.);
#3427=ADVANCED_FACE('',(#450),#90,.F.);
#3428=CLOSED_SHELL('',(#3236,#3237,#3238,#3239,#3240,#3241,#3242,#3243,
#3244,#3245,#3246,#3247,#3248,#3249,#3250,#3251,#3252,#3253,#3254,#3255,
#3256,#3257,#3258,#3259,#3260,#3261,#3262,#3263,#3264,#3265,#3266,#3267,
#3268,#3269,#3270,#3271,#3272,#3273,#3274,#3275,#3276,#3277,#3278,#3279,
#3280,#3281,#3282,#3283,#3284,#3285,#3286,#3287,#3288,#3289,#3290,#3291,
#3292,#3293,#3294,#3295,#3296,#3297,#3298,#3299,#3300,#3301,#3302,#3303,
#3304,#3305,#3306,#3307,#3308,#3309,#3310,#3311,#3312,#3313,#3314,#3315,
#3316,#3317,#3318,#3319,#3320,#3321,#3322,#3323,#3324,#3325,#3326,#3327,
#3328,#3329,#3330,#3331,#3332,#3333,#3334,#3335,#3336,#3337,#3338,#3339,
#3340,#3341,#3342,#3343,#3344,#3345,#3346,#3347,#3348,#3349,#3350,#3351,
#3352,#3353,#3354,#3355,#3356,#3357,#3358,#3359,#3360,#3361,#3362,#3363,
#3364,#3365,#3366,#3367,#3368,#3369,#3370,#3371,#3372,#3373,#3374,#3375,
#3376,#3377,#3378,#3379,#3380,#3381,#3382,#3383,#3384,#3385,#3386,#3387,
#3388,#3389,#3390,#3391,#3392,#3393,#3394,#3395,#3396,#3397,#3398,#3399,
#3400,#3401,#3402,#3403,#3404,#3405,#3406,#3407,#3408,#3409,#3410,#3411,
#3412,#3413,#3414,#3415,#3416,#3417,#3418,#3419,#3420,#3421,#3422,#3423,
#3424,#3425,#3426,#3427));
#3429=DERIVED_UNIT_ELEMENT(#3431,1.);
#3430=DERIVED_UNIT_ELEMENT(#6160,-3.);
#3431=(
MASS_UNIT()
NAMED_UNIT(*)
SI_UNIT(.KILO.,.GRAM.)
);
#3432=DERIVED_UNIT((#3429,#3430));
#3433=MEASURE_REPRESENTATION_ITEM('density measure',
POSITIVE_RATIO_MEASURE(7850.),#3432);
#3434=PROPERTY_DEFINITION_REPRESENTATION(#3439,#3436);
#3435=PROPERTY_DEFINITION_REPRESENTATION(#3440,#3437);
#3436=REPRESENTATION('material name',(#3438),#6157);
#3437=REPRESENTATION('density',(#3433),#6157);
#3438=DESCRIPTIVE_REPRESENTATION_ITEM('Steel','Steel');
#3439=PROPERTY_DEFINITION('material property','material name',#6167);
#3440=PROPERTY_DEFINITION('material property','density of part',#6167);
#3441=AXIS2_PLACEMENT_3D('',#4470,#3673,#3674);
#3442=AXIS2_PLACEMENT_3D('',#4612,#3682,#3683);
#3443=AXIS2_PLACEMENT_3D('',#4618,#3687,#3688);
#3444=AXIS2_PLACEMENT_3D('',#4624,#3692,#3693);
#3445=AXIS2_PLACEMENT_3D('',#4768,#3703,#3704);
#3446=AXIS2_PLACEMENT_3D('',#4774,#3708,#3709);
#3447=AXIS2_PLACEMENT_3D('',#4780,#3713,#3714);
#3448=AXIS2_PLACEMENT_3D('',#4783,#3717,#3718);
#3449=AXIS2_PLACEMENT_3D('',#5068,#3735,#3736);
#3450=AXIS2_PLACEMENT_3D('',#5074,#3740,#3741);
#3451=AXIS2_PLACEMENT_3D('',#5077,#3744,#3745);
#3452=AXIS2_PLACEMENT_3D('',#5078,#3746,#3747);
#3453=AXIS2_PLACEMENT_3D('',#5087,#3752,#3753);
#3454=AXIS2_PLACEMENT_3D('',#5093,#3757,#3758);
#3455=AXIS2_PLACEMENT_3D('',#5096,#3761,#3762);
#3456=AXIS2_PLACEMENT_3D('',#5105,#3767,#3768);
#3457=AXIS2_PLACEMENT_3D('',#5111,#3772,#3773);
#3458=AXIS2_PLACEMENT_3D('',#5117,#3777,#3778);
#3459=AXIS2_PLACEMENT_3D('',#5123,#3782,#3783);
#3460=AXIS2_PLACEMENT_3D('',#5129,#3787,#3788);
#3461=AXIS2_PLACEMENT_3D('',#5135,#3792,#3793);
#3462=AXIS2_PLACEMENT_3D('',#5141,#3797,#3798);
#3463=AXIS2_PLACEMENT_3D('',#5144,#3801,#3802);
#3464=AXIS2_PLACEMENT_3D('',#5309,#3811,#3812);
#3465=AXIS2_PLACEMENT_3D('',#5499,#3824,#3825);
#3466=AXIS2_PLACEMENT_3D('',#5525,#3829,#3830);
#3467=AXIS2_PLACEMENT_3D('',#5526,#3831,#3832);
#3468=AXIS2_PLACEMENT_3D('',#5551,#3845,#3846);
#3469=AXIS2_PLACEMENT_3D('',#5552,#3847,#3848);
#3470=AXIS2_PLACEMENT_3D('',#5553,#3849,#3850);
#3471=AXIS2_PLACEMENT_3D('',#5559,#3854,#3855);
#3472=AXIS2_PLACEMENT_3D('',#5565,#3858,#3859);
#3473=AXIS2_PLACEMENT_3D('',#5581,#3867,#3868);
#3474=AXIS2_PLACEMENT_3D('',#5593,#3874,#3875);
#3475=AXIS2_PLACEMENT_3D('',#5599,#3878,#3879);
#3476=AXIS2_PLACEMENT_3D('',#5603,#3881,#3882);
#3477=AXIS2_PLACEMENT_3D('',#5606,#3884,#3885);
#3478=AXIS2_PLACEMENT_3D('',#5608,#3886,#3887);
#3479=AXIS2_PLACEMENT_3D('',#5610,#3888,#3889);
#3480=AXIS2_PLACEMENT_3D('',#5612,#3890,#3891);
#3481=AXIS2_PLACEMENT_3D('',#5613,#3892,#3893);
#3482=AXIS2_PLACEMENT_3D('',#5619,#3897,#3898);
#3483=AXIS2_PLACEMENT_3D('',#5623,#3901,#3902);
#3484=AXIS2_PLACEMENT_3D('',#5629,#3906,#3907);
#3485=AXIS2_PLACEMENT_3D('',#5633,#3910,#3911);
#3486=AXIS2_PLACEMENT_3D('',#5634,#3912,#3913);
#3487=AXIS2_PLACEMENT_3D('',#5636,#3915,#3916);
#3488=AXIS2_PLACEMENT_3D('',#5638,#3918,#3919);
#3489=AXIS2_PLACEMENT_3D('',#5640,#3920,#3921);
#3490=AXIS2_PLACEMENT_3D('',#5658,#3930,#3931);
#3491=AXIS2_PLACEMENT_3D('',#5663,#3934,#3935);
#3492=AXIS2_PLACEMENT_3D('',#5664,#3936,#3937);
#3493=AXIS2_PLACEMENT_3D('',#5669,#3939,#3940);
#3494=AXIS2_PLACEMENT_3D('',#5673,#3942,#3943);
#3495=AXIS2_PLACEMENT_3D('',#5676,#3945,#3946);
#3496=AXIS2_PLACEMENT_3D('',#5677,#3947,#3948);
#3497=AXIS2_PLACEMENT_3D('',#5682,#3950,#3951);
#3498=AXIS2_PLACEMENT_3D('',#5685,#3953,#3954);
#3499=AXIS2_PLACEMENT_3D('',#5686,#3955,#3956);
#3500=AXIS2_PLACEMENT_3D('',#5690,#3958,#3959);
#3501=AXIS2_PLACEMENT_3D('',#5692,#3961,#3962);
#3502=AXIS2_PLACEMENT_3D('',#5697,#3965,#3966);
#3503=AXIS2_PLACEMENT_3D('',#5698,#3967,#3968);
#3504=AXIS2_PLACEMENT_3D('',#5700,#3969,#3970);
#3505=AXIS2_PLACEMENT_3D('',#5702,#3971,#3972);
#3506=AXIS2_PLACEMENT_3D('',#5703,#3973,#3974);
#3507=AXIS2_PLACEMENT_3D('',#5704,#3975,#3976);
#3508=AXIS2_PLACEMENT_3D('',#5709,#3979,#3980);
#3509=AXIS2_PLACEMENT_3D('',#5710,#3981,#3982);
#3510=AXIS2_PLACEMENT_3D('',#5715,#3985,#3986);
#3511=AXIS2_PLACEMENT_3D('',#5716,#3987,#3988);
#3512=AXIS2_PLACEMENT_3D('',#5721,#3991,#3992);
#3513=AXIS2_PLACEMENT_3D('',#5722,#3993,#3994);
#3514=AXIS2_PLACEMENT_3D('',#5726,#3996,#3997);
#3515=AXIS2_PLACEMENT_3D('',#5728,#3999,#4000);
#3516=AXIS2_PLACEMENT_3D('',#5733,#4003,#4004);
#3517=AXIS2_PLACEMENT_3D('',#5734,#4005,#4006);
#3518=AXIS2_PLACEMENT_3D('',#5738,#4008,#4009);
#3519=AXIS2_PLACEMENT_3D('',#5740,#4011,#4012);
#3520=AXIS2_PLACEMENT_3D('',#5745,#4015,#4016);
#3521=AXIS2_PLACEMENT_3D('',#5746,#4017,#4018);
#3522=AXIS2_PLACEMENT_3D('',#5748,#4019,#4020);
#3523=AXIS2_PLACEMENT_3D('',#5750,#4021,#4022);
#3524=AXIS2_PLACEMENT_3D('',#5751,#4023,#4024);
#3525=AXIS2_PLACEMENT_3D('',#5752,#4025,#4026);
#3526=AXIS2_PLACEMENT_3D('',#5757,#4029,#4030);
#3527=AXIS2_PLACEMENT_3D('',#5758,#4031,#4032);
#3528=AXIS2_PLACEMENT_3D('',#5763,#4035,#4036);
#3529=AXIS2_PLACEMENT_3D('',#5764,#4037,#4038);
#3530=AXIS2_PLACEMENT_3D('',#5769,#4041,#4042);
#3531=AXIS2_PLACEMENT_3D('',#5770,#4043,#4044);
#3532=AXIS2_PLACEMENT_3D('',#5775,#4047,#4048);
#3533=AXIS2_PLACEMENT_3D('',#5776,#4049,#4050);
#3534=AXIS2_PLACEMENT_3D('',#5781,#4053,#4054);
#3535=AXIS2_PLACEMENT_3D('',#5782,#4055,#4056);
#3536=AXIS2_PLACEMENT_3D('',#5787,#4059,#4060);
#3537=AXIS2_PLACEMENT_3D('',#5788,#4061,#4062);
#3538=AXIS2_PLACEMENT_3D('',#5792,#4064,#4065);
#3539=AXIS2_PLACEMENT_3D('',#5794,#4067,#4068);
#3540=AXIS2_PLACEMENT_3D('',#5799,#4071,#4072);
#3541=AXIS2_PLACEMENT_3D('',#5800,#4073,#4074);
#3542=AXIS2_PLACEMENT_3D('',#5803,#4075,#4076);
#3543=AXIS2_PLACEMENT_3D('',#5804,#4077,#4078);
#3544=AXIS2_PLACEMENT_3D('',#5805,#4079,#4080);
#3545=AXIS2_PLACEMENT_3D('',#5806,#4081,#4082);
#3546=AXIS2_PLACEMENT_3D('',#5811,#4085,#4086);
#3547=AXIS2_PLACEMENT_3D('',#5812,#4087,#4088);
#3548=AXIS2_PLACEMENT_3D('',#5817,#4091,#4092);
#3549=AXIS2_PLACEMENT_3D('',#5818,#4093,#4094);
#3550=AXIS2_PLACEMENT_3D('',#5823,#4097,#4098);
#3551=AXIS2_PLACEMENT_3D('',#5824,#4099,#4100);
#3552=AXIS2_PLACEMENT_3D('',#5829,#4103,#4104);
#3553=AXIS2_PLACEMENT_3D('',#5830,#4105,#4106);
#3554=AXIS2_PLACEMENT_3D('',#5834,#4108,#4109);
#3555=AXIS2_PLACEMENT_3D('',#5836,#4111,#4112);
#3556=AXIS2_PLACEMENT_3D('',#5841,#4115,#4116);
#3557=AXIS2_PLACEMENT_3D('',#5842,#4117,#4118);
#3558=AXIS2_PLACEMENT_3D('',#5843,#4119,#4120);
#3559=AXIS2_PLACEMENT_3D('',#5844,#4121,#4122);
#3560=AXIS2_PLACEMENT_3D('',#5845,#4123,#4124);
#3561=AXIS2_PLACEMENT_3D('',#5847,#4125,#4126);
#3562=AXIS2_PLACEMENT_3D('',#5850,#4129,#4130);
#3563=AXIS2_PLACEMENT_3D('',#5853,#4133,#4134);
#3564=AXIS2_PLACEMENT_3D('',#5855,#4136,#4137);
#3565=AXIS2_PLACEMENT_3D('',#5864,#4139,#4140);
#3566=AXIS2_PLACEMENT_3D('',#5868,#4143,#4144);
#3567=AXIS2_PLACEMENT_3D('',#5871,#4146,#4147);
#3568=AXIS2_PLACEMENT_3D('',#5878,#4151,#4152);
#3569=AXIS2_PLACEMENT_3D('',#5879,#4153,#4154);
#3570=AXIS2_PLACEMENT_3D('',#5888,#4159,#4160);
#3571=AXIS2_PLACEMENT_3D('',#5889,#4161,#4162);
#3572=AXIS2_PLACEMENT_3D('',#5893,#4165,#4166);
#3573=AXIS2_PLACEMENT_3D('',#5896,#4168,#4169);
#3574=AXIS2_PLACEMENT_3D('',#5902,#4173,#4174);
#3575=AXIS2_PLACEMENT_3D('',#5904,#4176,#4177);
#3576=AXIS2_PLACEMENT_3D('',#5906,#4179,#4180);
#3577=AXIS2_PLACEMENT_3D('',#5908,#4182,#4183);
#3578=AXIS2_PLACEMENT_3D('',#5910,#4185,#4186);
#3579=AXIS2_PLACEMENT_3D('',#5912,#4188,#4189);
#3580=AXIS2_PLACEMENT_3D('',#5914,#4191,#4192);
#3581=AXIS2_PLACEMENT_3D('',#5916,#4194,#4195);
#3582=AXIS2_PLACEMENT_3D('',#5918,#4197,#4198);
#3583=AXIS2_PLACEMENT_3D('',#5920,#4200,#4201);
#3584=AXIS2_PLACEMENT_3D('',#5922,#4202,#4203);
#3585=AXIS2_PLACEMENT_3D('',#5923,#4204,#4205);
#3586=AXIS2_PLACEMENT_3D('',#5925,#4207,#4208);
#3587=AXIS2_PLACEMENT_3D('',#5927,#4210,#4211);
#3588=AXIS2_PLACEMENT_3D('',#5929,#4212,#4213);
#3589=AXIS2_PLACEMENT_3D('',#5932,#4215,#4216);
#3590=AXIS2_PLACEMENT_3D('',#5933,#4217,#4218);
#3591=AXIS2_PLACEMENT_3D('',#5939,#4222,#4223);
#3592=AXIS2_PLACEMENT_3D('',#5941,#4224,#4225);
#3593=AXIS2_PLACEMENT_3D('',#5944,#4227,#4228);
#3594=AXIS2_PLACEMENT_3D('',#5945,#4229,#4230);
#3595=AXIS2_PLACEMENT_3D('',#5951,#4234,#4235);
#3596=AXIS2_PLACEMENT_3D('',#5953,#4236,#4237);
#3597=AXIS2_PLACEMENT_3D('',#5956,#4239,#4240);
#3598=AXIS2_PLACEMENT_3D('',#5957,#4241,#4242);
#3599=AXIS2_PLACEMENT_3D('',#5963,#4246,#4247);
#3600=AXIS2_PLACEMENT_3D('',#5969,#4251,#4252);
#3601=AXIS2_PLACEMENT_3D('',#5973,#4255,#4256);
#3602=AXIS2_PLACEMENT_3D('',#5977,#4259,#4260);
#3603=AXIS2_PLACEMENT_3D('',#5979,#4262,#4263);
#3604=AXIS2_PLACEMENT_3D('',#5980,#4264,#4265);
#3605=AXIS2_PLACEMENT_3D('',#5986,#4269,#4270);
#3606=AXIS2_PLACEMENT_3D('',#5991,#4274,#4275);
#3607=AXIS2_PLACEMENT_3D('',#5995,#4278,#4279);
#3608=AXIS2_PLACEMENT_3D('',#6001,#4283,#4284);
#3609=AXIS2_PLACEMENT_3D('',#6006,#4288,#4289);
#3610=AXIS2_PLACEMENT_3D('',#6010,#4292,#4293);
#3611=AXIS2_PLACEMENT_3D('',#6012,#4295,#4296);
#3612=AXIS2_PLACEMENT_3D('',#6013,#4297,#4298);
#3613=AXIS2_PLACEMENT_3D('',#6015,#4300,#4301);
#3614=AXIS2_PLACEMENT_3D('',#6017,#4303,#4304);
#3615=AXIS2_PLACEMENT_3D('',#6019,#4306,#4307);
#3616=AXIS2_PLACEMENT_3D('',#6021,#4309,#4310);
#3617=AXIS2_PLACEMENT_3D('',#6023,#4312,#4313);
#3618=AXIS2_PLACEMENT_3D('',#6024,#4314,#4315);
#3619=AXIS2_PLACEMENT_3D('',#6026,#4317,#4318);
#3620=AXIS2_PLACEMENT_3D('',#6029,#4320,#4321);
#3621=AXIS2_PLACEMENT_3D('',#6030,#4322,#4323);
#3622=AXIS2_PLACEMENT_3D('',#6034,#4326,#4327);
#3623=AXIS2_PLACEMENT_3D('',#6036,#4328,#4329);
#3624=AXIS2_PLACEMENT_3D('',#6038,#4331,#4332);
#3625=AXIS2_PLACEMENT_3D('',#6042,#4335,#4336);
#3626=AXIS2_PLACEMENT_3D('',#6044,#4338,#4339);
#3627=AXIS2_PLACEMENT_3D('',#6053,#4344,#4345);
#3628=AXIS2_PLACEMENT_3D('',#6059,#4349,#4350);
#3629=AXIS2_PLACEMENT_3D('',#6062,#4353,#4354);
#3630=AXIS2_PLACEMENT_3D('',#6063,#4355,#4356);
#3631=AXIS2_PLACEMENT_3D('',#6065,#4357,#4358);
#3632=AXIS2_PLACEMENT_3D('',#6068,#4360,#4361);
#3633=AXIS2_PLACEMENT_3D('',#6069,#4362,#4363);
#3634=AXIS2_PLACEMENT_3D('',#6074,#4365,#4366);
#3635=AXIS2_PLACEMENT_3D('',#6078,#4368,#4369);
#3636=AXIS2_PLACEMENT_3D('',#6082,#4371,#4372);
#3637=AXIS2_PLACEMENT_3D('',#6085,#4374,#4375);
#3638=AXIS2_PLACEMENT_3D('',#6086,#4376,#4377);
#3639=AXIS2_PLACEMENT_3D('',#6088,#4379,#4380);
#3640=AXIS2_PLACEMENT_3D('',#6094,#4384,#4385);
#3641=AXIS2_PLACEMENT_3D('',#6096,#4386,#4387);
#3642=AXIS2_PLACEMENT_3D('',#6098,#4389,#4390);
#3643=AXIS2_PLACEMENT_3D('',#6102,#4393,#4394);
#3644=AXIS2_PLACEMENT_3D('',#6103,#4395,#4396);
#3645=AXIS2_PLACEMENT_3D('',#6105,#4398,#4399);
#3646=AXIS2_PLACEMENT_3D('',#6107,#4401,#4402);
#3647=AXIS2_PLACEMENT_3D('',#6109,#4403,#4404);
#3648=AXIS2_PLACEMENT_3D('',#6111,#4406,#4407);
#3649=AXIS2_PLACEMENT_3D('',#6115,#4410,#4411);
#3650=AXIS2_PLACEMENT_3D('',#6116,#4412,#4413);
#3651=AXIS2_PLACEMENT_3D('',#6117,#4414,#4415);
#3652=AXIS2_PLACEMENT_3D('',#6119,#4417,#4418);
#3653=AXIS2_PLACEMENT_3D('',#6121,#4420,#4421);
#3654=AXIS2_PLACEMENT_3D('',#6123,#4423,#4424);
#3655=AXIS2_PLACEMENT_3D('',#6125,#4426,#4427);
#3656=AXIS2_PLACEMENT_3D('',#6127,#4429,#4430);
#3657=AXIS2_PLACEMENT_3D('',#6129,#4432,#4433);
#3658=AXIS2_PLACEMENT_3D('',#6130,#4434,#4435);
#3659=AXIS2_PLACEMENT_3D('',#6132,#4436,#4437);
#3660=AXIS2_PLACEMENT_3D('',#6133,#4438,#4439);
#3661=AXIS2_PLACEMENT_3D('',#6135,#4440,#4441);
#3662=AXIS2_PLACEMENT_3D('',#6136,#4442,#4443);
#3663=AXIS2_PLACEMENT_3D('',#6138,#4444,#4445);
#3664=AXIS2_PLACEMENT_3D('',#6139,#4446,#4447);
#3665=AXIS2_PLACEMENT_3D('',#6141,#4448,#4449);
#3666=AXIS2_PLACEMENT_3D('',#6142,#4450,#4451);
#3667=AXIS2_PLACEMENT_3D('',#6144,#4453,#4454);
#3668=AXIS2_PLACEMENT_3D('',#6146,#4456,#4457);
#3669=AXIS2_PLACEMENT_3D('',#6148,#4459,#4460);
#3670=AXIS2_PLACEMENT_3D('',#6150,#4462,#4463);
#3671=AXIS2_PLACEMENT_3D('',#6152,#4465,#4466);
#3672=AXIS2_PLACEMENT_3D('',#6153,#4467,#4468);
#3673=DIRECTION('axis',(0.,0.,1.));
#3674=DIRECTION('refdir',(1.,0.,0.));
#3675=DIRECTION('',(1.,0.,0.));
#3676=DIRECTION('',(1.,0.,0.));
#3677=DIRECTION('',(1.,0.,0.));
#3678=DIRECTION('',(1.,0.,0.));
#3679=DIRECTION('',(1.,0.,0.));
#3680=DIRECTION('',(1.,0.,0.));
#3681=DIRECTION('',(1.,0.,0.));
#3682=DIRECTION('center_axis',(0.,-2.97004948351629E-16,1.));
#3683=DIRECTION('ref_axis',(0.,-1.,-2.97004948351629E-16));
#3684=DIRECTION('',(0.,-1.,-2.97004948351629E-16));
#3685=DIRECTION('',(1.,0.,0.));
#3686=DIRECTION('',(0.,-1.,-2.97004948351629E-16));
#3687=DIRECTION('center_axis',(0.,-1.,0.));
#3688=DIRECTION('ref_axis',(0.,0.,-1.));
#3689=DIRECTION('',(0.,0.,-1.));
#3690=DIRECTION('',(1.,0.,0.));
#3691=DIRECTION('',(0.,0.,-1.));
#3692=DIRECTION('center_axis',(0.,0.,-1.));
#3693=DIRECTION('ref_axis',(0.,1.,0.));
#3694=DIRECTION('',(0.,1.,0.));
#3695=DIRECTION('',(0.,1.,0.));
#3696=DIRECTION('',(1.,0.,0.));
#3697=DIRECTION('',(1.,0.,0.));
#3698=DIRECTION('',(1.,0.,0.));
#3699=DIRECTION('',(1.,0.,0.));
#3700=DIRECTION('',(1.,0.,0.));
#3701=DIRECTION('',(1.,0.,0.));
#3702=DIRECTION('',(1.,0.,0.));
#3703=DIRECTION('center_axis',(0.,0.,1.));
#3704=DIRECTION('ref_axis',(0.,-1.,0.));
#3705=DIRECTION('',(0.,-1.,0.));
#3706=DIRECTION('',(1.,0.,0.));
#3707=DIRECTION('',(0.,-1.,0.));
#3708=DIRECTION('center_axis',(0.,-1.,0.));
#3709=DIRECTION('ref_axis',(0.,0.,-1.));
#3710=DIRECTION('',(0.,0.,-1.));
#3711=DIRECTION('',(1.,0.,0.));
#3712=DIRECTION('',(0.,0.,-1.));
#3713=DIRECTION('center_axis',(0.,0.,-1.));
#3714=DIRECTION('ref_axis',(0.,1.,0.));
#3715=DIRECTION('',(0.,1.,0.));
#3716=DIRECTION('',(0.,1.,0.));
#3717=DIRECTION('center_axis',(0.,2.03856088535681E-16,-1.));
#3718=DIRECTION('ref_axis',(0.,1.,2.03856088535681E-16));
#3719=DIRECTION('',(0.,1.,2.03856088535681E-16));
#3720=DIRECTION('',(1.,0.,0.));
#3721=DIRECTION('',(0.,1.,2.03856088535681E-16));
#3722=DIRECTION('',(1.,0.,0.));
#3723=DIRECTION('',(1.,0.,0.));
#3724=DIRECTION('',(1.,0.,0.));
#3725=DIRECTION('',(1.,0.,0.));
#3726=DIRECTION('',(1.,0.,0.));
#3727=DIRECTION('',(1.,0.,0.));
#3728=DIRECTION('',(1.,0.,0.));
#3729=DIRECTION('',(1.,0.,0.));
#3730=DIRECTION('',(1.,0.,0.));
#3731=DIRECTION('',(1.,0.,0.));
#3732=DIRECTION('',(1.,0.,0.));
#3733=DIRECTION('',(1.,0.,0.));
#3734=DIRECTION('',(1.,0.,0.));
#3735=DIRECTION('center_axis',(0.,0.,1.));
#3736=DIRECTION('ref_axis',(0.,-1.,0.));
#3737=DIRECTION('',(0.,-1.,0.));
#3738=DIRECTION('',(1.,0.,0.));
#3739=DIRECTION('',(0.,-1.,0.));
#3740=DIRECTION('center_axis',(0.,1.,0.));
#3741=DIRECTION('ref_axis',(0.,0.,1.));
#3742=DIRECTION('',(0.,0.,1.));
#3743=DIRECTION('',(0.,0.,1.));
#3744=DIRECTION('center_axis',(-1.,0.,0.));
#3745=DIRECTION('ref_axis',(0.,-1.,0.));
#3746=DIRECTION('center_axis',(0.,-0.939692482672157,-0.342020522789844));
#3747=DIRECTION('ref_axis',(0.,0.342020522789844,-0.939692482672157));
#3748=DIRECTION('',(0.,0.342020522789844,-0.939692482672157));
#3749=DIRECTION('',(1.,0.,0.));
#3750=DIRECTION('',(0.,0.342020522789844,-0.939692482672157));
#3751=DIRECTION('',(1.,0.,0.));
#3752=DIRECTION('center_axis',(0.,0.937457394666448,-0.348100033302492));
#3753=DIRECTION('ref_axis',(0.,0.348100033302492,0.937457394666448));
#3754=DIRECTION('',(0.,0.348100033302492,0.937457394666448));
#3755=DIRECTION('',(1.,0.,0.));
#3756=DIRECTION('',(0.,0.348100033302492,0.937457394666448));
#3757=DIRECTION('center_axis',(0.,2.44138023361058E-15,1.));
#3758=DIRECTION('ref_axis',(0.,-1.,2.44138023361058E-15));
#3759=DIRECTION('',(0.,-1.,2.44138023361058E-15));
#3760=DIRECTION('',(0.,-1.,2.44138023361058E-15));
#3761=DIRECTION('center_axis',(0.,2.07998310373612E-15,1.));
#3762=DIRECTION('ref_axis',(0.,-1.,2.07998310373612E-15));
#3763=DIRECTION('',(0.,-1.,2.07998310373612E-15));
#3764=DIRECTION('',(1.,0.,0.));
#3765=DIRECTION('',(0.,-1.,2.07998310373612E-15));
#3766=DIRECTION('',(1.,0.,0.));
#3767=DIRECTION('center_axis',(0.,0.931813678022864,0.362937004794912));
#3768=DIRECTION('ref_axis',(0.,-0.362937004794912,0.931813678022864));
#3769=DIRECTION('',(0.,-0.362937004794912,0.931813678022864));
#3770=DIRECTION('',(1.,0.,0.));
#3771=DIRECTION('',(0.,-0.362937004794912,0.931813678022864));
#3772=DIRECTION('center_axis',(0.,-2.26773649072096E-15,-1.));
#3773=DIRECTION('ref_axis',(0.,1.,-2.26773649072096E-15));
#3774=DIRECTION('',(0.,1.,-2.26773649072096E-15));
#3775=DIRECTION('',(1.,0.,0.));
#3776=DIRECTION('',(0.,1.,-2.26773649072096E-15));
#3777=DIRECTION('center_axis',(0.,-0.939875816297499,-0.34151639776021));
#3778=DIRECTION('ref_axis',(0.,0.34151639776021,-0.939875816297499));
#3779=DIRECTION('',(0.,0.34151639776021,-0.939875816297499));
#3780=DIRECTION('',(1.,0.,0.));
#3781=DIRECTION('',(0.,0.34151639776021,-0.939875816297499));
#3782=DIRECTION('center_axis',(0.,-2.22196161761226E-15,-1.));
#3783=DIRECTION('ref_axis',(0.,1.,-2.22196161761226E-15));
#3784=DIRECTION('',(0.,1.,-2.22196161761226E-15));
#3785=DIRECTION('',(1.,0.,0.));
#3786=DIRECTION('',(0.,1.,-2.22196161761226E-15));
#3787=DIRECTION('center_axis',(0.,0.933417804424235,-0.358791307564495));
#3788=DIRECTION('ref_axis',(0.,0.358791307564495,0.933417804424235));
#3789=DIRECTION('',(0.,0.358791307564495,0.933417804424235));
#3790=DIRECTION('',(1.,0.,0.));
#3791=DIRECTION('',(0.,0.358791307564495,0.933417804424235));
#3792=DIRECTION('center_axis',(0.,-2.27457898542057E-15,-1.));
#3793=DIRECTION('ref_axis',(0.,1.,-2.27457898542057E-15));
#3794=DIRECTION('',(0.,1.,-2.27457898542057E-15));
#3795=DIRECTION('',(1.,0.,0.));
#3796=DIRECTION('',(0.,1.,-2.27457898542057E-15));
#3797=DIRECTION('center_axis',(0.,-0.928345633425878,0.371718152501469));
#3798=DIRECTION('ref_axis',(0.,-0.371718152501468,-0.928345633425878));
#3799=DIRECTION('',(0.,-0.371718152501468,-0.928345633425878));
#3800=DIRECTION('',(0.,-0.371718152501468,-0.928345633425878));
#3801=DIRECTION('center_axis',(1.,0.,0.));
#3802=DIRECTION('ref_axis',(0.,0.,-1.));
#3803=DIRECTION('',(1.,0.,0.));
#3804=DIRECTION('',(1.,0.,0.));
#3805=DIRECTION('',(1.,0.,0.));
#3806=DIRECTION('',(1.,0.,0.));
#3807=DIRECTION('',(1.,0.,0.));
#3808=DIRECTION('',(1.,0.,0.));
#3809=DIRECTION('',(1.,0.,0.));
#3810=DIRECTION('',(1.,0.,0.));
#3811=DIRECTION('center_axis',(0.,-0.232368202985829,-0.972627892999752));
#3812=DIRECTION('ref_axis',(0.,0.972627892999752,-0.232368202985829));
#3813=DIRECTION('',(0.,0.972627892999752,-0.232368202985829));
#3814=DIRECTION('',(1.,0.,0.));
#3815=DIRECTION('',(0.,0.972627892999752,-0.232368202985829));
#3816=DIRECTION('',(1.,0.,0.));
#3817=DIRECTION('',(1.,0.,0.));
#3818=DIRECTION('',(1.,0.,0.));
#3819=DIRECTION('',(1.,0.,0.));
#3820=DIRECTION('',(1.,0.,0.));
#3821=DIRECTION('',(1.,0.,0.));
#3822=DIRECTION('',(1.,0.,0.));
#3823=DIRECTION('',(1.,0.,0.));
#3824=DIRECTION('center_axis',(0.,-0.302244118011767,0.95323055612338));
#3825=DIRECTION('ref_axis',(0.,-0.95323055612338,-0.302244118011767));
#3826=DIRECTION('',(0.,-0.95323055612338,-0.302244118011767));
#3827=DIRECTION('',(1.,0.,0.));
#3828=DIRECTION('',(0.,-0.95323055612338,-0.302244118011767));
#3829=DIRECTION('center_axis',(-1.,0.,0.));
#3830=DIRECTION('ref_axis',(0.,-1.,0.));
#3831=DIRECTION('center_axis',(-1.,0.,0.));
#3832=DIRECTION('ref_axis',(0.,-1.,0.));
#3833=DIRECTION('',(0.,0.707106781186548,-0.707106781186547));
#3834=DIRECTION('',(0.,0.,1.));
#3835=DIRECTION('',(0.,0.707106781186548,-0.707106781186547));
#3836=DIRECTION('',(0.,1.,0.));
#3837=DIRECTION('',(0.,0.,-1.));
#3838=DIRECTION('',(0.,-1.,0.));
#3839=DIRECTION('',(0.,0.,1.));
#3840=DIRECTION('',(0.,1.,0.));
#3841=DIRECTION('',(0.,0.707106781186548,0.707106781186547));
#3842=DIRECTION('',(0.,0.,-1.));
#3843=DIRECTION('',(0.,0.707106781186548,0.707106781186547));
#3844=DIRECTION('',(0.,-1.,0.));
#3845=DIRECTION('center_axis',(-1.,0.,0.));
#3846=DIRECTION('ref_axis',(0.,-1.,0.));
#3847=DIRECTION('center_axis',(-1.,0.,0.));
#3848=DIRECTION('ref_axis',(0.,-1.,0.));
#3849=DIRECTION('center_axis',(0.,-0.707106781186547,-0.707106781186548));
#3850=DIRECTION('ref_axis',(-1.,0.,0.));
#3851=DIRECTION('',(-3.35864272225882E-17,-0.707106781186548,0.707106781186547));
#3852=DIRECTION('',(-1.,0.,0.));
#3853=DIRECTION('',(1.,0.,0.));
#3854=DIRECTION('center_axis',(0.,0.,1.));
#3855=DIRECTION('ref_axis',(-1.,0.,0.));
#3856=DIRECTION('',(4.74983808898412E-17,1.,0.));
#3857=DIRECTION('',(-1.,4.67462326157962E-15,0.));
#3858=DIRECTION('center_axis',(0.,0.,1.));
#3859=DIRECTION('ref_axis',(1.,0.,0.));
#3860=DIRECTION('',(0.,1.,0.));
#3861=DIRECTION('',(-1.,0.,0.));
#3862=DIRECTION('',(-1.,0.,0.));
#3863=DIRECTION('',(-1.,0.,0.));
#3864=DIRECTION('',(-1.,4.61992189883233E-33,0.));
#3865=DIRECTION('',(-1.,0.,0.));
#3866=DIRECTION('',(0.,-1.,0.));
#3867=DIRECTION('center_axis',(0.,0.,1.));
#3868=DIRECTION('ref_axis',(0.,1.,0.));
#3869=DIRECTION('',(-1.,-2.33731163078981E-15,0.));
#3870=DIRECTION('',(0.,-1.,0.));
#3871=DIRECTION('',(0.,-1.,0.));
#3872=DIRECTION('',(0.,-1.,0.));
#3873=DIRECTION('',(1.,-2.33731163078981E-15,0.));
#3874=DIRECTION('center_axis',(0.,0.,1.));
#3875=DIRECTION('ref_axis',(-1.,0.,0.));
#3876=DIRECTION('',(0.,-1.,0.));
#3877=DIRECTION('',(1.,0.,0.));
#3878=DIRECTION('center_axis',(0.,0.,1.));
#3879=DIRECTION('ref_axis',(0.707106781186548,0.707106781186548,0.));
#3880=DIRECTION('',(0.,-1.,0.));
#3881=DIRECTION('center_axis',(0.,0.,1.));
#3882=DIRECTION('ref_axis',(0.707106781186547,-0.707106781186548,0.));
#3883=DIRECTION('',(-1.,0.,0.));
#3884=DIRECTION('center_axis',(0.,0.,1.));
#3885=DIRECTION('ref_axis',(-0.707106781186548,-0.707106781186547,0.));
#3886=DIRECTION('center_axis',(0.,0.,-1.));
#3887=DIRECTION('ref_axis',(-1.,0.,0.));
#3888=DIRECTION('center_axis',(0.,0.,-1.));
#3889=DIRECTION('ref_axis',(-1.,0.,0.));
#3890=DIRECTION('center_axis',(0.,0.,-1.));
#3891=DIRECTION('ref_axis',(-1.,0.,0.));
#3892=DIRECTION('center_axis',(0.,0.707106781186547,-0.707106781186548));
#3893=DIRECTION('ref_axis',(-1.,0.,0.));
#3894=DIRECTION('',(-3.35864272225882E-17,-0.707106781186548,-0.707106781186547));
#3895=DIRECTION('',(-1.,0.,0.));
#3896=DIRECTION('',(1.,0.,0.));
#3897=DIRECTION('center_axis',(0.,1.,0.));
#3898=DIRECTION('ref_axis',(0.,0.,1.));
#3899=DIRECTION('',(0.,0.,-1.));
#3900=DIRECTION('',(1.,0.,0.));
#3901=DIRECTION('center_axis',(0.,-0.707106781186547,-0.707106781186548));
#3902=DIRECTION('ref_axis',(-1.,0.,0.));
#3903=DIRECTION('',(-3.35864272225882E-17,-0.707106781186548,0.707106781186547));
#3904=DIRECTION('',(-1.,0.,0.));
#3905=DIRECTION('',(1.,0.,0.));
#3906=DIRECTION('center_axis',(0.,0.,-1.));
#3907=DIRECTION('ref_axis',(0.,1.,0.));
#3908=DIRECTION('',(-1.,0.,0.));
#3909=DIRECTION('',(-4.74983808898412E-17,-1.,0.));
#3910=DIRECTION('center_axis',(-1.,0.,0.));
#3911=DIRECTION('ref_axis',(0.,-1.,0.));
#3912=DIRECTION('center_axis',(0.,0.707106781186547,-0.707106781186548));
#3913=DIRECTION('ref_axis',(-1.,0.,0.));
#3914=DIRECTION('',(-3.35864272225882E-17,-0.707106781186548,-0.707106781186547));
#3915=DIRECTION('center_axis',(0.,-1.,0.));
#3916=DIRECTION('ref_axis',(0.,0.,-1.));
#3917=DIRECTION('',(0.,0.,1.));
#3918=DIRECTION('center_axis',(0.,0.,1.));
#3919=DIRECTION('ref_axis',(-1.,0.,0.));
#3920=DIRECTION('center_axis',(0.,0.,1.));
#3921=DIRECTION('ref_axis',(-0.707106781186548,0.707106781186547,0.));
#3922=DIRECTION('',(1.,0.,0.));
#3923=DIRECTION('',(0.,1.,0.));
#3924=DIRECTION('',(1.,0.,0.));
#3925=DIRECTION('',(0.,1.,0.));
#3926=DIRECTION('',(1.,0.,0.));
#3927=DIRECTION('',(0.,-1.,0.));
#3928=DIRECTION('',(1.,0.,0.));
#3929=DIRECTION('',(0.,1.,0.));
#3930=DIRECTION('center_axis',(0.,0.,1.));
#3931=DIRECTION('ref_axis',(0.,-1.,0.));
#3932=DIRECTION('',(1.,4.67462326157962E-15,0.));
#3933=DIRECTION('',(4.74983808898412E-17,1.,0.));
#3934=DIRECTION('center_axis',(0.,0.,-1.));
#3935=DIRECTION('ref_axis',(-1.,0.,0.));
#3936=DIRECTION('center_axis',(-1.,2.33731163078981E-15,0.));
#3937=DIRECTION('ref_axis',(0.,0.707106781186548,0.707106781186548));
#3938=DIRECTION('',(1.,-2.33731163078981E-15,0.));
#3939=DIRECTION('center_axis',(0.707106781186548,-0.707106781186548,0.));
#3940=DIRECTION('ref_axis',(0.707106781186547,0.707106781186547,0.));
#3941=DIRECTION('',(-1.,2.33731163078981E-15,0.));
#3942=DIRECTION('center_axis',(-1.,0.,0.));
#3943=DIRECTION('ref_axis',(0.,0.,1.));
#3944=DIRECTION('',(1.,-2.33731163078981E-15,0.));
#3945=DIRECTION('center_axis',(-1.,0.,0.));
#3946=DIRECTION('ref_axis',(0.,0.707106781186548,0.707106781186548));
#3947=DIRECTION('center_axis',(1.,0.,0.));
#3948=DIRECTION('ref_axis',(0.,-0.707106781186547,0.707106781186548));
#3949=DIRECTION('',(-1.,0.,0.));
#3950=DIRECTION('center_axis',(0.707106781186548,-0.707106781186548,0.));
#3951=DIRECTION('ref_axis',(0.707106781186547,0.707106781186547,0.));
#3952=DIRECTION('',(1.,0.,0.));
#3953=DIRECTION('center_axis',(0.707106781186548,0.707106781186547,0.));
#3954=DIRECTION('ref_axis',(-0.707106781186547,0.707106781186548,0.));
#3955=DIRECTION('center_axis',(0.,-1.,0.));
#3956=DIRECTION('ref_axis',(-0.707106781186548,0.,0.707106781186548));
#3957=DIRECTION('',(0.,1.,0.));
#3958=DIRECTION('center_axis',(0.,-1.,0.));
#3959=DIRECTION('ref_axis',(0.,0.,1.));
#3960=DIRECTION('',(0.,-1.,0.));
#3961=DIRECTION('center_axis',(0.,-1.,0.));
#3962=DIRECTION('ref_axis',(0.707106781186547,0.,0.707106781186548));
#3963=DIRECTION('',(0.,-1.,0.));
#3964=DIRECTION('',(0.,1.,0.));
#3965=DIRECTION('center_axis',(-0.707106781186548,-0.707106781186547,0.));
#3966=DIRECTION('ref_axis',(0.707106781186547,-0.707106781186548,0.));
#3967=DIRECTION('center_axis',(0.,0.,-1.));
#3968=DIRECTION('ref_axis',(-1.,0.,0.));
#3969=DIRECTION('center_axis',(0.,0.,1.));
#3970=DIRECTION('ref_axis',(0.707106781186547,0.707106781186547,0.));
#3971=DIRECTION('center_axis',(1.,-4.16333634234441E-15,0.));
#3972=DIRECTION('ref_axis',(0.,0.,1.));
#3973=DIRECTION('center_axis',(0.,0.,-1.));
#3974=DIRECTION('ref_axis',(0.707106781186547,0.707106781186547,0.));
#3975=DIRECTION('center_axis',(-1.,0.,0.));
#3976=DIRECTION('ref_axis',(0.,-0.707106781186547,0.707106781186548));
#3977=DIRECTION('',(-1.,0.,0.));
#3978=DIRECTION('',(1.,0.,0.));
#3979=DIRECTION('center_axis',(-0.707106781186547,0.707106781186548,0.));
#3980=DIRECTION('ref_axis',(-0.707106781186548,-0.707106781186547,0.));
#3981=DIRECTION('center_axis',(1.,-4.67462326157962E-15,0.));
#3982=DIRECTION('ref_axis',(-3.92523114670943E-15,-0.707106781186548,0.707106781186548));
#3983=DIRECTION('',(1.,-4.67462326157962E-15,0.));
#3984=DIRECTION('',(-1.,4.67462326157962E-15,0.));
#3985=DIRECTION('center_axis',(0.707106781186548,-0.707106781186547,-2.4532694666934E-16));
#3986=DIRECTION('ref_axis',(0.707106781186547,0.707106781186548,-2.4532694666934E-16));
#3987=DIRECTION('center_axis',(0.,1.,0.));
#3988=DIRECTION('ref_axis',(-0.707106781186548,0.,0.707106781186548));
#3989=DIRECTION('',(0.,1.,0.));
#3990=DIRECTION('',(0.,-1.,0.));
#3991=DIRECTION('center_axis',(-0.707106781186548,0.707106781186547,0.));
#3992=DIRECTION('ref_axis',(-0.707106781186547,-0.707106781186548,0.));
#3993=DIRECTION('center_axis',(-4.74983808898412E-17,-1.,0.));
#3994=DIRECTION('ref_axis',(-0.707106781186547,0.,0.707106781186548));
#3995=DIRECTION('',(4.74983808898412E-17,1.,0.));
#3996=DIRECTION('center_axis',(-0.707106781186547,-0.707106781186548,-1.83995210002005E-16));
#3997=DIRECTION('ref_axis',(0.707106781186548,-0.707106781186547,-1.83995210002006E-16));
#3998=DIRECTION('',(-4.74983808898412E-17,-1.,0.));
#3999=DIRECTION('center_axis',(1.,0.,0.));
#4000=DIRECTION('ref_axis',(0.,-0.707106781186547,0.707106781186548));
#4001=DIRECTION('',(-1.,0.,0.));
#4002=DIRECTION('',(1.,0.,0.));
#4003=DIRECTION('center_axis',(-0.707106781186545,-0.70710678118655,0.));
#4004=DIRECTION('ref_axis',(-0.70710678118655,0.707106781186545,0.));
#4005=DIRECTION('center_axis',(-1.,-4.67462326157962E-15,0.));
#4006=DIRECTION('ref_axis',(-3.92523114670943E-15,0.707106781186548,0.707106781186548));
#4007=DIRECTION('',(1.,4.67462326157962E-15,0.));
#4008=DIRECTION('center_axis',(-1.,-3.46944695195361E-16,0.));
#4009=DIRECTION('ref_axis',(0.,0.,1.));
#4010=DIRECTION('',(-1.,-4.67462326157962E-15,0.));
#4011=DIRECTION('center_axis',(0.,-1.,0.));
#4012=DIRECTION('ref_axis',(0.707106781186548,0.,0.707106781186548));
#4013=DIRECTION('',(0.,-1.,0.));
#4014=DIRECTION('',(0.,1.,0.));
#4015=DIRECTION('center_axis',(-0.707106781186547,-0.707106781186548,0.));
#4016=DIRECTION('ref_axis',(0.707106781186548,-0.707106781186547,0.));
#4017=DIRECTION('center_axis',(0.,0.,-1.));
#4018=DIRECTION('ref_axis',(-1.,0.,0.));
#4019=DIRECTION('center_axis',(0.,0.,1.));
#4020=DIRECTION('ref_axis',(0.707106781186547,-0.707106781186548,0.));
#4021=DIRECTION('center_axis',(0.,-1.,0.));
#4022=DIRECTION('ref_axis',(0.,0.,1.));
#4023=DIRECTION('center_axis',(0.,0.,-1.));
#4024=DIRECTION('ref_axis',(0.707106781186547,-0.707106781186548,0.));
#4025=DIRECTION('center_axis',(-1.,0.,0.));
#4026=DIRECTION('ref_axis',(0.,-0.707106781186547,0.707106781186548));
#4027=DIRECTION('',(-1.,0.,0.));
#4028=DIRECTION('',(1.,0.,0.));
#4029=DIRECTION('center_axis',(-0.707106781186547,0.707106781186548,0.));
#4030=DIRECTION('ref_axis',(-0.707106781186548,-0.707106781186547,0.));
#4031=DIRECTION('center_axis',(0.,-1.,0.));
#4032=DIRECTION('ref_axis',(-0.707106781186548,0.,0.707106781186548));
#4033=DIRECTION('',(0.,-1.,0.));
#4034=DIRECTION('',(0.,1.,0.));
#4035=DIRECTION('center_axis',(-0.707106781186548,-0.707106781186548,0.));
#4036=DIRECTION('ref_axis',(0.707106781186547,-0.707106781186547,0.));
#4037=DIRECTION('center_axis',(0.,1.,0.));
#4038=DIRECTION('ref_axis',(-0.707106781186548,0.,0.707106781186548));
#4039=DIRECTION('',(0.,1.,0.));
#4040=DIRECTION('',(0.,-1.,0.));
#4041=DIRECTION('center_axis',(-0.707106781186549,0.707106781186546,0.));
#4042=DIRECTION('ref_axis',(-0.707106781186546,-0.707106781186549,0.));
#4043=DIRECTION('center_axis',(-1.,0.,0.));
#4044=DIRECTION('ref_axis',(0.,0.707106781186548,0.707106781186548));
#4045=DIRECTION('',(-1.,0.,0.));
#4046=DIRECTION('',(1.,0.,0.));
#4047=DIRECTION('center_axis',(0.707106781186548,-0.707106781186548,0.));
#4048=DIRECTION('ref_axis',(0.707106781186547,0.707106781186547,0.));
#4049=DIRECTION('center_axis',(1.,0.,0.));
#4050=DIRECTION('ref_axis',(0.,-0.707106781186547,0.707106781186548));
#4051=DIRECTION('',(-1.,0.,0.));
#4052=DIRECTION('',(1.,0.,0.));
#4053=DIRECTION('center_axis',(0.707106781186548,0.707106781186548,0.));
#4054=DIRECTION('ref_axis',(-0.707106781186548,0.707106781186548,0.));
#4055=DIRECTION('center_axis',(0.,-1.,0.));
#4056=DIRECTION('ref_axis',(0.707106781186548,0.,0.707106781186548));
#4057=DIRECTION('',(0.,1.,0.));
#4058=DIRECTION('',(0.,-1.,0.));
#4059=DIRECTION('center_axis',(0.707106781186548,-0.707106781186548,0.));
#4060=DIRECTION('ref_axis',(0.707106781186547,0.707106781186547,0.));
#4061=DIRECTION('center_axis',(0.,1.,0.));
#4062=DIRECTION('ref_axis',(0.707106781186548,0.,0.707106781186548));
#4063=DIRECTION('',(0.,1.,0.));
#4064=DIRECTION('center_axis',(0.,1.,0.));
#4065=DIRECTION('ref_axis',(0.,0.,1.));
#4066=DIRECTION('',(0.,-1.,0.));
#4067=DIRECTION('center_axis',(1.,0.,0.));
#4068=DIRECTION('ref_axis',(0.,0.707106781186548,0.707106781186548));
#4069=DIRECTION('',(-1.,0.,0.));
#4070=DIRECTION('',(1.,0.,0.));
#4071=DIRECTION('center_axis',(0.707106781186548,0.707106781186548,0.));
#4072=DIRECTION('ref_axis',(-0.707106781186547,0.707106781186547,0.));
#4073=DIRECTION('center_axis',(0.,0.,-1.));
#4074=DIRECTION('ref_axis',(-1.,0.,0.));
#4075=DIRECTION('center_axis',(1.,0.,0.));
#4076=DIRECTION('ref_axis',(0.,0.,1.));
#4077=DIRECTION('center_axis',(0.,0.,1.));
#4078=DIRECTION('ref_axis',(-0.707106781186547,0.707106781186548,0.));
#4079=DIRECTION('center_axis',(0.,0.,-1.));
#4080=DIRECTION('ref_axis',(-0.707106781186547,0.707106781186548,0.));
#4081=DIRECTION('center_axis',(0.,1.,0.));
#4082=DIRECTION('ref_axis',(-0.707106781186548,0.,0.707106781186548));
#4083=DIRECTION('',(0.,-1.,0.));
#4084=DIRECTION('',(0.,1.,0.));
#4085=DIRECTION('center_axis',(-0.707106781186548,-0.707106781186548,0.));
#4086=DIRECTION('ref_axis',(0.707106781186547,-0.707106781186547,0.));
#4087=DIRECTION('center_axis',(1.,2.33731163078981E-15,0.));
#4088=DIRECTION('ref_axis',(0.,-0.707106781186547,0.707106781186548));
#4089=DIRECTION('',(-1.,-2.33731163078981E-15,0.));
#4090=DIRECTION('',(1.,2.33731163078981E-15,0.));
#4091=DIRECTION('center_axis',(0.707106781186546,0.707106781186549,9.81307786677361E-16));
#4092=DIRECTION('ref_axis',(-0.707106781186549,0.707106781186546,9.81307786677362E-16));
#4093=DIRECTION('center_axis',(-1.,0.,0.));
#4094=DIRECTION('ref_axis',(0.,0.707106781186548,0.707106781186548));
#4095=DIRECTION('',(-1.,0.,0.));
#4096=DIRECTION('',(1.,0.,0.));
#4097=DIRECTION('center_axis',(-0.707106781186548,0.707106781186548,0.));
#4098=DIRECTION('ref_axis',(-0.707106781186547,-0.707106781186547,0.));
#4099=DIRECTION('center_axis',(0.,1.,0.));
#4100=DIRECTION('ref_axis',(0.707106781186548,0.,0.707106781186548));
#4101=DIRECTION('',(0.,-1.,0.));
#4102=DIRECTION('',(0.,1.,0.));
#4103=DIRECTION('center_axis',(-0.707106781186549,0.707106781186547,0.));
#4104=DIRECTION('ref_axis',(-0.707106781186547,-0.707106781186548,0.));
#4105=DIRECTION('center_axis',(0.,1.,0.));
#4106=DIRECTION('ref_axis',(0.707106781186548,0.,0.707106781186548));
#4107=DIRECTION('',(0.,-1.,0.));
#4108=DIRECTION('center_axis',(0.,1.,0.));
#4109=DIRECTION('ref_axis',(0.,0.,1.));
#4110=DIRECTION('',(0.,1.,0.));
#4111=DIRECTION('center_axis',(1.,0.,0.));
#4112=DIRECTION('ref_axis',(0.,0.707106781186548,0.707106781186548));
#4113=DIRECTION('',(1.,0.,0.));
#4114=DIRECTION('',(-1.,0.,0.));
#4115=DIRECTION('center_axis',(0.707106781186548,-0.707106781186548,0.));
#4116=DIRECTION('ref_axis',(0.707106781186547,0.707106781186547,0.));
#4117=DIRECTION('center_axis',(0.,0.,-1.));
#4118=DIRECTION('ref_axis',(-1.,0.,0.));
#4119=DIRECTION('center_axis',(0.,0.,1.));
#4120=DIRECTION('ref_axis',(-0.707106781186547,-0.707106781186547,0.));
#4121=DIRECTION('center_axis',(0.,0.,-1.));
#4122=DIRECTION('ref_axis',(-0.707106781186547,-0.707106781186547,0.));
#4123=DIRECTION('center_axis',(0.,-1.,0.));
#4124=DIRECTION('ref_axis',(0.707106781186548,0.,0.707106781186548));
#4125=DIRECTION('center_axis',(0.,1.,0.));
#4126=DIRECTION('ref_axis',(0.707106781186548,0.,0.707106781186548));
#4127=DIRECTION('',(0.,-1.,0.));
#4128=DIRECTION('',(0.,1.,0.));
#4129=DIRECTION('center_axis',(-1.,0.,0.));
#4130=DIRECTION('ref_axis',(0.,-1.,0.));
#4131=DIRECTION('',(0.,0.,1.));
#4132=DIRECTION('',(0.,0.,1.));
#4133=DIRECTION('center_axis',(-2.33731163078981E-15,-1.,0.));
#4134=DIRECTION('ref_axis',(1.,-2.33731163078981E-15,0.));
#4135=DIRECTION('',(0.,0.,1.));
#4136=DIRECTION('center_axis',(0.,0.,1.));
#4137=DIRECTION('ref_axis',(-1.,0.,0.));
#4138=DIRECTION('',(0.,0.,1.));
#4139=DIRECTION('center_axis',(-1.,0.,0.));
#4140=DIRECTION('ref_axis',(0.,-1.,0.));
#4141=DIRECTION('',(0.,0.,1.));
#4142=DIRECTION('',(0.,1.,0.));
#4143=DIRECTION('center_axis',(0.,-1.,0.));
#4144=DIRECTION('ref_axis',(1.,0.,0.));
#4145=DIRECTION('',(0.,0.,-1.));
#4146=DIRECTION('center_axis',(0.,-1.,0.));
#4147=DIRECTION('ref_axis',(0.525731112118041,0.,0.850650808352715));
#4148=DIRECTION('',(-0.447213595502255,0.,0.894427190998767));
#4149=DIRECTION('',(-1.,0.,0.));
#4150=DIRECTION('',(-0.44721359550171,0.,-0.89442719099904));
#4151=DIRECTION('center_axis',(0.,-1.,0.));
#4152=DIRECTION('ref_axis',(-0.525731112118305,0.,0.850650808352552));
#4153=DIRECTION('center_axis',(1.,0.,0.));
#4154=DIRECTION('ref_axis',(0.,-1.,0.));
#4155=DIRECTION('',(0.,0.,-1.));
#4156=DIRECTION('',(0.,-1.,0.));
#4157=DIRECTION('',(0.,-0.707106781186548,-0.707106781186547));
#4158=DIRECTION('',(0.,0.,-1.));
#4159=DIRECTION('center_axis',(1.,0.,0.));
#4160=DIRECTION('ref_axis',(0.,-0.707106781186545,0.70710678118655));
#4161=DIRECTION('center_axis',(0.,-1.,0.));
#4162=DIRECTION('ref_axis',(-1.,0.,0.));
#4163=DIRECTION('',(0.,0.,-1.));
#4164=DIRECTION('',(-1.,0.,0.));
#4165=DIRECTION('center_axis',(-1.,0.,0.));
#4166=DIRECTION('ref_axis',(0.,1.,0.));
#4167=DIRECTION('',(0.,0.,1.));
#4168=DIRECTION('center_axis',(-1.,0.,0.));
#4169=DIRECTION('ref_axis',(0.,-0.707106781186545,0.70710678118655));
#4170=DIRECTION('',(0.,0.,-1.));
#4171=DIRECTION('',(0.,0.707106781186548,0.707106781186547));
#4172=DIRECTION('',(0.,1.,0.));
#4173=DIRECTION('center_axis',(0.,-1.,0.));
#4174=DIRECTION('ref_axis',(1.,0.,0.));
#4175=DIRECTION('',(0.,0.,1.));
#4176=DIRECTION('center_axis',(1.,0.,0.));
#4177=DIRECTION('ref_axis',(0.,1.,0.));
#4178=DIRECTION('',(0.,0.,1.));
#4179=DIRECTION('center_axis',(0.,0.,1.));
#4180=DIRECTION('ref_axis',(0.,-1.,0.));
#4181=DIRECTION('',(0.,0.,1.));
#4182=DIRECTION('center_axis',(4.67462326157962E-15,-1.,0.));
#4183=DIRECTION('ref_axis',(1.,4.67462326157962E-15,0.));
#4184=DIRECTION('',(0.,0.,1.));
#4185=DIRECTION('center_axis',(1.,-4.74983808898412E-17,0.));
#4186=DIRECTION('ref_axis',(4.74983808898412E-17,1.,0.));
#4187=DIRECTION('',(0.,0.,1.));
#4188=DIRECTION('center_axis',(4.67462326157962E-15,1.,0.));
#4189=DIRECTION('ref_axis',(-1.,4.67462326157962E-15,0.));
#4190=DIRECTION('',(0.,0.,1.));
#4191=DIRECTION('center_axis',(0.,0.,1.));
#4192=DIRECTION('ref_axis',(1.,0.,0.));
#4193=DIRECTION('',(0.,0.,1.));
#4194=DIRECTION('center_axis',(1.,0.,0.));
#4195=DIRECTION('ref_axis',(0.,1.,0.));
#4196=DIRECTION('',(0.,0.,1.));
#4197=DIRECTION('center_axis',(0.,1.,0.));
#4198=DIRECTION('ref_axis',(-1.,0.,0.));
#4199=DIRECTION('',(0.,0.,-1.));
#4200=DIRECTION('center_axis',(0.,0.,1.));
#4201=DIRECTION('ref_axis',(1.,0.,0.));
#4202=DIRECTION('center_axis',(0.,0.,1.));
#4203=DIRECTION('ref_axis',(-1.,0.,0.));
#4204=DIRECTION('center_axis',(-1.,0.,0.));
#4205=DIRECTION('ref_axis',(0.,-0.707106781186545,0.70710678118655));
#4206=DIRECTION('',(-1.,0.,0.));
#4207=DIRECTION('center_axis',(0.,1.,0.));
#4208=DIRECTION('ref_axis',(1.,0.,0.));
#4209=DIRECTION('',(1.,0.,0.));
#4210=DIRECTION('center_axis',(1.,-4.61992189883233E-33,0.));
#4211=DIRECTION('ref_axis',(0.,0.707106781186548,0.707106781186547));
#4212=DIRECTION('center_axis',(-1.,0.,0.));
#4213=DIRECTION('ref_axis',(0.,0.707106781186548,0.707106781186547));
#4214=DIRECTION('',(1.,-4.61992189883233E-33,0.));
#4215=DIRECTION('center_axis',(1.,0.,0.));
#4216=DIRECTION('ref_axis',(0.,0.707106781186548,0.707106781186547));
#4217=DIRECTION('center_axis',(-4.61992189883233E-33,-1.,0.));
#4218=DIRECTION('ref_axis',(-1.,4.61992189883233E-33,0.));
#4219=DIRECTION('',(0.,0.,-1.));
#4220=DIRECTION('',(-1.,4.61992189883233E-33,0.));
#4221=DIRECTION('',(0.,0.,-1.));
#4222=DIRECTION('center_axis',(1.,0.,0.));
#4223=DIRECTION('ref_axis',(0.,0.707106781186548,0.707106781186547));
#4224=DIRECTION('center_axis',(-1.,0.,0.));
#4225=DIRECTION('ref_axis',(0.,0.707106781186548,0.707106781186547));
#4226=DIRECTION('',(1.,0.,0.));
#4227=DIRECTION('center_axis',(1.,0.,0.));
#4228=DIRECTION('ref_axis',(0.,0.707106781186548,0.707106781186547));
#4229=DIRECTION('center_axis',(0.,-1.,0.));
#4230=DIRECTION('ref_axis',(-1.,0.,0.));
#4231=DIRECTION('',(0.,0.,-1.));
#4232=DIRECTION('',(-1.,0.,0.));
#4233=DIRECTION('',(0.,0.,-1.));
#4234=DIRECTION('center_axis',(0.,1.,0.));
#4235=DIRECTION('ref_axis',(-0.707106781186556,0.,0.707106781186539));
#4236=DIRECTION('center_axis',(0.,-1.,0.));
#4237=DIRECTION('ref_axis',(-0.707106781186556,0.,0.707106781186539));
#4238=DIRECTION('',(0.,1.,0.));
#4239=DIRECTION('center_axis',(0.,1.,0.));
#4240=DIRECTION('ref_axis',(-0.707106781186556,0.,0.707106781186539));
#4241=DIRECTION('center_axis',(1.,0.,0.));
#4242=DIRECTION('ref_axis',(0.,-1.,0.));
#4243=DIRECTION('',(0.,0.,-1.));
#4244=DIRECTION('',(0.,-1.,0.));
#4245=DIRECTION('',(0.,0.,-1.));
#4246=DIRECTION('center_axis',(0.707106781186547,0.,-0.707106781186548));
#4247=DIRECTION('ref_axis',(-0.707106781186548,0.,-0.707106781186547));
#4248=DIRECTION('',(-0.707106781186548,0.,-0.707106781186547));
#4249=DIRECTION('',(0.,1.,0.));
#4250=DIRECTION('',(0.707106781186548,0.,0.707106781186547));
#4251=DIRECTION('center_axis',(0.,1.,0.));
#4252=DIRECTION('ref_axis',(1.,0.,0.));
#4253=DIRECTION('',(1.,0.,0.));
#4254=DIRECTION('',(0.,0.,-1.));
#4255=DIRECTION('center_axis',(0.,0.,-1.));
#4256=DIRECTION('ref_axis',(-1.,0.,0.));
#4257=DIRECTION('',(-1.,0.,0.));
#4258=DIRECTION('',(0.,1.,0.));
#4259=DIRECTION('center_axis',(0.,0.707106781186547,-0.707106781186548));
#4260=DIRECTION('ref_axis',(-1.,0.,0.));
#4261=DIRECTION('',(-1.,0.,0.));
#4262=DIRECTION('center_axis',(0.,0.,-1.));
#4263=DIRECTION('ref_axis',(-1.,0.,0.));
#4264=DIRECTION('center_axis',(0.,-0.707106781186547,-0.707106781186548));
#4265=DIRECTION('ref_axis',(-1.,0.,0.));
#4266=DIRECTION('',(0.,0.707106781186548,-0.707106781186547));
#4267=DIRECTION('',(1.,0.,0.));
#4268=DIRECTION('',(0.,-0.707106781186548,0.707106781186547));
#4269=DIRECTION('center_axis',(1.,0.,0.));
#4270=DIRECTION('ref_axis',(0.,-1.,0.));
#4271=DIRECTION('',(0.,0.,1.));
#4272=DIRECTION('',(0.,-1.,0.));
#4273=DIRECTION('',(0.,0.,-1.));
#4274=DIRECTION('center_axis',(0.,0.,-1.));
#4275=DIRECTION('ref_axis',(-1.,0.,0.));
#4276=DIRECTION('',(0.,1.,0.));
#4277=DIRECTION('',(1.,0.,0.));
#4278=DIRECTION('center_axis',(-3.26677810321657E-33,-0.707106781186547,
-0.707106781186548));
#4279=DIRECTION('ref_axis',(-1.,0.,4.61992189883233E-33));
#4280=DIRECTION('',(0.,0.707106781186548,-0.707106781186547));
#4281=DIRECTION('',(1.,-4.61992189883233E-33,0.));
#4282=DIRECTION('',(0.,-0.707106781186548,0.707106781186547));
#4283=DIRECTION('center_axis',(1.,0.,0.));
#4284=DIRECTION('ref_axis',(0.,-1.,0.));
#4285=DIRECTION('',(0.,0.,1.));
#4286=DIRECTION('',(0.,-1.,0.));
#4287=DIRECTION('',(0.,0.,-1.));
#4288=DIRECTION('center_axis',(0.,0.,-1.));
#4289=DIRECTION('ref_axis',(-1.,0.,0.));
#4290=DIRECTION('',(0.,1.,0.));
#4291=DIRECTION('',(1.,0.,0.));
#4292=DIRECTION('center_axis',(0.,1.,0.));
#4293=DIRECTION('ref_axis',(1.,0.,0.));
#4294=DIRECTION('',(0.,0.,-1.));
#4295=DIRECTION('center_axis',(-1.,0.,0.));
#4296=DIRECTION('ref_axis',(0.,1.,0.));
#4297=DIRECTION('center_axis',(0.,1.,0.));
#4298=DIRECTION('ref_axis',(-1.,0.,0.));
#4299=DIRECTION('',(0.,0.,-1.));
#4300=DIRECTION('center_axis',(-1.,0.,0.));
#4301=DIRECTION('ref_axis',(0.,1.,0.));
#4302=DIRECTION('',(0.,0.,-1.));
#4303=DIRECTION('center_axis',(0.,-1.,0.));
#4304=DIRECTION('ref_axis',(-1.,0.,0.));
#4305=DIRECTION('',(0.,0.,-1.));
#4306=DIRECTION('center_axis',(-1.,0.,0.));
#4307=DIRECTION('ref_axis',(0.,-1.,0.));
#4308=DIRECTION('',(0.,0.,1.));
#4309=DIRECTION('center_axis',(0.,1.,0.));
#4310=DIRECTION('ref_axis',(1.,0.,0.));
#4311=DIRECTION('',(0.,0.,-1.));
#4312=DIRECTION('center_axis',(-1.,0.,0.));
#4313=DIRECTION('ref_axis',(0.,1.,0.));
#4314=DIRECTION('center_axis',(0.,1.,0.));
#4315=DIRECTION('ref_axis',(-1.,0.,0.));
#4316=DIRECTION('',(0.,0.,1.));
#4317=DIRECTION('center_axis',(0.,1.,0.));
#4318=DIRECTION('ref_axis',(-0.525731112118305,0.,0.850650808352552));
#4319=DIRECTION('',(0.,1.,0.));
#4320=DIRECTION('center_axis',(0.,1.,0.));
#4321=DIRECTION('ref_axis',(-0.525731112118305,0.,0.850650808352552));
#4322=DIRECTION('center_axis',(0.89442719099904,0.,-0.44721359550171));
#4323=DIRECTION('ref_axis',(0.44721359550171,0.,0.89442719099904));
#4324=DIRECTION('',(0.,-1.,0.));
#4325=DIRECTION('',(-0.44721359550171,0.,-0.89442719099904));
#4326=DIRECTION('center_axis',(0.,-1.,0.));
#4327=DIRECTION('ref_axis',(0.525731112118041,0.,0.850650808352715));
#4328=DIRECTION('center_axis',(0.,1.,0.));
#4329=DIRECTION('ref_axis',(0.525731112118041,0.,0.850650808352715));
#4330=DIRECTION('',(0.,-1.,0.));
#4331=DIRECTION('center_axis',(0.,0.,-1.));
#4332=DIRECTION('ref_axis',(1.,0.,0.));
#4333=DIRECTION('',(0.,-1.,0.));
#4334=DIRECTION('',(-1.,0.,0.));
#4335=DIRECTION('center_axis',(-0.894427190998767,0.,-0.447213595502255));
#4336=DIRECTION('ref_axis',(0.447213595502255,0.,-0.894427190998767));
#4337=DIRECTION('',(-0.447213595502255,0.,0.894427190998767));
#4338=DIRECTION('center_axis',(-0.894427190999915,0.44721359549996,0.));
#4339=DIRECTION('ref_axis',(0.44721359549996,0.894427190999915,0.));
#4340=DIRECTION('',(0.44721359549996,0.894427190999915,0.));
#4341=DIRECTION('',(0.,0.,-1.));
#4342=DIRECTION('',(0.44721359549996,0.894427190999915,0.));
#4343=DIRECTION('',(0.,0.,-1.));
#4344=DIRECTION('center_axis',(-2.96059473233375E-15,-1.,0.));
#4345=DIRECTION('ref_axis',(-1.,2.96059473233375E-15,0.));
#4346=DIRECTION('',(-1.,2.96059473233375E-15,0.));
#4347=DIRECTION('',(0.,0.,-1.));
#4348=DIRECTION('',(-1.,2.96059473233375E-15,0.));
#4349=DIRECTION('center_axis',(0.894427190999918,0.447213595499955,0.));
#4350=DIRECTION('ref_axis',(0.447213595499955,-0.894427190999917,0.));
#4351=DIRECTION('',(0.447213595499955,-0.894427190999917,0.));
#4352=DIRECTION('',(0.447213595499955,-0.894427190999917,0.));
#4353=DIRECTION('center_axis',(0.,0.,-1.));
#4354=DIRECTION('ref_axis',(-1.,0.,0.));
#4355=DIRECTION('center_axis',(0.,0.,1.));
#4356=DIRECTION('ref_axis',(-1.,0.,0.));
#4357=DIRECTION('center_axis',(0.,0.,1.));
#4358=DIRECTION('ref_axis',(-1.,0.,0.));
#4359=DIRECTION('',(-0.707106781186547,-8.65956056235493E-17,-0.707106781186548));
#4360=DIRECTION('center_axis',(0.,0.,-1.));
#4361=DIRECTION('ref_axis',(-1.,0.,0.));
#4362=DIRECTION('center_axis',(0.,0.,1.));
#4363=DIRECTION('ref_axis',(1.,0.,0.));
#4364=DIRECTION('',(0.,-1.,0.));
#4365=DIRECTION('center_axis',(0.,0.,-1.));
#4366=DIRECTION('ref_axis',(0.707106781186547,0.707106781186547,0.));
#4367=DIRECTION('',(1.,0.,0.));
#4368=DIRECTION('center_axis',(0.,0.,-1.));
#4369=DIRECTION('ref_axis',(-0.707106781186548,0.707106781186547,0.));
#4370=DIRECTION('',(0.,1.,0.));
#4371=DIRECTION('center_axis',(0.,0.,-1.));
#4372=DIRECTION('ref_axis',(-0.707106781186548,-0.707106781186547,0.));
#4373=DIRECTION('',(-1.,0.,0.));
#4374=DIRECTION('center_axis',(0.,0.,-1.));
#4375=DIRECTION('ref_axis',(0.707106781186547,-0.707106781186548,0.));
#4376=DIRECTION('center_axis',(0.,0.,-1.));
#4377=DIRECTION('ref_axis',(-1.,0.,0.));
#4378=DIRECTION('',(0.,0.,-1.));
#4379=DIRECTION('center_axis',(0.707106781186547,0.,0.707106781186548));
#4380=DIRECTION('ref_axis',(0.707106781186548,0.,-0.707106781186547));
#4381=DIRECTION('',(-0.707106781186548,0.,0.707106781186547));
#4382=DIRECTION('',(0.707106781186548,0.,-0.707106781186547));
#4383=DIRECTION('',(0.,1.,0.));
#4384=DIRECTION('center_axis',(0.,0.,-1.));
#4385=DIRECTION('ref_axis',(0.707106781186548,0.707106781186548,0.));
#4386=DIRECTION('center_axis',(0.,0.,1.));
#4387=DIRECTION('ref_axis',(0.707106781186547,0.707106781186547,0.));
#4388=DIRECTION('',(0.,-0.707106781186546,0.707106781186549));
#4389=DIRECTION('center_axis',(0.,0.707106781186547,0.707106781186548));
#4390=DIRECTION('ref_axis',(1.,0.,0.));
#4391=DIRECTION('',(-1.57009245868377E-15,-0.707106781186548,0.707106781186547));
#4392=DIRECTION('',(-1.,0.,0.));
#4393=DIRECTION('center_axis',(0.,0.,-1.));
#4394=DIRECTION('ref_axis',(-0.707106781186548,0.707106781186547,0.));
#4395=DIRECTION('center_axis',(0.,0.,1.));
#4396=DIRECTION('ref_axis',(-0.707106781186548,0.707106781186547,0.));
#4397=DIRECTION('',(0.707106781186547,0.,0.707106781186548));
#4398=DIRECTION('center_axis',(-0.707106781186548,0.,0.707106781186548));
#4399=DIRECTION('ref_axis',(0.707106781186548,0.,0.707106781186548));
#4400=DIRECTION('',(0.707106781186547,1.57009245868378E-15,0.707106781186547));
#4401=DIRECTION('center_axis',(0.,0.,-1.));
#4402=DIRECTION('ref_axis',(-0.707106781186548,-0.707106781186547,0.));
#4403=DIRECTION('center_axis',(0.,0.,1.));
#4404=DIRECTION('ref_axis',(-0.707106781186548,-0.707106781186547,0.));
#4405=DIRECTION('',(0.,0.707106781186547,0.707106781186548));
#4406=DIRECTION('center_axis',(0.,-0.707106781186548,0.707106781186547));
#4407=DIRECTION('ref_axis',(1.,0.,0.));
#4408=DIRECTION('',(0.,0.707106781186547,0.707106781186548));
#4409=DIRECTION('',(1.,0.,0.));
#4410=DIRECTION('center_axis',(0.,0.,-1.));
#4411=DIRECTION('ref_axis',(0.707106781186547,-0.707106781186548,0.));
#4412=DIRECTION('center_axis',(0.,0.,1.));
#4413=DIRECTION('ref_axis',(0.707106781186547,-0.707106781186548,0.));
#4414=DIRECTION('center_axis',(0.,0.,1.));
#4415=DIRECTION('ref_axis',(-0.707106781186548,0.707106781186547,0.));
#4416=DIRECTION('',(0.,0.,-1.));
#4417=DIRECTION('center_axis',(0.,1.,0.));
#4418=DIRECTION('ref_axis',(-1.,0.,0.));
#4419=DIRECTION('',(0.,0.,1.));
#4420=DIRECTION('center_axis',(0.,0.,1.));
#4421=DIRECTION('ref_axis',(0.707106781186548,0.707106781186548,0.));
#4422=DIRECTION('',(0.,0.,-1.));
#4423=DIRECTION('center_axis',(1.,0.,0.));
#4424=DIRECTION('ref_axis',(0.,1.,0.));
#4425=DIRECTION('',(0.,0.,1.));
#4426=DIRECTION('center_axis',(0.,0.,1.));
#4427=DIRECTION('ref_axis',(-0.707106781186548,-0.707106781186547,0.));
#4428=DIRECTION('',(0.,0.,1.));
#4429=DIRECTION('center_axis',(0.,-1.,0.));
#4430=DIRECTION('ref_axis',(1.,0.,0.));
#4431=DIRECTION('',(0.,0.,-1.));
#4432=DIRECTION('center_axis',(0.,0.,1.));
#4433=DIRECTION('ref_axis',(0.707106781186547,-0.707106781186548,0.));
#4434=DIRECTION('center_axis',(0.,0.,1.));
#4435=DIRECTION('ref_axis',(1.,0.,0.));
#4436=DIRECTION('center_axis',(0.,0.,-1.));
#4437=DIRECTION('ref_axis',(-1.,0.,0.));
#4438=DIRECTION('center_axis',(0.,0.,1.));
#4439=DIRECTION('ref_axis',(1.,0.,0.));
#4440=DIRECTION('center_axis',(0.,0.,-1.));
#4441=DIRECTION('ref_axis',(-1.,0.,0.));
#4442=DIRECTION('center_axis',(0.,0.,1.));
#4443=DIRECTION('ref_axis',(1.,0.,0.));
#4444=DIRECTION('center_axis',(0.,0.,-1.));
#4445=DIRECTION('ref_axis',(-1.,0.,0.));
#4446=DIRECTION('center_axis',(0.,0.,1.));
#4447=DIRECTION('ref_axis',(1.,0.,0.));
#4448=DIRECTION('center_axis',(0.,0.,-1.));
#4449=DIRECTION('ref_axis',(-1.,0.,0.));
#4450=DIRECTION('center_axis',(-1.,0.,0.));
#4451=DIRECTION('ref_axis',(0.,-1.,0.));
#4452=DIRECTION('',(0.,0.,1.));
#4453=DIRECTION('center_axis',(0.,0.,1.));
#4454=DIRECTION('ref_axis',(-1.,0.,0.));
#4455=DIRECTION('',(0.,0.,-1.));
#4456=DIRECTION('center_axis',(0.,0.,1.));
#4457=DIRECTION('ref_axis',(-1.,0.,0.));
#4458=DIRECTION('',(0.,0.,-1.));
#4459=DIRECTION('center_axis',(0.,0.,1.));
#4460=DIRECTION('ref_axis',(-1.,0.,0.));
#4461=DIRECTION('',(0.,0.,-1.));
#4462=DIRECTION('center_axis',(0.,0.,1.));
#4463=DIRECTION('ref_axis',(0.,1.,0.));
#4464=DIRECTION('',(0.,0.,1.));
#4465=DIRECTION('center_axis',(-2.33731163078981E-15,1.,0.));
#4466=DIRECTION('ref_axis',(-1.,-2.33731163078981E-15,0.));
#4467=DIRECTION('center_axis',(0.,0.,1.));
#4468=DIRECTION('ref_axis',(-1.,0.,0.));
#4469=DIRECTION('',(0.,0.,-1.));
#4470=CARTESIAN_POINT('',(0.,0.,0.));
#4471=CARTESIAN_POINT('Ctrl Pts',(-2.00000000000001,32.5741471990943,2.72137560036721));
#4472=CARTESIAN_POINT('Ctrl Pts',(-1.20000000000001,32.5741471990943,2.72137560036721));
#4473=CARTESIAN_POINT('Ctrl Pts',(-2.00000000000001,32.6828867303671,2.74193759187655));
#4474=CARTESIAN_POINT('Ctrl Pts',(-1.20000000000001,32.6828867303671,2.74193759187655));
#4475=CARTESIAN_POINT('Ctrl Pts',(-2.00000000000001,32.978202049119,2.79777994291189));
#4476=CARTESIAN_POINT('Ctrl Pts',(-1.20000000000001,32.978202049119,2.79777994291189));
#4477=CARTESIAN_POINT('Ctrl Pts',(-2.00000000000001,33.2792456952886,2.79485001206409));
#4478=CARTESIAN_POINT('Ctrl Pts',(-1.20000000000001,33.2792456952886,2.79485001206409));
#4479=CARTESIAN_POINT('Ctrl Pts',(-2.00000000000001,33.4694405540824,2.79299892571511));
#4480=CARTESIAN_POINT('Ctrl Pts',(-1.20000000000001,33.4694405540824,2.79299892571511));
#4481=CARTESIAN_POINT('',(-2.00000000000001,32.5741471990943,2.72137560036721));
#4482=CARTESIAN_POINT('',(-2.00000000000001,33.4694405540824,2.79299892571511));
#4483=CARTESIAN_POINT('Ctrl Pts',(-2.00000000000001,32.5741471990943,2.72137560036721));
#4484=CARTESIAN_POINT('Ctrl Pts',(-2.00000000000001,32.6828867303671,2.74193759187655));
#4485=CARTESIAN_POINT('Ctrl Pts',(-2.00000000000001,32.978202049119,2.79777994291189));
#4486=CARTESIAN_POINT('Ctrl Pts',(-2.00000000000001,33.2792456952886,2.79485001206409));
#4487=CARTESIAN_POINT('Ctrl Pts',(-2.00000000000001,33.4694405540824,2.79299892571511));
#4488=CARTESIAN_POINT('',(-1.20000000000001,32.5741471990943,2.72137560036721));
#4489=CARTESIAN_POINT('',(-2.00000000000001,32.5741471990943,2.72137560036721));
#4490=CARTESIAN_POINT('',(-1.20000000000001,33.4694405540824,2.79299892571511));
#4491=CARTESIAN_POINT('Ctrl Pts',(-1.20000000000001,32.5741471990943,2.72137560036721));
#4492=CARTESIAN_POINT('Ctrl Pts',(-1.20000000000001,32.6828867303671,2.74193759187655));
#4493=CARTESIAN_POINT('Ctrl Pts',(-1.20000000000001,32.978202049119,2.79777994291189));
#4494=CARTESIAN_POINT('Ctrl Pts',(-1.20000000000001,33.2792456952886,2.79485001206409));
#4495=CARTESIAN_POINT('Ctrl Pts',(-1.20000000000001,33.4694405540824,2.79299892571511));
#4496=CARTESIAN_POINT('',(-2.00000000000001,33.4694405540824,2.79299892571511));
#4497=CARTESIAN_POINT('Ctrl Pts',(-2.00000000000001,32.2586630925536,2.49286271718087));
#4498=CARTESIAN_POINT('Ctrl Pts',(-1.20000000000001,32.2586630925536,2.49286271718087));
#4499=CARTESIAN_POINT('Ctrl Pts',(-2.00000000000001,32.3002524974199,2.54199643034584));
#4500=CARTESIAN_POINT('Ctrl Pts',(-1.20000000000001,32.3002524974199,2.54199643034584));
#4501=CARTESIAN_POINT('Ctrl Pts',(-2.00000000000001,32.3865288357404,2.64392327622378));
#4502=CARTESIAN_POINT('Ctrl Pts',(-1.20000000000001,32.3865288357404,2.64392327622378));
#4503=CARTESIAN_POINT('Ctrl Pts',(-2.00000000000001,32.5101285684938,2.69494752776358));
#4504=CARTESIAN_POINT('Ctrl Pts',(-1.20000000000001,32.5101285684938,2.69494752776358));
#4505=CARTESIAN_POINT('Ctrl Pts',(-2.00000000000001,32.5741471990943,2.72137560036721));
#4506=CARTESIAN_POINT('Ctrl Pts',(-1.20000000000001,32.5741471990943,2.72137560036721));
#4507=CARTESIAN_POINT('',(-2.00000000000001,32.2586630925536,2.49286271718087));
#4508=CARTESIAN_POINT('Ctrl Pts',(-2.00000000000001,32.2586630925536,2.49286271718087));
#4509=CARTESIAN_POINT('Ctrl Pts',(-2.00000000000001,32.3002524974199,2.54199643034584));
#4510=CARTESIAN_POINT('Ctrl Pts',(-2.00000000000001,32.3865288357404,2.64392327622378));
#4511=CARTESIAN_POINT('Ctrl Pts',(-2.00000000000001,32.5101285684938,2.69494752776358));
#4512=CARTESIAN_POINT('Ctrl Pts',(-2.00000000000001,32.5741471990943,2.72137560036721));
#4513=CARTESIAN_POINT('',(-1.20000000000001,32.2586630925536,2.49286271718087));
#4514=CARTESIAN_POINT('',(-2.00000000000001,32.2586630925536,2.49286271718087));
#4515=CARTESIAN_POINT('Ctrl Pts',(-1.20000000000001,32.2586630925536,2.49286271718087));
#4516=CARTESIAN_POINT('Ctrl Pts',(-1.20000000000001,32.3002524974199,2.54199643034584));
#4517=CARTESIAN_POINT('Ctrl Pts',(-1.20000000000001,32.3865288357404,2.64392327622378));
#4518=CARTESIAN_POINT('Ctrl Pts',(-1.20000000000001,32.5101285684938,2.69494752776358));
#4519=CARTESIAN_POINT('Ctrl Pts',(-1.20000000000001,32.5741471990943,2.72137560036721));
#4520=CARTESIAN_POINT('Ctrl Pts',(-2.00000000000001,32.1495225176215,2.11087085393013));
#4521=CARTESIAN_POINT('Ctrl Pts',(-1.20000000000001,32.1495225176215,2.11087085393013));
#4522=CARTESIAN_POINT('Ctrl Pts',(-2.00000000000001,32.1532196948824,2.18180263218143));
#4523=CARTESIAN_POINT('Ctrl Pts',(-1.20000000000001,32.1532196948824,2.18180263218143));
#4524=CARTESIAN_POINT('Ctrl Pts',(-2.00000000000001,32.1603041216088,2.3177201038421));
#4525=CARTESIAN_POINT('Ctrl Pts',(-1.20000000000001,32.1603041216088,2.3177201038421));
#4526=CARTESIAN_POINT('Ctrl Pts',(-2.00000000000001,32.2268471381974,2.43620973130391));
#4527=CARTESIAN_POINT('Ctrl Pts',(-1.20000000000001,32.2268471381974,2.43620973130391));
#4528=CARTESIAN_POINT('Ctrl Pts',(-2.00000000000001,32.2586630925536,2.49286271718087));
#4529=CARTESIAN_POINT('Ctrl Pts',(-1.20000000000001,32.2586630925536,2.49286271718087));
#4530=CARTESIAN_POINT('',(-2.00000000000001,32.1495225176215,2.11087085393013));
#4531=CARTESIAN_POINT('Ctrl Pts',(-2.00000000000001,32.1495225176215,2.11087085393013));
#4532=CARTESIAN_POINT('Ctrl Pts',(-2.00000000000001,32.1532196948824,2.18180263218143));
#4533=CARTESIAN_POINT('Ctrl Pts',(-2.00000000000001,32.1603041216088,2.3177201038421));
#4534=CARTESIAN_POINT('Ctrl Pts',(-2.00000000000001,32.2268471381974,2.43620973130391));
#4535=CARTESIAN_POINT('Ctrl Pts',(-2.00000000000001,32.2586630925536,2.49286271718087));
#4536=CARTESIAN_POINT('',(-1.20000000000001,32.1495225176215,2.11087085393013));
#4537=CARTESIAN_POINT('',(-2.00000000000001,32.1495225176215,2.11087085393013));
#4538=CARTESIAN_POINT('Ctrl Pts',(-1.20000000000001,32.1495225176215,2.11087085393013));
#4539=CARTESIAN_POINT('Ctrl Pts',(-1.20000000000001,32.1532196948824,2.18180263218143));
#4540=CARTESIAN_POINT('Ctrl Pts',(-1.20000000000001,32.1603041216088,2.3177201038421));
#4541=CARTESIAN_POINT('Ctrl Pts',(-1.20000000000001,32.2268471381974,2.43620973130391));
#4542=CARTESIAN_POINT('Ctrl Pts',(-1.20000000000001,32.2586630925536,2.49286271718087));
#4543=CARTESIAN_POINT('Ctrl Pts',(-2.00000000000001,32.2910641774535,1.68624557641091));
#4544=CARTESIAN_POINT('Ctrl Pts',(-1.20000000000001,32.2910641774535,1.68624557641091));
#4545=CARTESIAN_POINT('Ctrl Pts',(-2.00000000000001,32.2498234800993,1.7460357723926));
#4546=CARTESIAN_POINT('Ctrl Pts',(-1.20000000000001,32.2498234800993,1.7460357723926));
#4547=CARTESIAN_POINT('Ctrl Pts',(-2.00000000000001,32.1619213190283,1.87347511689524));
#4548=CARTESIAN_POINT('Ctrl Pts',(-1.20000000000001,32.1619213190283,1.87347511689524));
#4549=CARTESIAN_POINT('Ctrl Pts',(-2.00000000000001,32.1538219426919,2.02855118851055));
#4550=CARTESIAN_POINT('Ctrl Pts',(-1.20000000000001,32.1538219426919,2.02855118851055));
#4551=CARTESIAN_POINT('Ctrl Pts',(-2.00000000000001,32.1495225176215,2.11087085393013));
#4552=CARTESIAN_POINT('Ctrl Pts',(-1.20000000000001,32.1495225176215,2.11087085393013));
#4553=CARTESIAN_POINT('',(-2.00000000000001,32.2910641774535,1.68624557641091));
#4554=CARTESIAN_POINT('Ctrl Pts',(-2.00000000000001,32.2910641774535,1.68624557641091));
#4555=CARTESIAN_POINT('Ctrl Pts',(-2.00000000000001,32.2498234800993,1.7460357723926));
#4556=CARTESIAN_POINT('Ctrl Pts',(-2.00000000000001,32.1619213190283,1.87347511689524));
#4557=CARTESIAN_POINT('Ctrl Pts',(-2.00000000000001,32.1538219426919,2.02855118851055));
#4558=CARTESIAN_POINT('Ctrl Pts',(-2.00000000000001,32.1495225176215,2.11087085393013));
#4559=CARTESIAN_POINT('',(-1.20000000000001,32.2910641774535,1.68624557641091));
#4560=CARTESIAN_POINT('',(-2.00000000000001,32.2910641774535,1.68624557641091));
#4561=CARTESIAN_POINT('Ctrl Pts',(-1.20000000000001,32.2910641774535,1.68624557641091));
#4562=CARTESIAN_POINT('Ctrl Pts',(-1.20000000000001,32.2498234800993,1.7460357723926));
#4563=CARTESIAN_POINT('Ctrl Pts',(-1.20000000000001,32.1619213190283,1.87347511689524));
#4564=CARTESIAN_POINT('Ctrl Pts',(-1.20000000000001,32.1538219426919,2.02855118851055));
#4565=CARTESIAN_POINT('Ctrl Pts',(-1.20000000000001,32.1495225176215,2.11087085393013));
#4566=CARTESIAN_POINT('Ctrl Pts',(-2.00000000000001,32.6577078446746,1.48672320035042));
#4567=CARTESIAN_POINT('Ctrl Pts',(-1.20000000000001,32.6577078446746,1.48672320035042));
#4568=CARTESIAN_POINT('Ctrl Pts',(-2.00000000000001,32.5866482946677,1.50472367288393));
#4569=CARTESIAN_POINT('Ctrl Pts',(-1.20000000000001,32.5866482946677,1.50472367288393));
#4570=CARTESIAN_POINT('Ctrl Pts',(-2.00000000000001,32.4473102448019,1.54002013534728));
#4571=CARTESIAN_POINT('Ctrl Pts',(-1.20000000000001,32.4473102448019,1.54002013534728));
#4572=CARTESIAN_POINT('Ctrl Pts',(-2.00000000000001,32.3424485545735,1.63815666553039));
#4573=CARTESIAN_POINT('Ctrl Pts',(-1.20000000000001,32.3424485545735,1.63815666553039));
#4574=CARTESIAN_POINT('Ctrl Pts',(-2.00000000000001,32.2910641774535,1.68624557641091));
#4575=CARTESIAN_POINT('Ctrl Pts',(-1.20000000000001,32.2910641774535,1.68624557641091));
#4576=CARTESIAN_POINT('',(-2.00000000000001,32.6577078446746,1.48672320035042));
#4577=CARTESIAN_POINT('Ctrl Pts',(-2.00000000000001,32.6577078446746,1.48672320035042));
#4578=CARTESIAN_POINT('Ctrl Pts',(-2.00000000000001,32.5866482946677,1.50472367288393));
#4579=CARTESIAN_POINT('Ctrl Pts',(-2.00000000000001,32.4473102448019,1.54002013534728));
#4580=CARTESIAN_POINT('Ctrl Pts',(-2.00000000000001,32.3424485545735,1.63815666553039));
#4581=CARTESIAN_POINT('Ctrl Pts',(-2.00000000000001,32.2910641774535,1.68624557641091));
#4582=CARTESIAN_POINT('',(-1.20000000000001,32.6577078446746,1.48672320035042));
#4583=CARTESIAN_POINT('',(-2.00000000000001,32.6577078446746,1.48672320035042));
#4584=CARTESIAN_POINT('Ctrl Pts',(-1.20000000000001,32.6577078446746,1.48672320035042));
#4585=CARTESIAN_POINT('Ctrl Pts',(-1.20000000000001,32.5866482946677,1.50472367288393));
#4586=CARTESIAN_POINT('Ctrl Pts',(-1.20000000000001,32.4473102448019,1.54002013534728));
#4587=CARTESIAN_POINT('Ctrl Pts',(-1.20000000000001,32.3424485545735,1.63815666553039));
#4588=CARTESIAN_POINT('Ctrl Pts',(-1.20000000000001,32.2910641774535,1.68624557641091));
#4589=CARTESIAN_POINT('Ctrl Pts',(-2.00000000000001,33.3500682458281,1.45602740433754));
#4590=CARTESIAN_POINT('Ctrl Pts',(-1.20000000000001,33.3500682458281,1.45602740433754));
#4591=CARTESIAN_POINT('Ctrl Pts',(-2.00000000000001,33.2012209163296,1.45496104962774));
#4592=CARTESIAN_POINT('Ctrl Pts',(-1.20000000000001,33.2012209163296,1.45496104962774));
#4593=CARTESIAN_POINT('Ctrl Pts',(-2.00000000000001,32.9697773483524,1.45330296856175));
#4594=CARTESIAN_POINT('Ctrl Pts',(-1.20000000000001,32.9697773483524,1.45330296856175));
#4595=CARTESIAN_POINT('Ctrl Pts',(-2.00000000000001,32.7397858698733,1.47793327825111));
#4596=CARTESIAN_POINT('Ctrl Pts',(-1.20000000000001,32.7397858698733,1.47793327825111));
#4597=CARTESIAN_POINT('Ctrl Pts',(-2.00000000000001,32.6577078446746,1.48672320035042));
#4598=CARTESIAN_POINT('Ctrl Pts',(-1.20000000000001,32.6577078446746,1.48672320035042));
#4599=CARTESIAN_POINT('',(-2.00000000000001,33.3500682458281,1.45602740433754));
#4600=CARTESIAN_POINT('Ctrl Pts',(-2.00000000000001,33.3500682458281,1.45602740433754));
#4601=CARTESIAN_POINT('Ctrl Pts',(-2.00000000000001,33.2012209163296,1.45496104962774));
#4602=CARTESIAN_POINT('Ctrl Pts',(-2.00000000000001,32.9697773483524,1.45330296856175));
#4603=CARTESIAN_POINT('Ctrl Pts',(-2.00000000000001,32.7397858698733,1.47793327825111));
#4604=CARTESIAN_POINT('Ctrl Pts',(-2.00000000000001,32.6577078446746,1.48672320035042));
#4605=CARTESIAN_POINT('',(-1.20000000000001,33.3500682458281,1.45602740433754));
#4606=CARTESIAN_POINT('',(-2.00000000000001,33.3500682458281,1.45602740433754));
#4607=CARTESIAN_POINT('Ctrl Pts',(-1.20000000000001,33.3500682458281,1.45602740433754));
#4608=CARTESIAN_POINT('Ctrl Pts',(-1.20000000000001,33.2012209163296,1.45496104962774));
#4609=CARTESIAN_POINT('Ctrl Pts',(-1.20000000000001,32.9697773483524,1.45330296856175));
#4610=CARTESIAN_POINT('Ctrl Pts',(-1.20000000000001,32.7397858698733,1.47793327825111));
#4611=CARTESIAN_POINT('Ctrl Pts',(-1.20000000000001,32.6577078446746,1.48672320035042));
#4612=CARTESIAN_POINT('Origin',(-2.00000000000001,34.2845838412642,1.45602740433754));
#4613=CARTESIAN_POINT('',(-2.00000000000001,34.2845838412642,1.45602740433754));
#4614=CARTESIAN_POINT('',(-2.00000000000001,51.3422919206321,1.45602740433755));
#4615=CARTESIAN_POINT('',(-1.20000000000001,34.2845838412642,1.45602740433754));
#4616=CARTESIAN_POINT('',(-2.00000000000001,34.2845838412642,1.45602740433754));
#4617=CARTESIAN_POINT('',(-1.20000000000001,34.2845838412642,1.45602740433754));
#4618=CARTESIAN_POINT('Origin',(-2.00000000000001,34.2845838412642,2.79299892571511));
#4619=CARTESIAN_POINT('',(-2.00000000000001,34.2845838412642,2.79299892571511));
#4620=CARTESIAN_POINT('',(-2.00000000000001,34.2845838412642,2.19649946285755));
#4621=CARTESIAN_POINT('',(-1.20000000000001,34.2845838412642,2.79299892571511));
#4622=CARTESIAN_POINT('',(-2.00000000000001,34.2845838412642,2.79299892571511));
#4623=CARTESIAN_POINT('',(-1.20000000000001,34.2845838412642,2.79299892571511));
#4624=CARTESIAN_POINT('Origin',(-2.00000000000001,33.4694405540824,2.79299892571511));
#4625=CARTESIAN_POINT('',(-2.00000000000001,50.9347202770412,2.79299892571511));
#4626=CARTESIAN_POINT('',(-1.20000000000001,33.4694405540824,2.79299892571511));
#4627=CARTESIAN_POINT('Ctrl Pts',(-2.00000000000001,32.8418826207518,4.7643495359713));
#4628=CARTESIAN_POINT('Ctrl Pts',(-1.20000000000001,32.8418826207518,4.7643495359713));
#4629=CARTESIAN_POINT('Ctrl Pts',(-2.00000000000001,32.9387864138477,4.76920971943835));
#4630=CARTESIAN_POINT('Ctrl Pts',(-1.20000000000001,32.9387864138477,4.76920971943835));
#4631=CARTESIAN_POINT('Ctrl Pts',(-2.00000000000001,33.2261927003903,4.78362450380905));
#4632=CARTESIAN_POINT('Ctrl Pts',(-1.20000000000001,33.2261927003903,4.78362450380905));
#4633=CARTESIAN_POINT('Ctrl Pts',(-2.00000000000001,33.5140039646354,4.78228836219072));
#4634=CARTESIAN_POINT('Ctrl Pts',(-1.20000000000001,33.5140039646354,4.78228836219072));
#4635=CARTESIAN_POINT('Ctrl Pts',(-2.00000000000001,33.70477489084,4.78140272286476));
#4636=CARTESIAN_POINT('Ctrl Pts',(-1.20000000000001,33.70477489084,4.78140272286476));
#4637=CARTESIAN_POINT('',(-2.00000000000001,32.8418826207518,4.7643495359713));
#4638=CARTESIAN_POINT('',(-2.00000000000001,33.70477489084,4.78140272286476));
#4639=CARTESIAN_POINT('Ctrl Pts',(-2.00000000000001,32.8418826207518,4.7643495359713));
#4640=CARTESIAN_POINT('Ctrl Pts',(-2.00000000000001,32.9387864138477,4.76920971943835));
#4641=CARTESIAN_POINT('Ctrl Pts',(-2.00000000000001,33.2261927003903,4.78362450380905));
#4642=CARTESIAN_POINT('Ctrl Pts',(-2.00000000000001,33.5140039646354,4.78228836219072));
#4643=CARTESIAN_POINT('Ctrl Pts',(-2.00000000000001,33.70477489084,4.78140272286476));
#4644=CARTESIAN_POINT('',(-1.20000000000001,32.8418826207518,4.7643495359713));
#4645=CARTESIAN_POINT('',(-2.00000000000001,32.8418826207518,4.7643495359713));
#4646=CARTESIAN_POINT('',(-1.20000000000001,33.70477489084,4.78140272286476));
#4647=CARTESIAN_POINT('Ctrl Pts',(-1.20000000000001,32.8418826207518,4.7643495359713));
#4648=CARTESIAN_POINT('Ctrl Pts',(-1.20000000000001,32.9387864138477,4.76920971943835));
#4649=CARTESIAN_POINT('Ctrl Pts',(-1.20000000000001,33.2261927003903,4.78362450380905));
#4650=CARTESIAN_POINT('Ctrl Pts',(-1.20000000000001,33.5140039646354,4.78228836219072));
#4651=CARTESIAN_POINT('Ctrl Pts',(-1.20000000000001,33.70477489084,4.78140272286476));
#4652=CARTESIAN_POINT('',(-2.00000000000001,33.70477489084,4.78140272286476));
#4653=CARTESIAN_POINT('Ctrl Pts',(-2.00000000000001,32.4615960463881,4.58870150235237));
#4654=CARTESIAN_POINT('Ctrl Pts',(-1.20000000000001,32.4615960463881,4.58870150235237));
#4655=CARTESIAN_POINT('Ctrl Pts',(-2.00000000000001,32.5121881207488,4.63253883554838));
#4656=CARTESIAN_POINT('Ctrl Pts',(-1.20000000000001,32.5121881207488,4.63253883554838));
#4657=CARTESIAN_POINT('Ctrl Pts',(-2.00000000000001,32.6215876204028,4.72733198997837));
#4658=CARTESIAN_POINT('Ctrl Pts',(-1.20000000000001,32.6215876204028,4.72733198997837));
#4659=CARTESIAN_POINT('Ctrl Pts',(-2.00000000000001,32.7648644969168,4.75140769917592));
#4660=CARTESIAN_POINT('Ctrl Pts',(-1.20000000000001,32.7648644969168,4.75140769917592));
#4661=CARTESIAN_POINT('Ctrl Pts',(-2.00000000000001,32.8418826207518,4.7643495359713));
#4662=CARTESIAN_POINT('Ctrl Pts',(-1.20000000000001,32.8418826207518,4.7643495359713));
#4663=CARTESIAN_POINT('',(-2.00000000000001,32.4615960463881,4.58870150235237));
#4664=CARTESIAN_POINT('Ctrl Pts',(-2.00000000000001,32.4615960463881,4.58870150235237));
#4665=CARTESIAN_POINT('Ctrl Pts',(-2.00000000000001,32.5121881207488,4.63253883554838));
#4666=CARTESIAN_POINT('Ctrl Pts',(-2.00000000000001,32.6215876204028,4.72733198997837));
#4667=CARTESIAN_POINT('Ctrl Pts',(-2.00000000000001,32.7648644969168,4.75140769917592));
#4668=CARTESIAN_POINT('Ctrl Pts',(-2.00000000000001,32.8418826207518,4.7643495359713));
#4669=CARTESIAN_POINT('',(-1.20000000000001,32.4615960463881,4.58870150235237));
#4670=CARTESIAN_POINT('',(-2.00000000000001,32.4615960463881,4.58870150235237));
#4671=CARTESIAN_POINT('Ctrl Pts',(-1.20000000000001,32.4615960463881,4.58870150235237));
#4672=CARTESIAN_POINT('Ctrl Pts',(-1.20000000000001,32.5121881207488,4.63253883554838));
#4673=CARTESIAN_POINT('Ctrl Pts',(-1.20000000000001,32.6215876204028,4.72733198997837));
#4674=CARTESIAN_POINT('Ctrl Pts',(-1.20000000000001,32.7648644969168,4.75140769917592));
#4675=CARTESIAN_POINT('Ctrl Pts',(-1.20000000000001,32.8418826207518,4.7643495359713));
#4676=CARTESIAN_POINT('Ctrl Pts',(-2.00000000000001,32.3336969956755,4.21182580378594));
#4677=CARTESIAN_POINT('Ctrl Pts',(-1.20000000000001,32.3336969956755,4.21182580378594));
#4678=CARTESIAN_POINT('Ctrl Pts',(-2.00000000000001,32.3378745043435,4.28415352378075));
#4679=CARTESIAN_POINT('Ctrl Pts',(-1.20000000000001,32.3378745043435,4.28415352378075));
#4680=CARTESIAN_POINT('Ctrl Pts',(-2.00000000000001,32.3458311357486,4.42191146855632));
#4681=CARTESIAN_POINT('Ctrl Pts',(-1.20000000000001,32.3458311357486,4.42191146855632));
#4682=CARTESIAN_POINT('Ctrl Pts',(-2.00000000000001,32.4243176746138,4.53499212829632));
#4683=CARTESIAN_POINT('Ctrl Pts',(-1.20000000000001,32.4243176746138,4.53499212829632));
#4684=CARTESIAN_POINT('Ctrl Pts',(-2.00000000000001,32.4615960463881,4.58870150235237));
#4685=CARTESIAN_POINT('Ctrl Pts',(-1.20000000000001,32.4615960463881,4.58870150235237));
#4686=CARTESIAN_POINT('',(-2.00000000000001,32.3336969956755,4.21182580378594));
#4687=CARTESIAN_POINT('Ctrl Pts',(-2.00000000000001,32.3336969956755,4.21182580378594));
#4688=CARTESIAN_POINT('Ctrl Pts',(-2.00000000000001,32.3378745043435,4.28415352378075));
#4689=CARTESIAN_POINT('Ctrl Pts',(-2.00000000000001,32.3458311357486,4.42191146855632));
#4690=CARTESIAN_POINT('Ctrl Pts',(-2.00000000000001,32.4243176746138,4.53499212829632));
#4691=CARTESIAN_POINT('Ctrl Pts',(-2.00000000000001,32.4615960463881,4.58870150235237));
#4692=CARTESIAN_POINT('',(-1.20000000000001,32.3336969956755,4.21182580378594));
#4693=CARTESIAN_POINT('',(-2.00000000000001,32.3336969956755,4.21182580378594));
#4694=CARTESIAN_POINT('Ctrl Pts',(-1.20000000000001,32.3336969956755,4.21182580378594));
#4695=CARTESIAN_POINT('Ctrl Pts',(-1.20000000000001,32.3378745043435,4.28415352378075));
#4696=CARTESIAN_POINT('Ctrl Pts',(-1.20000000000001,32.3458311357486,4.42191146855632));
#4697=CARTESIAN_POINT('Ctrl Pts',(-1.20000000000001,32.4243176746138,4.53499212829632));
#4698=CARTESIAN_POINT('Ctrl Pts',(-1.20000000000001,32.4615960463881,4.58870150235237));
#4699=CARTESIAN_POINT('Ctrl Pts',(-2.00000000000001,32.4820598110556,3.82130719807686));
#4700=CARTESIAN_POINT('Ctrl Pts',(-1.20000000000001,32.4820598110556,3.82130719807686));
#4701=CARTESIAN_POINT('Ctrl Pts',(-2.00000000000001,32.4388065410738,3.87617767898291));
#4702=CARTESIAN_POINT('Ctrl Pts',(-1.20000000000001,32.4388065410738,3.87617767898291));
#4703=CARTESIAN_POINT('Ctrl Pts',(-2.00000000000001,32.3486794230922,3.99051165438884));
#4704=CARTESIAN_POINT('Ctrl Pts',(-1.20000000000001,32.3486794230922,3.99051165438884));
#4705=CARTESIAN_POINT('Ctrl Pts',(-2.00000000000001,32.3388231203008,4.13610483550859));
#4706=CARTESIAN_POINT('Ctrl Pts',(-1.20000000000001,32.3388231203008,4.13610483550859));
#4707=CARTESIAN_POINT('Ctrl Pts',(-2.00000000000001,32.3336969956755,4.21182580378594));
#4708=CARTESIAN_POINT('Ctrl Pts',(-1.20000000000001,32.3336969956755,4.21182580378594));
#4709=CARTESIAN_POINT('',(-2.00000000000001,32.4820598110556,3.82130719807686));
#4710=CARTESIAN_POINT('Ctrl Pts',(-2.00000000000001,32.4820598110556,3.82130719807686));
#4711=CARTESIAN_POINT('Ctrl Pts',(-2.00000000000001,32.4388065410738,3.87617767898291));
#4712=CARTESIAN_POINT('Ctrl Pts',(-2.00000000000001,32.3486794230922,3.99051165438884));
#4713=CARTESIAN_POINT('Ctrl Pts',(-2.00000000000001,32.3388231203008,4.13610483550859));
#4714=CARTESIAN_POINT('Ctrl Pts',(-2.00000000000001,32.3336969956755,4.21182580378594));
#4715=CARTESIAN_POINT('',(-1.20000000000001,32.4820598110556,3.82130719807686));
#4716=CARTESIAN_POINT('',(-2.00000000000001,32.4820598110556,3.82130719807686));
#4717=CARTESIAN_POINT('Ctrl Pts',(-1.20000000000001,32.4820598110556,3.82130719807686));
#4718=CARTESIAN_POINT('Ctrl Pts',(-1.20000000000001,32.4388065410738,3.87617767898291));
#4719=CARTESIAN_POINT('Ctrl Pts',(-1.20000000000001,32.3486794230922,3.99051165438884));
#4720=CARTESIAN_POINT('Ctrl Pts',(-1.20000000000001,32.3388231203008,4.13610483550859));
#4721=CARTESIAN_POINT('Ctrl Pts',(-1.20000000000001,32.3336969956755,4.21182580378594));
#4722=CARTESIAN_POINT('Ctrl Pts',(-2.00000000000001,32.8896316036582,3.64224858668389));
#4723=CARTESIAN_POINT('Ctrl Pts',(-1.20000000000001,32.8896316036582,3.64224858668389));
#4724=CARTESIAN_POINT('Ctrl Pts',(-2.00000000000001,32.8095262014816,3.65577517079211));
#4725=CARTESIAN_POINT('Ctrl Pts',(-1.20000000000001,32.8095262014816,3.65577517079211));
#4726=CARTESIAN_POINT('Ctrl Pts',(-2.00000000000001,32.6582540570828,3.6813189584624));
#4727=CARTESIAN_POINT('Ctrl Pts',(-1.20000000000001,32.6582540570828,3.6813189584624));
#4728=CARTESIAN_POINT('Ctrl Pts',(-2.00000000000001,32.5384311168041,3.77651958421079));
#4729=CARTESIAN_POINT('Ctrl Pts',(-1.20000000000001,32.5384311168041,3.77651958421079));
#4730=CARTESIAN_POINT('Ctrl Pts',(-2.00000000000001,32.4820598110556,3.82130719807686));
#4731=CARTESIAN_POINT('Ctrl Pts',(-1.20000000000001,32.4820598110556,3.82130719807686));
#4732=CARTESIAN_POINT('',(-2.00000000000001,32.8896316036582,3.64224858668389));
#4733=CARTESIAN_POINT('Ctrl Pts',(-2.00000000000001,32.8896316036582,3.64224858668389));
#4734=CARTESIAN_POINT('Ctrl Pts',(-2.00000000000001,32.8095262014816,3.65577517079211));
#4735=CARTESIAN_POINT('Ctrl Pts',(-2.00000000000001,32.6582540570828,3.6813189584624));
#4736=CARTESIAN_POINT('Ctrl Pts',(-2.00000000000001,32.5384311168041,3.77651958421079));
#4737=CARTESIAN_POINT('Ctrl Pts',(-2.00000000000001,32.4820598110556,3.82130719807686));
#4738=CARTESIAN_POINT('',(-1.20000000000001,32.8896316036582,3.64224858668389));
#4739=CARTESIAN_POINT('',(-2.00000000000001,32.8896316036582,3.64224858668389));
#4740=CARTESIAN_POINT('Ctrl Pts',(-1.20000000000001,32.8896316036582,3.64224858668389));
#4741=CARTESIAN_POINT('Ctrl Pts',(-1.20000000000001,32.8095262014816,3.65577517079211));
#4742=CARTESIAN_POINT('Ctrl Pts',(-1.20000000000001,32.6582540570828,3.6813189584624));
#4743=CARTESIAN_POINT('Ctrl Pts',(-1.20000000000001,32.5384311168041,3.77651958421079));
#4744=CARTESIAN_POINT('Ctrl Pts',(-1.20000000000001,32.4820598110556,3.82130719807686));
#4745=CARTESIAN_POINT('Ctrl Pts',(-2.00000000000001,33.6229192361235,3.62519539979042));
#4746=CARTESIAN_POINT('Ctrl Pts',(-1.20000000000001,33.6229192361235,3.62519539979042));
#4747=CARTESIAN_POINT('Ctrl Pts',(-2.00000000000001,33.4634086137773,3.62447505704175));
#4748=CARTESIAN_POINT('Ctrl Pts',(-1.20000000000001,33.4634086137773,3.62447505704175));
#4749=CARTESIAN_POINT('Ctrl Pts',(-2.00000000000001,33.2187789373842,3.62337032049877));
#4750=CARTESIAN_POINT('Ctrl Pts',(-1.20000000000001,33.2187789373842,3.62337032049877));
#4751=CARTESIAN_POINT('Ctrl Pts',(-2.00000000000001,32.9745954173215,3.63737548176677));
#4752=CARTESIAN_POINT('Ctrl Pts',(-1.20000000000001,32.9745954173215,3.63737548176677));
#4753=CARTESIAN_POINT('Ctrl Pts',(-2.00000000000001,32.8896316036582,3.64224858668389));
#4754=CARTESIAN_POINT('Ctrl Pts',(-1.20000000000001,32.8896316036582,3.64224858668389));
#4755=CARTESIAN_POINT('',(-2.00000000000001,33.6229192361235,3.62519539979042));
#4756=CARTESIAN_POINT('Ctrl Pts',(-2.00000000000001,33.6229192361235,3.62519539979042));
#4757=CARTESIAN_POINT('Ctrl Pts',(-2.00000000000001,33.4634086137773,3.62447505704175));
#4758=CARTESIAN_POINT('Ctrl Pts',(-2.00000000000001,33.2187789373842,3.62337032049877));
#4759=CARTESIAN_POINT('Ctrl Pts',(-2.00000000000001,32.9745954173215,3.63737548176677));
#4760=CARTESIAN_POINT('Ctrl Pts',(-2.00000000000001,32.8896316036582,3.64224858668389));
#4761=CARTESIAN_POINT('',(-1.20000000000001,33.6229192361235,3.62519539979042));
#4762=CARTESIAN_POINT('',(-2.00000000000001,33.6229192361235,3.62519539979042));
#4763=CARTESIAN_POINT('Ctrl Pts',(-1.20000000000001,33.6229192361235,3.62519539979042));
#4764=CARTESIAN_POINT('Ctrl Pts',(-1.20000000000001,33.4634086137773,3.62447505704175));
#4765=CARTESIAN_POINT('Ctrl Pts',(-1.20000000000001,33.2187789373842,3.62337032049877));
#4766=CARTESIAN_POINT('Ctrl Pts',(-1.20000000000001,32.9745954173215,3.63737548176677));
#4767=CARTESIAN_POINT('Ctrl Pts',(-1.20000000000001,32.8896316036582,3.64224858668389));
#4768=CARTESIAN_POINT('Origin',(-2.00000000000001,34.2845838412642,3.62519539979042));
#4769=CARTESIAN_POINT('',(-2.00000000000001,34.2845838412642,3.62519539979042));
#4770=CARTESIAN_POINT('',(-2.00000000000001,51.3422919206321,3.62519539979042));
#4771=CARTESIAN_POINT('',(-1.20000000000001,34.2845838412642,3.62519539979042));
#4772=CARTESIAN_POINT('',(-2.00000000000001,34.2845838412642,3.62519539979042));
#4773=CARTESIAN_POINT('',(-1.20000000000001,34.2845838412642,3.62519539979042));
#4774=CARTESIAN_POINT('Origin',(-2.00000000000001,34.2845838412642,4.78140272286476));
#4775=CARTESIAN_POINT('',(-2.00000000000001,34.2845838412642,4.78140272286476));
#4776=CARTESIAN_POINT('',(-2.00000000000001,34.2845838412642,3.19070136143238));
#4777=CARTESIAN_POINT('',(-1.20000000000001,34.2845838412642,4.78140272286476));
#4778=CARTESIAN_POINT('',(-2.00000000000001,34.2845838412642,4.78140272286476));
#4779=CARTESIAN_POINT('',(-1.20000000000001,34.2845838412642,4.78140272286476));
#4780=CARTESIAN_POINT('Origin',(-2.00000000000001,33.70477489084,4.78140272286476));
#4781=CARTESIAN_POINT('',(-2.00000000000001,51.05238744542,4.78140272286476));
#4782=CARTESIAN_POINT('',(-1.20000000000001,33.70477489084,4.78140272286476));
#4783=CARTESIAN_POINT('Origin',(-2.00000000000001,33.5922237381339,0.613599196940081));
#4784=CARTESIAN_POINT('',(-2.00000000000001,33.5922237381339,0.613599196940081));
#4785=CARTESIAN_POINT('',(-2.00000000000001,35.2941336378455,0.613599196940081));
#4786=CARTESIAN_POINT('',(-2.00000000000001,50.9961118690669,0.613599196940085));
#4787=CARTESIAN_POINT('',(-1.20000000000001,33.5922237381339,0.613599196940081));
#4788=CARTESIAN_POINT('',(-2.00000000000001,33.5922237381339,0.613599196940081));
#4789=CARTESIAN_POINT('',(-1.20000000000001,35.2941336378455,0.613599196940081));
#4790=CARTESIAN_POINT('',(-1.20000000000001,33.5922237381339,0.613599196940081));
#4791=CARTESIAN_POINT('',(-2.00000000000001,35.2941336378455,0.613599196940081));
#4792=CARTESIAN_POINT('Ctrl Pts',(-2.00000000000001,32.3746248230338,0.647705570727007));
#4793=CARTESIAN_POINT('Ctrl Pts',(-1.20000000000001,32.3746248230338,0.647705570727007));
#4794=CARTESIAN_POINT('Ctrl Pts',(-2.00000000000001,32.5181252703091,0.639393809634142));
#4795=CARTESIAN_POINT('Ctrl Pts',(-1.20000000000001,32.5181252703091,0.639393809634142));
#4796=CARTESIAN_POINT('Ctrl Pts',(-2.00000000000001,32.9235879159899,0.615908805183144));
#4797=CARTESIAN_POINT('Ctrl Pts',(-1.20000000000001,32.9235879159899,0.615908805183144));
#4798=CARTESIAN_POINT('Ctrl Pts',(-2.00000000000001,33.3297862345655,0.614505711071477));
#4799=CARTESIAN_POINT('Ctrl Pts',(-1.20000000000001,33.3297862345655,0.614505711071477));
#4800=CARTESIAN_POINT('Ctrl Pts',(-2.00000000000001,33.5922237381339,0.613599196940081));
#4801=CARTESIAN_POINT('Ctrl Pts',(-1.20000000000001,33.5922237381339,0.613599196940081));
#4802=CARTESIAN_POINT('',(-2.00000000000001,32.3746248230338,0.647705570727007));
#4803=CARTESIAN_POINT('Ctrl Pts',(-2.00000000000001,32.3746248230338,0.647705570727007));
#4804=CARTESIAN_POINT('Ctrl Pts',(-2.00000000000001,32.5181252703091,0.639393809634142));
#4805=CARTESIAN_POINT('Ctrl Pts',(-2.00000000000001,32.9235879159899,0.615908805183144));
#4806=CARTESIAN_POINT('Ctrl Pts',(-2.00000000000001,33.3297862345655,0.614505711071477));
#4807=CARTESIAN_POINT('Ctrl Pts',(-2.00000000000001,33.5922237381339,0.613599196940081));
#4808=CARTESIAN_POINT('',(-1.20000000000001,32.3746248230338,0.647705570727007));
#4809=CARTESIAN_POINT('',(-2.00000000000001,32.3746248230338,0.647705570727007));
#4810=CARTESIAN_POINT('Ctrl Pts',(-1.20000000000001,32.3746248230338,0.647705570727007));
#4811=CARTESIAN_POINT('Ctrl Pts',(-1.20000000000001,32.5181252703091,0.639393809634142));
#4812=CARTESIAN_POINT('Ctrl Pts',(-1.20000000000001,32.9235879159899,0.615908805183144));
#4813=CARTESIAN_POINT('Ctrl Pts',(-1.20000000000001,33.3297862345655,0.614505711071477));
#4814=CARTESIAN_POINT('Ctrl Pts',(-1.20000000000001,33.5922237381339,0.613599196940081));
#4815=CARTESIAN_POINT('Ctrl Pts',(-2.00000000000001,31.6976129159331,0.884744898348467));
#4816=CARTESIAN_POINT('Ctrl Pts',(-1.20000000000001,31.6976129159331,0.884744898348467));
#4817=CARTESIAN_POINT('Ctrl Pts',(-2.00000000000001,31.7974745662869,0.826392136804524));
#4818=CARTESIAN_POINT('Ctrl Pts',(-1.20000000000001,31.7974745662869,0.826392136804524));
#4819=CARTESIAN_POINT('Ctrl Pts',(-2.00000000000001,32.0075267648636,0.70365106641465));
#4820=CARTESIAN_POINT('Ctrl Pts',(-1.20000000000001,32.0075267648636,0.70365106641465));
#4821=CARTESIAN_POINT('Ctrl Pts',(-2.00000000000001,32.2483120909405,0.666955545635199));
#4822=CARTESIAN_POINT('Ctrl Pts',(-1.20000000000001,32.2483120909405,0.666955545635199));
#4823=CARTESIAN_POINT('Ctrl Pts',(-2.00000000000001,32.3746248230338,0.647705570727007));
#4824=CARTESIAN_POINT('Ctrl Pts',(-1.20000000000001,32.3746248230338,0.647705570727007));
#4825=CARTESIAN_POINT('',(-2.00000000000001,31.6976129159331,0.884744898348467));
#4826=CARTESIAN_POINT('Ctrl Pts',(-2.00000000000001,31.6976129159331,0.884744898348467));
#4827=CARTESIAN_POINT('Ctrl Pts',(-2.00000000000001,31.7974745662869,0.826392136804524));
#4828=CARTESIAN_POINT('Ctrl Pts',(-2.00000000000001,32.0075267648636,0.70365106641465));
#4829=CARTESIAN_POINT('Ctrl Pts',(-2.00000000000001,32.2483120909405,0.666955545635199));
#4830=CARTESIAN_POINT('Ctrl Pts',(-2.00000000000001,32.3746248230338,0.647705570727007));
#4831=CARTESIAN_POINT('',(-1.20000000000001,31.6976129159331,0.884744898348467));
#4832=CARTESIAN_POINT('',(-2.00000000000001,31.6976129159331,0.884744898348467));
#4833=CARTESIAN_POINT('Ctrl Pts',(-1.20000000000001,31.6976129159331,0.884744898348467));
#4834=CARTESIAN_POINT('Ctrl Pts',(-1.20000000000001,31.7974745662869,0.826392136804524));
#4835=CARTESIAN_POINT('Ctrl Pts',(-1.20000000000001,32.0075267648636,0.70365106641465));
#4836=CARTESIAN_POINT('Ctrl Pts',(-1.20000000000001,32.2483120909405,0.666955545635199));
#4837=CARTESIAN_POINT('Ctrl Pts',(-1.20000000000001,32.3746248230338,0.647705570727007));
#4838=CARTESIAN_POINT('Ctrl Pts',(-2.00000000000001,31.2644611939788,1.3997522750193));
#4839=CARTESIAN_POINT('Ctrl Pts',(-1.20000000000001,31.2644611939788,1.3997522750193));
#4840=CARTESIAN_POINT('Ctrl Pts',(-2.00000000000001,31.3213099148018,1.2983179502076));
#4841=CARTESIAN_POINT('Ctrl Pts',(-1.20000000000001,31.3213099148018,1.2983179502076));
#4842=CARTESIAN_POINT('Ctrl Pts',(-2.00000000000001,31.4330030586668,1.09902553922572));
#4843=CARTESIAN_POINT('Ctrl Pts',(-1.20000000000001,31.4330030586668,1.09902553922572));
#4844=CARTESIAN_POINT('Ctrl Pts',(-2.00000000000001,31.6104711663415,0.955312148346497));
#4845=CARTESIAN_POINT('Ctrl Pts',(-1.20000000000001,31.6104711663415,0.955312148346497));
#4846=CARTESIAN_POINT('Ctrl Pts',(-2.00000000000001,31.6976129159331,0.884744898348467));
#4847=CARTESIAN_POINT('Ctrl Pts',(-1.20000000000001,31.6976129159331,0.884744898348467));
#4848=CARTESIAN_POINT('',(-2.00000000000001,31.2644611939788,1.3997522750193));
#4849=CARTESIAN_POINT('Ctrl Pts',(-2.00000000000001,31.2644611939788,1.3997522750193));
#4850=CARTESIAN_POINT('Ctrl Pts',(-2.00000000000001,31.3213099148018,1.2983179502076));
#4851=CARTESIAN_POINT('Ctrl Pts',(-2.00000000000001,31.4330030586668,1.09902553922572));
#4852=CARTESIAN_POINT('Ctrl Pts',(-2.00000000000001,31.6104711663415,0.955312148346497));
#4853=CARTESIAN_POINT('Ctrl Pts',(-2.00000000000001,31.6976129159331,0.884744898348467));
#4854=CARTESIAN_POINT('',(-1.20000000000001,31.2644611939788,1.3997522750193));
#4855=CARTESIAN_POINT('',(-2.00000000000001,31.2644611939788,1.3997522750193));
#4856=CARTESIAN_POINT('Ctrl Pts',(-1.20000000000001,31.2644611939788,1.3997522750193));
#4857=CARTESIAN_POINT('Ctrl Pts',(-1.20000000000001,31.3213099148018,1.2983179502076));
#4858=CARTESIAN_POINT('Ctrl Pts',(-1.20000000000001,31.4330030586668,1.09902553922572));
#4859=CARTESIAN_POINT('Ctrl Pts',(-1.20000000000001,31.6104711663415,0.955312148346497));
#4860=CARTESIAN_POINT('Ctrl Pts',(-1.20000000000001,31.6976129159331,0.884744898348467));
#4861=CARTESIAN_POINT('Ctrl Pts',(-2.00000000000001,31.1058663472533,2.06312157300057));
#4862=CARTESIAN_POINT('Ctrl Pts',(-1.20000000000001,31.1058663472533,2.06312157300057));
#4863=CARTESIAN_POINT('Ctrl Pts',(-2.00000000000001,31.1128236980066,1.94951069253515));
#4864=CARTESIAN_POINT('Ctrl Pts',(-1.20000000000001,31.1128236980066,1.94951069253515));
#4865=CARTESIAN_POINT('Ctrl Pts',(-2.00000000000001,31.1269284670408,1.71918520147384));
#4866=CARTESIAN_POINT('Ctrl Pts',(-1.20000000000001,31.1269284670408,1.71918520147384));
#4867=CARTESIAN_POINT('Ctrl Pts',(-2.00000000000001,31.2182069467258,1.50718219290089));
#4868=CARTESIAN_POINT('Ctrl Pts',(-1.20000000000001,31.2182069467258,1.50718219290089));
#4869=CARTESIAN_POINT('Ctrl Pts',(-2.00000000000001,31.2644611939788,1.3997522750193));
#4870=CARTESIAN_POINT('Ctrl Pts',(-1.20000000000001,31.2644611939788,1.3997522750193));
#4871=CARTESIAN_POINT('',(-2.00000000000001,31.1058663472533,2.06312157300057));
#4872=CARTESIAN_POINT('Ctrl Pts',(-2.00000000000001,31.1058663472533,2.06312157300057));
#4873=CARTESIAN_POINT('Ctrl Pts',(-2.00000000000001,31.1128236980066,1.94951069253515));
#4874=CARTESIAN_POINT('Ctrl Pts',(-2.00000000000001,31.1269284670408,1.71918520147384));
#4875=CARTESIAN_POINT('Ctrl Pts',(-2.00000000000001,31.2182069467258,1.50718219290089));
#4876=CARTESIAN_POINT('Ctrl Pts',(-2.00000000000001,31.2644611939788,1.3997522750193));
#4877=CARTESIAN_POINT('',(-1.20000000000001,31.1058663472533,2.06312157300057));
#4878=CARTESIAN_POINT('',(-2.00000000000001,31.1058663472533,2.06312157300057));
#4879=CARTESIAN_POINT('Ctrl Pts',(-1.20000000000001,31.1058663472533,2.06312157300057));
#4880=CARTESIAN_POINT('Ctrl Pts',(-1.20000000000001,31.1128236980066,1.94951069253515));
#4881=CARTESIAN_POINT('Ctrl Pts',(-1.20000000000001,31.1269284670408,1.71918520147384));
#4882=CARTESIAN_POINT('Ctrl Pts',(-1.20000000000001,31.2182069467258,1.50718219290089));
#4883=CARTESIAN_POINT('Ctrl Pts',(-1.20000000000001,31.2644611939788,1.3997522750193));
#4884=CARTESIAN_POINT('Ctrl Pts',(-2.00000000000001,31.3514327153563,2.81687356617989));
#4885=CARTESIAN_POINT('Ctrl Pts',(-1.20000000000001,31.3514327153563,2.81687356617989));
#4886=CARTESIAN_POINT('Ctrl Pts',(-2.00000000000001,31.2798164227181,2.70399512278316));
#4887=CARTESIAN_POINT('Ctrl Pts',(-1.20000000000001,31.2798164227181,2.70399512278316));
#4888=CARTESIAN_POINT('Ctrl Pts',(-2.00000000000001,31.1338133183798,2.47387146597705));
#4889=CARTESIAN_POINT('Ctrl Pts',(-1.20000000000001,31.1338133183798,2.47387146597705));
#4890=CARTESIAN_POINT('Ctrl Pts',(-2.00000000000001,31.1152991113114,2.2017593813627));
#4891=CARTESIAN_POINT('Ctrl Pts',(-1.20000000000001,31.1152991113114,2.2017593813627));
#4892=CARTESIAN_POINT('Ctrl Pts',(-2.00000000000001,31.1058663472533,2.06312157300057));
#4893=CARTESIAN_POINT('Ctrl Pts',(-1.20000000000001,31.1058663472533,2.06312157300057));
#4894=CARTESIAN_POINT('',(-2.00000000000001,31.3514327153563,2.81687356617989));
#4895=CARTESIAN_POINT('Ctrl Pts',(-2.00000000000001,31.3514327153563,2.81687356617989));
#4896=CARTESIAN_POINT('Ctrl Pts',(-2.00000000000001,31.2798164227181,2.70399512278316));
#4897=CARTESIAN_POINT('Ctrl Pts',(-2.00000000000001,31.1338133183798,2.47387146597705));
#4898=CARTESIAN_POINT('Ctrl Pts',(-2.00000000000001,31.1152991113114,2.2017593813627));
#4899=CARTESIAN_POINT('Ctrl Pts',(-2.00000000000001,31.1058663472533,2.06312157300057));
#4900=CARTESIAN_POINT('',(-1.20000000000001,31.3514327153563,2.81687356617989));
#4901=CARTESIAN_POINT('',(-2.00000000000001,31.3514327153563,2.81687356617989));
#4902=CARTESIAN_POINT('Ctrl Pts',(-1.20000000000001,31.3514327153563,2.81687356617989));
#4903=CARTESIAN_POINT('Ctrl Pts',(-1.20000000000001,31.2798164227181,2.70399512278316));
#4904=CARTESIAN_POINT('Ctrl Pts',(-1.20000000000001,31.1338133183798,2.47387146597705));
#4905=CARTESIAN_POINT('Ctrl Pts',(-1.20000000000001,31.1152991113114,2.2017593813627));
#4906=CARTESIAN_POINT('Ctrl Pts',(-1.20000000000001,31.1058663472533,2.06312157300057));
#4907=CARTESIAN_POINT('Ctrl Pts',(-2.00000000000001,32.0540245518088,3.27048875477852));
#4908=CARTESIAN_POINT('Ctrl Pts',(-1.20000000000001,32.0540245518088,3.27048875477852));
#4909=CARTESIAN_POINT('Ctrl Pts',(-2.00000000000001,31.9125060786439,3.22088304173931));
#4910=CARTESIAN_POINT('Ctrl Pts',(-1.20000000000001,31.9125060786439,3.22088304173931));
#4911=CARTESIAN_POINT('Ctrl Pts',(-2.00000000000001,31.6414515406951,3.12587174514489));
#4912=CARTESIAN_POINT('Ctrl Pts',(-1.20000000000001,31.6414515406951,3.12587174514489));
#4913=CARTESIAN_POINT('Ctrl Pts',(-2.00000000000001,31.4452139900326,2.91679205616808));
#4914=CARTESIAN_POINT('Ctrl Pts',(-1.20000000000001,31.4452139900326,2.91679205616808));
#4915=CARTESIAN_POINT('Ctrl Pts',(-2.00000000000001,31.3514327153563,2.81687356617989));
#4916=CARTESIAN_POINT('Ctrl Pts',(-1.20000000000001,31.3514327153563,2.81687356617989));
#4917=CARTESIAN_POINT('',(-2.00000000000001,32.0540245518088,3.27048875477852));
#4918=CARTESIAN_POINT('Ctrl Pts',(-2.00000000000001,32.0540245518088,3.27048875477852));
#4919=CARTESIAN_POINT('Ctrl Pts',(-2.00000000000001,31.9125060786439,3.22088304173931));
#4920=CARTESIAN_POINT('Ctrl Pts',(-2.00000000000001,31.6414515406951,3.12587174514489));
#4921=CARTESIAN_POINT('Ctrl Pts',(-2.00000000000001,31.4452139900326,2.91679205616808));
#4922=CARTESIAN_POINT('Ctrl Pts',(-2.00000000000001,31.3514327153563,2.81687356617989));
#4923=CARTESIAN_POINT('',(-1.20000000000001,32.0540245518088,3.27048875477852));
#4924=CARTESIAN_POINT('',(-2.00000000000001,32.0540245518088,3.27048875477852));
#4925=CARTESIAN_POINT('Ctrl Pts',(-1.20000000000001,32.0540245518088,3.27048875477852));
#4926=CARTESIAN_POINT('Ctrl Pts',(-1.20000000000001,31.9125060786439,3.22088304173931));
#4927=CARTESIAN_POINT('Ctrl Pts',(-1.20000000000001,31.6414515406951,3.12587174514489));
#4928=CARTESIAN_POINT('Ctrl Pts',(-1.20000000000001,31.4452139900326,2.91679205616808));
#4929=CARTESIAN_POINT('Ctrl Pts',(-1.20000000000001,31.3514327153563,2.81687356617989));
#4930=CARTESIAN_POINT('Ctrl Pts',(-2.00000000000001,31.5407227620482,3.71046133425774));
#4931=CARTESIAN_POINT('Ctrl Pts',(-1.20000000000001,31.5407227620482,3.71046133425774));
#4932=CARTESIAN_POINT('Ctrl Pts',(-2.00000000000001,31.6096982010779,3.61868074297164));
#4933=CARTESIAN_POINT('Ctrl Pts',(-1.20000000000001,31.6096982010779,3.61868074297164));
#4934=CARTESIAN_POINT('Ctrl Pts',(-2.00000000000001,31.7483359029658,3.43420565397172));
#4935=CARTESIAN_POINT('Ctrl Pts',(-1.20000000000001,31.7483359029658,3.43420565397172));
#4936=CARTESIAN_POINT('Ctrl Pts',(-2.00000000000001,31.9517923549171,3.32524099479846));
#4937=CARTESIAN_POINT('Ctrl Pts',(-1.20000000000001,31.9517923549171,3.32524099479846));
#4938=CARTESIAN_POINT('Ctrl Pts',(-2.00000000000001,32.0540245518088,3.27048875477852));
#4939=CARTESIAN_POINT('Ctrl Pts',(-1.20000000000001,32.0540245518088,3.27048875477852));
#4940=CARTESIAN_POINT('',(-2.00000000000001,31.5407227620482,3.71046133425774));
#4941=CARTESIAN_POINT('Ctrl Pts',(-2.00000000000001,31.5407227620482,3.71046133425774));
#4942=CARTESIAN_POINT('Ctrl Pts',(-2.00000000000001,31.6096982010779,3.61868074297164));
#4943=CARTESIAN_POINT('Ctrl Pts',(-2.00000000000001,31.7483359029658,3.43420565397172));
#4944=CARTESIAN_POINT('Ctrl Pts',(-2.00000000000001,31.9517923549171,3.32524099479846));
#4945=CARTESIAN_POINT('Ctrl Pts',(-2.00000000000001,32.0540245518088,3.27048875477852));
#4946=CARTESIAN_POINT('',(-1.20000000000001,31.5407227620482,3.71046133425774));
#4947=CARTESIAN_POINT('',(-2.00000000000001,31.5407227620482,3.71046133425774));
#4948=CARTESIAN_POINT('Ctrl Pts',(-1.20000000000001,31.5407227620482,3.71046133425774));
#4949=CARTESIAN_POINT('Ctrl Pts',(-1.20000000000001,31.6096982010779,3.61868074297164));
#4950=CARTESIAN_POINT('Ctrl Pts',(-1.20000000000001,31.7483359029658,3.43420565397172));
#4951=CARTESIAN_POINT('Ctrl Pts',(-1.20000000000001,31.9517923549171,3.32524099479846));
#4952=CARTESIAN_POINT('Ctrl Pts',(-1.20000000000001,32.0540245518088,3.27048875477852));
#4953=CARTESIAN_POINT('Ctrl Pts',(-2.00000000000001,31.3514327153563,4.35507275250496));
#4954=CARTESIAN_POINT('Ctrl Pts',(-1.20000000000001,31.3514327153563,4.35507275250496));
#4955=CARTESIAN_POINT('Ctrl Pts',(-2.00000000000001,31.3592668495922,4.24047209664604));
#4956=CARTESIAN_POINT('Ctrl Pts',(-1.20000000000001,31.3592668495922,4.24047209664604));
#4957=CARTESIAN_POINT('Ctrl Pts',(-2.00000000000001,31.3749089301198,4.01165387200553));
#4958=CARTESIAN_POINT('Ctrl Pts',(-1.20000000000001,31.3749089301198,4.01165387200553));
#4959=CARTESIAN_POINT('Ctrl Pts',(-2.00000000000001,31.4855132092366,3.81074672737524));
#4960=CARTESIAN_POINT('Ctrl Pts',(-1.20000000000001,31.4855132092366,3.81074672737524));
#4961=CARTESIAN_POINT('Ctrl Pts',(-2.00000000000001,31.5407227620482,3.71046133425774));
#4962=CARTESIAN_POINT('Ctrl Pts',(-1.20000000000001,31.5407227620482,3.71046133425774));
#4963=CARTESIAN_POINT('',(-2.00000000000001,31.3514327153563,4.35507275250496));
#4964=CARTESIAN_POINT('Ctrl Pts',(-2.00000000000001,31.3514327153563,4.35507275250496));
#4965=CARTESIAN_POINT('Ctrl Pts',(-2.00000000000001,31.3592668495922,4.24047209664604));
#4966=CARTESIAN_POINT('Ctrl Pts',(-2.00000000000001,31.3749089301198,4.01165387200553));
#4967=CARTESIAN_POINT('Ctrl Pts',(-2.00000000000001,31.4855132092366,3.81074672737524));
#4968=CARTESIAN_POINT('Ctrl Pts',(-2.00000000000001,31.5407227620482,3.71046133425774));
#4969=CARTESIAN_POINT('',(-1.20000000000001,31.3514327153563,4.35507275250496));
#4970=CARTESIAN_POINT('',(-2.00000000000001,31.3514327153563,4.35507275250496));
#4971=CARTESIAN_POINT('Ctrl Pts',(-1.20000000000001,31.3514327153563,4.35507275250496));
#4972=CARTESIAN_POINT('Ctrl Pts',(-1.20000000000001,31.3592668495922,4.24047209664604));
#4973=CARTESIAN_POINT('Ctrl Pts',(-1.20000000000001,31.3749089301198,4.01165387200553));
#4974=CARTESIAN_POINT('Ctrl Pts',(-1.20000000000001,31.4855132092366,3.81074672737524));
#4975=CARTESIAN_POINT('Ctrl Pts',(-1.20000000000001,31.5407227620482,3.71046133425774));
#4976=CARTESIAN_POINT('Ctrl Pts',(-2.00000000000001,31.5049110993743,4.93999756959023));
#4977=CARTESIAN_POINT('Ctrl Pts',(-1.20000000000001,31.5049110993743,4.93999756959023));
#4978=CARTESIAN_POINT('Ctrl Pts',(-2.00000000000001,31.4601507541951,4.84946168270883));
#4979=CARTESIAN_POINT('Ctrl Pts',(-1.20000000000001,31.4601507541951,4.84946168270883));
#4980=CARTESIAN_POINT('Ctrl Pts',(-2.00000000000001,31.3689962958672,4.66508531798506));
#4981=CARTESIAN_POINT('Ctrl Pts',(-1.20000000000001,31.3689962958672,4.66508531798506));
#4982=CARTESIAN_POINT('Ctrl Pts',(-2.00000000000001,31.3573567808175,4.45963769190066));
#4983=CARTESIAN_POINT('Ctrl Pts',(-1.20000000000001,31.3573567808175,4.45963769190066));
#4984=CARTESIAN_POINT('Ctrl Pts',(-2.00000000000001,31.3514327153563,4.35507275250496));
#4985=CARTESIAN_POINT('Ctrl Pts',(-1.20000000000001,31.3514327153563,4.35507275250496));
#4986=CARTESIAN_POINT('',(-2.00000000000001,31.5049110993743,4.93999756959023));
#4987=CARTESIAN_POINT('Ctrl Pts',(-2.00000000000001,31.5049110993743,4.93999756959023));
#4988=CARTESIAN_POINT('Ctrl Pts',(-2.00000000000001,31.4601507541951,4.84946168270883));
#4989=CARTESIAN_POINT('Ctrl Pts',(-2.00000000000001,31.3689962958672,4.66508531798506));
#4990=CARTESIAN_POINT('Ctrl Pts',(-2.00000000000001,31.3573567808175,4.45963769190066));
#4991=CARTESIAN_POINT('Ctrl Pts',(-2.00000000000001,31.3514327153563,4.35507275250496));
#4992=CARTESIAN_POINT('',(-1.20000000000001,31.5049110993743,4.93999756959023));
#4993=CARTESIAN_POINT('',(-2.00000000000001,31.5049110993743,4.93999756959023));
#4994=CARTESIAN_POINT('Ctrl Pts',(-1.20000000000001,31.5049110993743,4.93999756959023));
#4995=CARTESIAN_POINT('Ctrl Pts',(-1.20000000000001,31.4601507541951,4.84946168270883));
#4996=CARTESIAN_POINT('Ctrl Pts',(-1.20000000000001,31.3689962958672,4.66508531798506));
#4997=CARTESIAN_POINT('Ctrl Pts',(-1.20000000000001,31.3573567808175,4.45963769190066));
#4998=CARTESIAN_POINT('Ctrl Pts',(-1.20000000000001,31.3514327153563,4.35507275250496));
#4999=CARTESIAN_POINT('Ctrl Pts',(-2.00000000000001,31.888608251512,5.35780109551491));
#5000=CARTESIAN_POINT('Ctrl Pts',(-1.20000000000001,31.888608251512,5.35780109551491));
#5001=CARTESIAN_POINT('Ctrl Pts',(-2.00000000000001,31.814542210149,5.30027025130656));
#5002=CARTESIAN_POINT('Ctrl Pts',(-1.20000000000001,31.814542210149,5.30027025130656));
#5003=CARTESIAN_POINT('Ctrl Pts',(-2.00000000000001,31.663153515288,5.18267898736598));
#5004=CARTESIAN_POINT('Ctrl Pts',(-1.20000000000001,31.663153515288,5.18267898736598));
#5005=CARTESIAN_POINT('Ctrl Pts',(-2.00000000000001,31.5584096405799,5.0220432193217));
#5006=CARTESIAN_POINT('Ctrl Pts',(-1.20000000000001,31.5584096405799,5.0220432193217));
#5007=CARTESIAN_POINT('Ctrl Pts',(-2.00000000000001,31.5049110993743,4.93999756959023));
#5008=CARTESIAN_POINT('Ctrl Pts',(-1.20000000000001,31.5049110993743,4.93999756959023));
#5009=CARTESIAN_POINT('',(-2.00000000000001,31.888608251512,5.35780109551491));
#5010=CARTESIAN_POINT('Ctrl Pts',(-2.00000000000001,31.888608251512,5.35780109551491));
#5011=CARTESIAN_POINT('Ctrl Pts',(-2.00000000000001,31.814542210149,5.30027025130656));
#5012=CARTESIAN_POINT('Ctrl Pts',(-2.00000000000001,31.663153515288,5.18267898736598));
#5013=CARTESIAN_POINT('Ctrl Pts',(-2.00000000000001,31.5584096405799,5.0220432193217));
#5014=CARTESIAN_POINT('Ctrl Pts',(-2.00000000000001,31.5049110993743,4.93999756959023));
#5015=CARTESIAN_POINT('',(-1.20000000000001,31.888608251512,5.35780109551491));
#5016=CARTESIAN_POINT('',(-2.00000000000001,31.888608251512,5.35780109551491));
#5017=CARTESIAN_POINT('Ctrl Pts',(-1.20000000000001,31.888608251512,5.35780109551491));
#5018=CARTESIAN_POINT('Ctrl Pts',(-1.20000000000001,31.814542210149,5.30027025130656));
#5019=CARTESIAN_POINT('Ctrl Pts',(-1.20000000000001,31.663153515288,5.18267898736598));
#5020=CARTESIAN_POINT('Ctrl Pts',(-1.20000000000001,31.5584096405799,5.0220432193217));
#5021=CARTESIAN_POINT('Ctrl Pts',(-1.20000000000001,31.5049110993743,4.93999756959023));
#5022=CARTESIAN_POINT('Ctrl Pts',(-2.00000000000001,32.4104364857077,5.56414492514672));
#5023=CARTESIAN_POINT('Ctrl Pts',(-1.20000000000001,32.4104364857077,5.56414492514672));
#5024=CARTESIAN_POINT('Ctrl Pts',(-2.00000000000001,32.3164052535821,5.54359914556214));
#5025=CARTESIAN_POINT('Ctrl Pts',(-1.20000000000001,32.3164052535821,5.54359914556214));
#5026=CARTESIAN_POINT('Ctrl Pts',(-2.00000000000001,32.1312101841945,5.50313411080956));
#5027=CARTESIAN_POINT('Ctrl Pts',(-1.20000000000001,32.1312101841945,5.50313411080956));
#5028=CARTESIAN_POINT('Ctrl Pts',(-2.00000000000001,31.9686365139576,5.40574279392349));
#5029=CARTESIAN_POINT('Ctrl Pts',(-1.20000000000001,31.9686365139576,5.40574279392349));
#5030=CARTESIAN_POINT('Ctrl Pts',(-2.00000000000001,31.888608251512,5.35780109551491));
#5031=CARTESIAN_POINT('Ctrl Pts',(-1.20000000000001,31.888608251512,5.35780109551491));
#5032=CARTESIAN_POINT('',(-2.00000000000001,32.4104364857077,5.56414492514672));
#5033=CARTESIAN_POINT('Ctrl Pts',(-2.00000000000001,32.4104364857077,5.56414492514672));
#5034=CARTESIAN_POINT('Ctrl Pts',(-2.00000000000001,32.3164052535821,5.54359914556214));
#5035=CARTESIAN_POINT('Ctrl Pts',(-2.00000000000001,32.1312101841945,5.50313411080956));
#5036=CARTESIAN_POINT('Ctrl Pts',(-2.00000000000001,31.9686365139576,5.40574279392349));
#5037=CARTESIAN_POINT('Ctrl Pts',(-2.00000000000001,31.888608251512,5.35780109551491));
#5038=CARTESIAN_POINT('',(-1.20000000000001,32.4104364857077,5.56414492514672));
#5039=CARTESIAN_POINT('',(-2.00000000000001,32.4104364857077,5.56414492514672));
#5040=CARTESIAN_POINT('Ctrl Pts',(-1.20000000000001,32.4104364857077,5.56414492514672));
#5041=CARTESIAN_POINT('Ctrl Pts',(-1.20000000000001,32.3164052535821,5.54359914556214));
#5042=CARTESIAN_POINT('Ctrl Pts',(-1.20000000000001,32.1312101841945,5.50313411080956));
#5043=CARTESIAN_POINT('Ctrl Pts',(-1.20000000000001,31.9686365139576,5.40574279392349));
#5044=CARTESIAN_POINT('Ctrl Pts',(-1.20000000000001,31.888608251512,5.35780109551491));
#5045=CARTESIAN_POINT('Ctrl Pts',(-2.00000000000001,33.2954978093505,5.61359919694008));
#5046=CARTESIAN_POINT('Ctrl Pts',(-1.20000000000001,33.2954978093505,5.61359919694008));
#5047=CARTESIAN_POINT('Ctrl Pts',(-2.00000000000001,33.122592894438,5.6133454128572));
#5048=CARTESIAN_POINT('Ctrl Pts',(-1.20000000000001,33.122592894438,5.6133454128572));
#5049=CARTESIAN_POINT('Ctrl Pts',(-2.00000000000001,32.8265714893773,5.61291092248522));
#5050=CARTESIAN_POINT('Ctrl Pts',(-1.20000000000001,32.8265714893773,5.61291092248522));
#5051=CARTESIAN_POINT('Ctrl Pts',(-2.00000000000001,32.5326709141983,5.57846932410831));
#5052=CARTESIAN_POINT('Ctrl Pts',(-1.20000000000001,32.5326709141983,5.57846932410831));
#5053=CARTESIAN_POINT('Ctrl Pts',(-2.00000000000001,32.4104364857077,5.56414492514672));
#5054=CARTESIAN_POINT('Ctrl Pts',(-1.20000000000001,32.4104364857077,5.56414492514672));
#5055=CARTESIAN_POINT('',(-2.00000000000001,33.2954978093505,5.61359919694008));
#5056=CARTESIAN_POINT('Ctrl Pts',(-2.00000000000001,33.2954978093505,5.61359919694008));
#5057=CARTESIAN_POINT('Ctrl Pts',(-2.00000000000001,33.122592894438,5.6133454128572));
#5058=CARTESIAN_POINT('Ctrl Pts',(-2.00000000000001,32.8265714893773,5.61291092248522));
#5059=CARTESIAN_POINT('Ctrl Pts',(-2.00000000000001,32.5326709141983,5.57846932410831));
#5060=CARTESIAN_POINT('Ctrl Pts',(-2.00000000000001,32.4104364857077,5.56414492514672));
#5061=CARTESIAN_POINT('',(-1.20000000000001,33.2954978093505,5.61359919694008));
#5062=CARTESIAN_POINT('',(-2.00000000000001,33.2954978093505,5.61359919694008));
#5063=CARTESIAN_POINT('Ctrl Pts',(-1.20000000000001,33.2954978093505,5.61359919694008));
#5064=CARTESIAN_POINT('Ctrl Pts',(-1.20000000000001,33.122592894438,5.6133454128572));
#5065=CARTESIAN_POINT('Ctrl Pts',(-1.20000000000001,32.8265714893773,5.61291092248522));
#5066=CARTESIAN_POINT('Ctrl Pts',(-1.20000000000001,32.5326709141983,5.57846932410831));
#5067=CARTESIAN_POINT('Ctrl Pts',(-1.20000000000001,32.4104364857077,5.56414492514672));
#5068=CARTESIAN_POINT('Origin',(-2.00000000000001,35.2941336378455,5.61359919694008));
#5069=CARTESIAN_POINT('',(-2.00000000000001,35.2941336378455,5.61359919694008));
#5070=CARTESIAN_POINT('',(-2.00000000000001,51.8470668189227,5.61359919694008));
#5071=CARTESIAN_POINT('',(-1.20000000000001,35.2941336378455,5.61359919694008));
#5072=CARTESIAN_POINT('',(-2.00000000000001,35.2941336378455,5.61359919694008));
#5073=CARTESIAN_POINT('',(-1.20000000000001,35.2941336378455,5.61359919694008));
#5074=CARTESIAN_POINT('Origin',(-2.00000000000001,35.2941336378455,0.613599196940082));
#5075=CARTESIAN_POINT('',(-2.00000000000001,35.2941336378455,1.10679959847004));
#5076=CARTESIAN_POINT('',(-1.20000000000001,35.2941336378455,0.613599196940082));
#5077=CARTESIAN_POINT('Origin',(-1.20000000000001,33.1999999925494,3.11359919694008));
#5078=CARTESIAN_POINT('Origin',(-2.00000000000001,45.2392221212349,4.44715984252037));
#5079=CARTESIAN_POINT('',(-2.00000000000001,45.2392221212349,4.44715984252037));
#5080=CARTESIAN_POINT('',(-2.00000000000001,45.9145291864834,2.59177126076759));
#5081=CARTESIAN_POINT('',(-2.00000000000001,47.0514035065153,-0.531761337694319));
#5082=CARTESIAN_POINT('',(-1.20000000000001,45.2392221212349,4.44715984252037));
#5083=CARTESIAN_POINT('',(-2.00000000000001,45.2392221212349,4.44715984252037));
#5084=CARTESIAN_POINT('',(-1.20000000000001,45.9145291864834,2.59177126076759));
#5085=CARTESIAN_POINT('',(-1.20000000000001,45.2392221212349,4.44715984252037));
#5086=CARTESIAN_POINT('',(-2.00000000000001,45.9145291864834,2.59177126076759));
#5087=CARTESIAN_POINT('Origin',(-2.00000000000001,44.5502725958786,2.59177126076759));
#5088=CARTESIAN_POINT('',(-2.00000000000001,44.5502725958786,2.59177126076759));
#5089=CARTESIAN_POINT('',(-2.00000000000001,45.833429818662,6.04740214826224));
#5090=CARTESIAN_POINT('',(-1.20000000000001,44.5502725958786,2.59177126076759));
#5091=CARTESIAN_POINT('',(-2.00000000000001,44.5502725958786,2.59177126076759));
#5092=CARTESIAN_POINT('',(-1.20000000000001,44.5502725958786,2.59177126076759));
#5093=CARTESIAN_POINT('Origin',(-2.00000000000001,45.9145291864834,2.59177126076759));
#5094=CARTESIAN_POINT('',(-2.00000000000001,57.1572645932417,2.59177126076756));
#5095=CARTESIAN_POINT('',(-1.20000000000001,45.9145291864834,2.59177126076759));
#5096=CARTESIAN_POINT('Origin',(-2.00000000000001,45.7610503554306,5.61359919694007));
#5097=CARTESIAN_POINT('',(-2.00000000000001,45.7610503554306,5.61359919694007));
#5098=CARTESIAN_POINT('',(-2.00000000000001,44.6935195445976,5.61359919694007));
#5099=CARTESIAN_POINT('',(-2.00000000000001,57.0805251777153,5.61359919694005));
#5100=CARTESIAN_POINT('',(-1.20000000000001,45.7610503554306,5.61359919694007));
#5101=CARTESIAN_POINT('',(-2.00000000000001,45.7610503554306,5.61359919694007));
#5102=CARTESIAN_POINT('',(-1.20000000000001,44.6935195445976,5.61359919694007));
#5103=CARTESIAN_POINT('',(-1.20000000000001,45.7610503554306,5.61359919694007));
#5104=CARTESIAN_POINT('',(-2.00000000000001,44.6935195445976,5.61359919694007));
#5105=CARTESIAN_POINT('Origin',(-2.00000000000001,47.7085266232452,0.613599196940068));
#5106=CARTESIAN_POINT('',(-2.00000000000001,47.7085266232452,0.613599196940068));
#5107=CARTESIAN_POINT('',(-2.00000000000001,48.9045056059686,-2.45698759913294));
#5108=CARTESIAN_POINT('',(-1.20000000000001,47.7085266232452,0.613599196940068));
#5109=CARTESIAN_POINT('',(-2.00000000000001,47.7085266232452,0.613599196940068));
#5110=CARTESIAN_POINT('',(-1.20000000000001,47.7085266232452,0.613599196940068));
#5111=CARTESIAN_POINT('Origin',(-2.00000000000001,46.6375852346382,0.61359919694007));
#5112=CARTESIAN_POINT('',(-2.00000000000001,46.6375852346382,0.61359919694007));
#5113=CARTESIAN_POINT('',(-2.00000000000001,57.5187926173191,0.613599196940045));
#5114=CARTESIAN_POINT('',(-1.20000000000001,46.6375852346382,0.61359919694007));
#5115=CARTESIAN_POINT('',(-2.00000000000001,46.6375852346382,0.61359919694007));
#5116=CARTESIAN_POINT('',(-1.20000000000001,46.6375852346382,0.61359919694007));
#5117=CARTESIAN_POINT('Origin',(-2.00000000000001,46.2248975753746,1.74934305337012));
#5118=CARTESIAN_POINT('',(-2.00000000000001,46.2248975753746,1.74934305337012));
#5119=CARTESIAN_POINT('',(-2.00000000000001,47.5420452155264,-1.87553476096316));
#5120=CARTESIAN_POINT('',(-1.20000000000001,46.2248975753746,1.74934305337012));
#5121=CARTESIAN_POINT('',(-2.00000000000001,46.2248975753746,1.74934305337012));
#5122=CARTESIAN_POINT('',(-1.20000000000001,46.2248975753746,1.74934305337012));
#5123=CARTESIAN_POINT('Origin',(-2.00000000000001,44.2262617468796,1.74934305337013));
#5124=CARTESIAN_POINT('',(-2.00000000000001,44.2262617468796,1.74934305337013));
#5125=CARTESIAN_POINT('',(-2.00000000000001,56.3131308734398,1.7493430533701));
#5126=CARTESIAN_POINT('',(-1.20000000000001,44.2262617468796,1.74934305337013));
#5127=CARTESIAN_POINT('',(-2.00000000000001,44.2262617468796,1.74934305337013));
#5128=CARTESIAN_POINT('',(-1.20000000000001,44.2262617468796,1.74934305337013));
#5129=CARTESIAN_POINT('Origin',(-2.00000000000001,43.7896994471512,0.613599196940077));
#5130=CARTESIAN_POINT('',(-2.00000000000001,43.7896994471512,0.613599196940076));
#5131=CARTESIAN_POINT('',(-2.00000000000001,45.5389301345761,5.16433114964821));
#5132=CARTESIAN_POINT('',(-1.20000000000001,43.7896994471512,0.613599196940077));
#5133=CARTESIAN_POINT('',(-2.00000000000001,43.7896994471512,0.613599196940076));
#5134=CARTESIAN_POINT('',(-1.20000000000001,43.7896994471512,0.613599196940077));
#5135=CARTESIAN_POINT('Origin',(-2.00000000000001,42.6914734363517,0.613599196940079));
#5136=CARTESIAN_POINT('',(-2.00000000000001,42.6914734363517,0.613599196940079));
#5137=CARTESIAN_POINT('',(-2.00000000000001,55.5457367181759,0.61359919694005));
#5138=CARTESIAN_POINT('',(-1.20000000000001,42.6914734363517,0.613599196940079));
#5139=CARTESIAN_POINT('',(-2.00000000000001,42.6914734363517,0.613599196940079));
#5140=CARTESIAN_POINT('',(-1.20000000000001,42.6914734363517,0.613599196940079));
#5141=CARTESIAN_POINT('Origin',(-2.00000000000001,44.6935195445976,5.61359919694007));
#5142=CARTESIAN_POINT('',(-2.00000000000001,45.6388214493215,7.97443869217061));
#5143=CARTESIAN_POINT('',(-1.20000000000001,44.6935195445976,5.61359919694007));
#5144=CARTESIAN_POINT('Origin',(-1.20000000000001,45.2000000297985,3.11359919694007));
#5145=CARTESIAN_POINT('Ctrl Pts',(-2.00000000000001,21.1096179679037,1.39122523453774));
#5146=CARTESIAN_POINT('Ctrl Pts',(-1.20000000000001,21.1096179679037,1.39122523453774));
#5147=CARTESIAN_POINT('Ctrl Pts',(-2.00000000000001,20.9807038175468,1.40140374926284));
#5148=CARTESIAN_POINT('Ctrl Pts',(-1.20000000000001,20.9807038175468,1.40140374926284));
#5149=CARTESIAN_POINT('Ctrl Pts',(-2.00000000000001,20.725698527895,1.42153788572897));
#5150=CARTESIAN_POINT('Ctrl Pts',(-1.20000000000001,20.725698527895,1.42153788572897));
#5151=CARTESIAN_POINT('Ctrl Pts',(-2.00000000000001,20.5193096177323,1.57241828811971));
#5152=CARTESIAN_POINT('Ctrl Pts',(-1.20000000000001,20.5193096177323,1.57241828811971));
#5153=CARTESIAN_POINT('Ctrl Pts',(-2.00000000000001,20.4172575667501,1.64702333596291));
#5154=CARTESIAN_POINT('Ctrl Pts',(-1.20000000000001,20.4172575667501,1.64702333596291));
#5155=CARTESIAN_POINT('',(-2.00000000000001,21.1096179679037,1.39122523453774));
#5156=CARTESIAN_POINT('',(-2.00000000000001,20.4172575667501,1.64702333596291));
#5157=CARTESIAN_POINT('Ctrl Pts',(-2.00000000000001,21.1096179679037,1.39122523453774));
#5158=CARTESIAN_POINT('Ctrl Pts',(-2.00000000000001,20.9807038175468,1.40140374926284));
#5159=CARTESIAN_POINT('Ctrl Pts',(-2.00000000000001,20.725698527895,1.42153788572897));
#5160=CARTESIAN_POINT('Ctrl Pts',(-2.00000000000001,20.5193096177323,1.57241828811971));
#5161=CARTESIAN_POINT('Ctrl Pts',(-2.00000000000001,20.4172575667501,1.64702333596291));
#5162=CARTESIAN_POINT('',(-1.20000000000001,21.1096179679037,1.39122523453774));
#5163=CARTESIAN_POINT('',(-2.00000000000001,21.1096179679037,1.39122523453774));
#5164=CARTESIAN_POINT('',(-1.20000000000001,20.4172575667501,1.64702333596291));
#5165=CARTESIAN_POINT('Ctrl Pts',(-1.20000000000001,21.1096179679037,1.39122523453774));
#5166=CARTESIAN_POINT('Ctrl Pts',(-1.20000000000001,20.9807038175468,1.40140374926284));
#5167=CARTESIAN_POINT('Ctrl Pts',(-1.20000000000001,20.725698527895,1.42153788572897));
#5168=CARTESIAN_POINT('Ctrl Pts',(-1.20000000000001,20.5193096177323,1.57241828811971));
#5169=CARTESIAN_POINT('Ctrl Pts',(-1.20000000000001,20.4172575667501,1.64702333596291));
#5170=CARTESIAN_POINT('',(-2.00000000000001,20.4172575667501,1.64702333596291));
#5171=CARTESIAN_POINT('Ctrl Pts',(-2.00000000000001,21.9963848784566,1.7936811604792));
#5172=CARTESIAN_POINT('Ctrl Pts',(-1.20000000000001,21.9963848784566,1.7936811604792));
#5173=CARTESIAN_POINT('Ctrl Pts',(-2.00000000000001,21.8732984371199,1.67630126906899));
#5174=CARTESIAN_POINT('Ctrl Pts',(-1.20000000000001,21.8732984371199,1.67630126906899));
#5175=CARTESIAN_POINT('Ctrl Pts',(-2.00000000000001,21.6247003369423,1.43922870700015));
#5176=CARTESIAN_POINT('Ctrl Pts',(-1.20000000000001,21.6247003369423,1.43922870700015));
#5177=CARTESIAN_POINT('Ctrl Pts',(-2.00000000000001,21.282425121471,1.40733012170958));
#5178=CARTESIAN_POINT('Ctrl Pts',(-1.20000000000001,21.282425121471,1.40733012170958));
#5179=CARTESIAN_POINT('Ctrl Pts',(-2.00000000000001,21.1096179679037,1.39122523453774));
#5180=CARTESIAN_POINT('Ctrl Pts',(-1.20000000000001,21.1096179679037,1.39122523453774));
#5181=CARTESIAN_POINT('',(-2.00000000000001,21.9963848784566,1.7936811604792));
#5182=CARTESIAN_POINT('Ctrl Pts',(-2.00000000000001,21.9963848784566,1.7936811604792));
#5183=CARTESIAN_POINT('Ctrl Pts',(-2.00000000000001,21.8732984371199,1.67630126906899));
#5184=CARTESIAN_POINT('Ctrl Pts',(-2.00000000000001,21.6247003369423,1.43922870700015));
#5185=CARTESIAN_POINT('Ctrl Pts',(-2.00000000000001,21.282425121471,1.40733012170958));
#5186=CARTESIAN_POINT('Ctrl Pts',(-2.00000000000001,21.1096179679037,1.39122523453774));
#5187=CARTESIAN_POINT('',(-1.20000000000001,21.9963848784566,1.7936811604792));
#5188=CARTESIAN_POINT('',(-2.00000000000001,21.9963848784566,1.7936811604792));
#5189=CARTESIAN_POINT('Ctrl Pts',(-1.20000000000001,21.9963848784566,1.7936811604792));
#5190=CARTESIAN_POINT('Ctrl Pts',(-1.20000000000001,21.8732984371199,1.67630126906899));
#5191=CARTESIAN_POINT('Ctrl Pts',(-1.20000000000001,21.6247003369423,1.43922870700015));
#5192=CARTESIAN_POINT('Ctrl Pts',(-1.20000000000001,21.282425121471,1.40733012170958));
#5193=CARTESIAN_POINT('Ctrl Pts',(-1.20000000000001,21.1096179679037,1.39122523453774));
#5194=CARTESIAN_POINT('Ctrl Pts',(-2.00000000000001,22.3374487653375,3.14429499295296));
#5195=CARTESIAN_POINT('Ctrl Pts',(-1.20000000000001,22.3374487653375,3.14429499295296));
#5196=CARTESIAN_POINT('Ctrl Pts',(-2.00000000000001,22.3345191795128,2.86655428103886));
#5197=CARTESIAN_POINT('Ctrl Pts',(-1.20000000000001,22.3345191795128,2.86655428103886));
#5198=CARTESIAN_POINT('Ctrl Pts',(-2.00000000000001,22.3294485353718,2.38582956502251));
#5199=CARTESIAN_POINT('Ctrl Pts',(-1.20000000000001,22.3294485353718,2.38582956502251));
#5200=CARTESIAN_POINT('Ctrl Pts',(-2.00000000000001,22.095267037938,1.96948212752861));
#5201=CARTESIAN_POINT('Ctrl Pts',(-1.20000000000001,22.095267037938,1.96948212752861));
#5202=CARTESIAN_POINT('Ctrl Pts',(-2.00000000000001,21.9963848784566,1.7936811604792));
#5203=CARTESIAN_POINT('Ctrl Pts',(-1.20000000000001,21.9963848784566,1.7936811604792));
#5204=CARTESIAN_POINT('',(-2.00000000000001,22.3374487653375,3.14429499295296));
#5205=CARTESIAN_POINT('Ctrl Pts',(-2.00000000000001,22.3374487653375,3.14429499295296));
#5206=CARTESIAN_POINT('Ctrl Pts',(-2.00000000000001,22.3345191795128,2.86655428103886));
#5207=CARTESIAN_POINT('Ctrl Pts',(-2.00000000000001,22.3294485353718,2.38582956502251));
#5208=CARTESIAN_POINT('Ctrl Pts',(-2.00000000000001,22.095267037938,1.96948212752861));
#5209=CARTESIAN_POINT('Ctrl Pts',(-2.00000000000001,21.9963848784566,1.7936811604792));
#5210=CARTESIAN_POINT('',(-1.20000000000001,22.3374487653375,3.14429499295296));
#5211=CARTESIAN_POINT('',(-2.00000000000001,22.3374487653375,3.14429499295296));
#5212=CARTESIAN_POINT('Ctrl Pts',(-1.20000000000001,22.3374487653375,3.14429499295296));
#5213=CARTESIAN_POINT('Ctrl Pts',(-1.20000000000001,22.3345191795128,2.86655428103886));
#5214=CARTESIAN_POINT('Ctrl Pts',(-1.20000000000001,22.3294485353718,2.38582956502251));
#5215=CARTESIAN_POINT('Ctrl Pts',(-1.20000000000001,22.095267037938,1.96948212752861));
#5216=CARTESIAN_POINT('Ctrl Pts',(-1.20000000000001,21.9963848784566,1.7936811604792));
#5217=CARTESIAN_POINT('Ctrl Pts',(-2.00000000000001,21.9912687137723,4.436927811175));
#5218=CARTESIAN_POINT('Ctrl Pts',(-1.20000000000001,21.9912687137723,4.436927811175));
#5219=CARTESIAN_POINT('Ctrl Pts',(-2.00000000000001,22.0917369424686,4.26680245763263));
#5220=CARTESIAN_POINT('Ctrl Pts',(-1.20000000000001,22.0917369424686,4.26680245763263));
#5221=CARTESIAN_POINT('Ctrl Pts',(-2.00000000000001,22.3255858130823,3.87082034164547));
#5222=CARTESIAN_POINT('Ctrl Pts',(-1.20000000000001,22.3255858130823,3.87082034164547));
#5223=CARTESIAN_POINT('Ctrl Pts',(-2.00000000000001,22.3331400479473,3.4081747032463));
#5224=CARTESIAN_POINT('Ctrl Pts',(-1.20000000000001,22.3331400479473,3.4081747032463));
#5225=CARTESIAN_POINT('Ctrl Pts',(-2.00000000000001,22.3374487653375,3.14429499295296));
#5226=CARTESIAN_POINT('Ctrl Pts',(-1.20000000000001,22.3374487653375,3.14429499295296));
#5227=CARTESIAN_POINT('',(-2.00000000000001,21.9912687137723,4.436927811175));
#5228=CARTESIAN_POINT('Ctrl Pts',(-2.00000000000001,21.9912687137723,4.436927811175));
#5229=CARTESIAN_POINT('Ctrl Pts',(-2.00000000000001,22.0917369424686,4.26680245763263));
#5230=CARTESIAN_POINT('Ctrl Pts',(-2.00000000000001,22.3255858130823,3.87082034164547));
#5231=CARTESIAN_POINT('Ctrl Pts',(-2.00000000000001,22.3331400479473,3.4081747032463));
#5232=CARTESIAN_POINT('Ctrl Pts',(-2.00000000000001,22.3374487653375,3.14429499295296));
#5233=CARTESIAN_POINT('',(-1.20000000000001,21.9912687137723,4.436927811175));
#5234=CARTESIAN_POINT('',(-2.00000000000001,21.9912687137723,4.436927811175));
#5235=CARTESIAN_POINT('Ctrl Pts',(-1.20000000000001,21.9912687137723,4.436927811175));
#5236=CARTESIAN_POINT('Ctrl Pts',(-1.20000000000001,22.0917369424686,4.26680245763263));
#5237=CARTESIAN_POINT('Ctrl Pts',(-1.20000000000001,22.3255858130823,3.87082034164547));
#5238=CARTESIAN_POINT('Ctrl Pts',(-1.20000000000001,22.3331400479473,3.4081747032463));
#5239=CARTESIAN_POINT('Ctrl Pts',(-1.20000000000001,22.3374487653375,3.14429499295296));
#5240=CARTESIAN_POINT('Ctrl Pts',(-2.00000000000001,21.0891539052129,4.8359728613192));
#5241=CARTESIAN_POINT('Ctrl Pts',(-1.20000000000001,21.0891539052129,4.8359728613192));
#5242=CARTESIAN_POINT('Ctrl Pts',(-2.00000000000001,21.2648517706727,4.82034180616569));
#5243=CARTESIAN_POINT('Ctrl Pts',(-1.20000000000001,21.2648517706727,4.82034180616569));
#5244=CARTESIAN_POINT('Ctrl Pts',(-2.00000000000001,21.6111748884421,4.78953098361741));
#5245=CARTESIAN_POINT('Ctrl Pts',(-1.20000000000001,21.6111748884421,4.78953098361741));
#5246=CARTESIAN_POINT('Ctrl Pts',(-2.00000000000001,21.8658140095852,4.55330888275856));
#5247=CARTESIAN_POINT('Ctrl Pts',(-1.20000000000001,21.8658140095852,4.55330888275856));
#5248=CARTESIAN_POINT('Ctrl Pts',(-2.00000000000001,21.9912687137723,4.436927811175));
#5249=CARTESIAN_POINT('Ctrl Pts',(-1.20000000000001,21.9912687137723,4.436927811175));
#5250=CARTESIAN_POINT('',(-2.00000000000001,21.0891539052129,4.8359728613192));
#5251=CARTESIAN_POINT('Ctrl Pts',(-2.00000000000001,21.0891539052129,4.8359728613192));
#5252=CARTESIAN_POINT('Ctrl Pts',(-2.00000000000001,21.2648517706727,4.82034180616569));
#5253=CARTESIAN_POINT('Ctrl Pts',(-2.00000000000001,21.6111748884421,4.78953098361741));
#5254=CARTESIAN_POINT('Ctrl Pts',(-2.00000000000001,21.8658140095852,4.55330888275856));
#5255=CARTESIAN_POINT('Ctrl Pts',(-2.00000000000001,21.9912687137723,4.436927811175));
#5256=CARTESIAN_POINT('',(-1.20000000000001,21.0891539052129,4.8359728613192));
#5257=CARTESIAN_POINT('',(-2.00000000000001,21.0891539052129,4.8359728613192));
#5258=CARTESIAN_POINT('Ctrl Pts',(-1.20000000000001,21.0891539052129,4.8359728613192));
#5259=CARTESIAN_POINT('Ctrl Pts',(-1.20000000000001,21.2648517706727,4.82034180616569));
#5260=CARTESIAN_POINT('Ctrl Pts',(-1.20000000000001,21.6111748884421,4.78953098361741));
#5261=CARTESIAN_POINT('Ctrl Pts',(-1.20000000000001,21.8658140095852,4.55330888275856));
#5262=CARTESIAN_POINT('Ctrl Pts',(-1.20000000000001,21.9912687137723,4.436927811175));
#5263=CARTESIAN_POINT('Ctrl Pts',(-2.00000000000001,20.4053202465177,4.61087055590691));
#5264=CARTESIAN_POINT('Ctrl Pts',(-1.20000000000001,20.4053202465177,4.61087055590691));
#5265=CARTESIAN_POINT('Ctrl Pts',(-2.00000000000001,20.5060659820378,4.67650899939156));
#5266=CARTESIAN_POINT('Ctrl Pts',(-1.20000000000001,20.5060659820378,4.67650899939156));
#5267=CARTESIAN_POINT('Ctrl Pts',(-2.00000000000001,20.7138045847643,4.81185605367873));
#5268=CARTESIAN_POINT('Ctrl Pts',(-1.20000000000001,20.7138045847643,4.81185605367873));
#5269=CARTESIAN_POINT('Ctrl Pts',(-2.00000000000001,20.961554018213,4.82777435991777));
#5270=CARTESIAN_POINT('Ctrl Pts',(-1.20000000000001,20.961554018213,4.82777435991777));
#5271=CARTESIAN_POINT('Ctrl Pts',(-2.00000000000001,21.0891539052129,4.8359728613192));
#5272=CARTESIAN_POINT('Ctrl Pts',(-1.20000000000001,21.0891539052129,4.8359728613192));
#5273=CARTESIAN_POINT('',(-2.00000000000001,20.4053202465177,4.61087055590691));
#5274=CARTESIAN_POINT('Ctrl Pts',(-2.00000000000001,20.4053202465177,4.61087055590691));
#5275=CARTESIAN_POINT('Ctrl Pts',(-2.00000000000001,20.5060659820378,4.67650899939156));
#5276=CARTESIAN_POINT('Ctrl Pts',(-2.00000000000001,20.7138045847643,4.81185605367873));
#5277=CARTESIAN_POINT('Ctrl Pts',(-2.00000000000001,20.961554018213,4.82777435991777));
#5278=CARTESIAN_POINT('Ctrl Pts',(-2.00000000000001,21.0891539052129,4.8359728613192));
#5279=CARTESIAN_POINT('',(-1.20000000000001,20.4053202465177,4.61087055590691));
#5280=CARTESIAN_POINT('',(-2.00000000000001,20.4053202465177,4.61087055590691));
#5281=CARTESIAN_POINT('Ctrl Pts',(-1.20000000000001,20.4053202465177,4.61087055590691));
#5282=CARTESIAN_POINT('Ctrl Pts',(-1.20000000000001,20.5060659820378,4.67650899939156));
#5283=CARTESIAN_POINT('Ctrl Pts',(-1.20000000000001,20.7138045847643,4.81185605367873));
#5284=CARTESIAN_POINT('Ctrl Pts',(-1.20000000000001,20.961554018213,4.82777435991777));
#5285=CARTESIAN_POINT('Ctrl Pts',(-1.20000000000001,21.0891539052129,4.8359728613192));
#5286=CARTESIAN_POINT('Ctrl Pts',(-2.00000000000001,20.0352657034994,3.99695523169579));
#5287=CARTESIAN_POINT('Ctrl Pts',(-1.20000000000001,20.0352657034994,3.99695523169579));
#5288=CARTESIAN_POINT('Ctrl Pts',(-2.00000000000001,20.0715001328784,4.11863444452498));
#5289=CARTESIAN_POINT('Ctrl Pts',(-1.20000000000001,20.0715001328784,4.11863444452498));
#5290=CARTESIAN_POINT('Ctrl Pts',(-2.00000000000001,20.1420244516993,4.35546289046661));
#5291=CARTESIAN_POINT('Ctrl Pts',(-1.20000000000001,20.1420244516993,4.35546289046661));
#5292=CARTESIAN_POINT('Ctrl Pts',(-2.00000000000001,20.3191832251686,4.52731413015421));
#5293=CARTESIAN_POINT('Ctrl Pts',(-1.20000000000001,20.3191832251686,4.52731413015421));
#5294=CARTESIAN_POINT('Ctrl Pts',(-2.00000000000001,20.4053202465177,4.61087055590691));
#5295=CARTESIAN_POINT('Ctrl Pts',(-1.20000000000001,20.4053202465177,4.61087055590691));
#5296=CARTESIAN_POINT('',(-2.00000000000001,20.0352657034994,3.99695523169579));
#5297=CARTESIAN_POINT('Ctrl Pts',(-2.00000000000001,20.0352657034994,3.99695523169579));
#5298=CARTESIAN_POINT('Ctrl Pts',(-2.00000000000001,20.0715001328784,4.11863444452498));
#5299=CARTESIAN_POINT('Ctrl Pts',(-2.00000000000001,20.1420244516993,4.35546289046661));
#5300=CARTESIAN_POINT('Ctrl Pts',(-2.00000000000001,20.3191832251686,4.52731413015421));
#5301=CARTESIAN_POINT('Ctrl Pts',(-2.00000000000001,20.4053202465177,4.61087055590691));
#5302=CARTESIAN_POINT('',(-1.20000000000001,20.0352657034994,3.99695523169579));
#5303=CARTESIAN_POINT('',(-2.00000000000001,20.0352657034994,3.99695523169579));
#5304=CARTESIAN_POINT('Ctrl Pts',(-1.20000000000001,20.0352657034994,3.99695523169579));
#5305=CARTESIAN_POINT('Ctrl Pts',(-1.20000000000001,20.0715001328784,4.11863444452498));
#5306=CARTESIAN_POINT('Ctrl Pts',(-1.20000000000001,20.1420244516993,4.35546289046661));
#5307=CARTESIAN_POINT('Ctrl Pts',(-1.20000000000001,20.3191832251686,4.52731413015421));
#5308=CARTESIAN_POINT('Ctrl Pts',(-1.20000000000001,20.4053202465177,4.61087055590691));
#5309=CARTESIAN_POINT('Origin',(-2.00000000000001,19.0359479382635,4.23569984820427));
#5310=CARTESIAN_POINT('',(-2.00000000000001,19.0359479382635,4.23569984820427));
#5311=CARTESIAN_POINT('',(-2.00000000000001,42.6831127801937,-1.4137877303207));
#5312=CARTESIAN_POINT('',(-1.20000000000001,19.0359479382635,4.23569984820427));
#5313=CARTESIAN_POINT('',(-2.00000000000001,19.0359479382635,4.23569984820427));
#5314=CARTESIAN_POINT('',(-1.20000000000001,19.0359479382635,4.23569984820427));
#5315=CARTESIAN_POINT('Ctrl Pts',(-2.00000000000001,19.5475441411138,5.15657313254418));
#5316=CARTESIAN_POINT('Ctrl Pts',(-1.20000000000001,19.5475441411138,5.15657313254418));
#5317=CARTESIAN_POINT('Ctrl Pts',(-2.00000000000001,19.4391953648135,5.03144869437911));
#5318=CARTESIAN_POINT('Ctrl Pts',(-1.20000000000001,19.4391953648135,5.03144869437911));
#5319=CARTESIAN_POINT('Ctrl Pts',(-2.00000000000001,19.204840602963,4.76080873969643));
#5320=CARTESIAN_POINT('Ctrl Pts',(-1.20000000000001,19.204840602963,4.76080873969643));
#5321=CARTESIAN_POINT('Ctrl Pts',(-2.00000000000001,19.0950040003378,4.4193126969146));
#5322=CARTESIAN_POINT('Ctrl Pts',(-1.20000000000001,19.0950040003378,4.4193126969146));
#5323=CARTESIAN_POINT('Ctrl Pts',(-2.00000000000001,19.0359479382635,4.23569984820427));
#5324=CARTESIAN_POINT('Ctrl Pts',(-1.20000000000001,19.0359479382635,4.23569984820427));
#5325=CARTESIAN_POINT('',(-2.00000000000001,19.5475441411138,5.15657313254418));
#5326=CARTESIAN_POINT('Ctrl Pts',(-2.00000000000001,19.5475441411138,5.15657313254418));
#5327=CARTESIAN_POINT('Ctrl Pts',(-2.00000000000001,19.4391953648135,5.03144869437911));
#5328=CARTESIAN_POINT('Ctrl Pts',(-2.00000000000001,19.204840602963,4.76080873969643));
#5329=CARTESIAN_POINT('Ctrl Pts',(-2.00000000000001,19.0950040003378,4.4193126969146));
#5330=CARTESIAN_POINT('Ctrl Pts',(-2.00000000000001,19.0359479382635,4.23569984820427));
#5331=CARTESIAN_POINT('',(-1.20000000000001,19.5475441411138,5.15657313254418));
#5332=CARTESIAN_POINT('',(-2.00000000000001,19.5475441411138,5.15657313254418));
#5333=CARTESIAN_POINT('Ctrl Pts',(-1.20000000000001,19.5475441411138,5.15657313254418));
#5334=CARTESIAN_POINT('Ctrl Pts',(-1.20000000000001,19.4391953648135,5.03144869437911));
#5335=CARTESIAN_POINT('Ctrl Pts',(-1.20000000000001,19.204840602963,4.76080873969643));
#5336=CARTESIAN_POINT('Ctrl Pts',(-1.20000000000001,19.0950040003378,4.4193126969146));
#5337=CARTESIAN_POINT('Ctrl Pts',(-1.20000000000001,19.0359479382635,4.23569984820427));
#5338=CARTESIAN_POINT('Ctrl Pts',(-2.00000000000001,21.0379943445325,5.69886483338417));
#5339=CARTESIAN_POINT('Ctrl Pts',(-1.20000000000001,21.0379943445325,5.69886483338417));
#5340=CARTESIAN_POINT('Ctrl Pts',(-2.00000000000001,20.7509367252517,5.68031030164922));
#5341=CARTESIAN_POINT('Ctrl Pts',(-1.20000000000001,20.7509367252517,5.68031030164922));
#5342=CARTESIAN_POINT('Ctrl Pts',(-2.00000000000001,20.1999378581761,5.64469541014874));
#5343=CARTESIAN_POINT('Ctrl Pts',(-1.20000000000001,20.1999378581761,5.64469541014874));
#5344=CARTESIAN_POINT('Ctrl Pts',(-2.00000000000001,19.7588401720648,5.31466524345696));
#5345=CARTESIAN_POINT('Ctrl Pts',(-1.20000000000001,19.7588401720648,5.31466524345696));
#5346=CARTESIAN_POINT('Ctrl Pts',(-2.00000000000001,19.5475441411138,5.15657313254418));
#5347=CARTESIAN_POINT('Ctrl Pts',(-1.20000000000001,19.5475441411138,5.15657313254418));
#5348=CARTESIAN_POINT('',(-2.00000000000001,21.0379943445325,5.69886483338417));
#5349=CARTESIAN_POINT('Ctrl Pts',(-2.00000000000001,21.0379943445325,5.69886483338417));
#5350=CARTESIAN_POINT('Ctrl Pts',(-2.00000000000001,20.7509367252517,5.68031030164922));
#5351=CARTESIAN_POINT('Ctrl Pts',(-2.00000000000001,20.1999378581761,5.64469541014874));
#5352=CARTESIAN_POINT('Ctrl Pts',(-2.00000000000001,19.7588401720648,5.31466524345696));
#5353=CARTESIAN_POINT('Ctrl Pts',(-2.00000000000001,19.5475441411138,5.15657313254418));
#5354=CARTESIAN_POINT('',(-1.20000000000001,21.0379943445325,5.69886483338417));
#5355=CARTESIAN_POINT('',(-2.00000000000001,21.0379943445325,5.69886483338417));
#5356=CARTESIAN_POINT('Ctrl Pts',(-1.20000000000001,21.0379943445325,5.69886483338417));
#5357=CARTESIAN_POINT('Ctrl Pts',(-1.20000000000001,20.7509367252517,5.68031030164922));
#5358=CARTESIAN_POINT('Ctrl Pts',(-1.20000000000001,20.1999378581761,5.64469541014874));
#5359=CARTESIAN_POINT('Ctrl Pts',(-1.20000000000001,19.7588401720648,5.31466524345696));
#5360=CARTESIAN_POINT('Ctrl Pts',(-1.20000000000001,19.5475441411138,5.15657313254418));
#5361=CARTESIAN_POINT('Ctrl Pts',(-2.00000000000001,22.733083088696,5.00821001914085));
#5362=CARTESIAN_POINT('Ctrl Pts',(-1.20000000000001,22.733083088696,5.00821001914085));
#5363=CARTESIAN_POINT('Ctrl Pts',(-2.00000000000001,22.4963139523336,5.20960050802711));
#5364=CARTESIAN_POINT('Ctrl Pts',(-1.20000000000001,22.4963139523336,5.20960050802711));
#5365=CARTESIAN_POINT('Ctrl Pts',(-2.00000000000001,22.0080929270575,5.62487030406339));
#5366=CARTESIAN_POINT('Ctrl Pts',(-1.20000000000001,22.0080929270575,5.62487030406339));
#5367=CARTESIAN_POINT('Ctrl Pts',(-2.00000000000001,21.3677794648591,5.67371038496507));
#5368=CARTESIAN_POINT('Ctrl Pts',(-1.20000000000001,21.3677794648591,5.67371038496507));
#5369=CARTESIAN_POINT('Ctrl Pts',(-2.00000000000001,21.0379943445325,5.69886483338417));
#5370=CARTESIAN_POINT('Ctrl Pts',(-1.20000000000001,21.0379943445325,5.69886483338417));
#5371=CARTESIAN_POINT('',(-2.00000000000001,22.733083088696,5.00821001914085));
#5372=CARTESIAN_POINT('Ctrl Pts',(-2.00000000000001,22.733083088696,5.00821001914085));
#5373=CARTESIAN_POINT('Ctrl Pts',(-2.00000000000001,22.4963139523336,5.20960050802711));
#5374=CARTESIAN_POINT('Ctrl Pts',(-2.00000000000001,22.0080929270575,5.62487030406339));
#5375=CARTESIAN_POINT('Ctrl Pts',(-2.00000000000001,21.3677794648591,5.67371038496507));
#5376=CARTESIAN_POINT('Ctrl Pts',(-2.00000000000001,21.0379943445325,5.69886483338417));
#5377=CARTESIAN_POINT('',(-1.20000000000001,22.733083088696,5.00821001914085));
#5378=CARTESIAN_POINT('',(-2.00000000000001,22.733083088696,5.00821001914085));
#5379=CARTESIAN_POINT('Ctrl Pts',(-1.20000000000001,22.733083088696,5.00821001914085));
#5380=CARTESIAN_POINT('Ctrl Pts',(-1.20000000000001,22.4963139523336,5.20960050802711));
#5381=CARTESIAN_POINT('Ctrl Pts',(-1.20000000000001,22.0080929270575,5.62487030406339));
#5382=CARTESIAN_POINT('Ctrl Pts',(-1.20000000000001,21.3677794648591,5.67371038496507));
#5383=CARTESIAN_POINT('Ctrl Pts',(-1.20000000000001,21.0379943445325,5.69886483338417));
#5384=CARTESIAN_POINT('Ctrl Pts',(-2.00000000000001,23.3776943579317,3.06926049378456));
#5385=CARTESIAN_POINT('Ctrl Pts',(-1.20000000000001,23.3776943579317,3.06926049378456));
#5386=CARTESIAN_POINT('Ctrl Pts',(-2.00000000000001,23.3601232600215,3.45150704470588));
#5387=CARTESIAN_POINT('Ctrl Pts',(-1.20000000000001,23.3601232600215,3.45150704470588));
#5388=CARTESIAN_POINT('Ctrl Pts',(-2.00000000000001,23.3274890917554,4.16143981758916));
#5389=CARTESIAN_POINT('Ctrl Pts',(-1.20000000000001,23.3274890917554,4.16143981758916));
#5390=CARTESIAN_POINT('Ctrl Pts',(-2.00000000000001,22.9208000237383,4.74079497605192));
#5391=CARTESIAN_POINT('Ctrl Pts',(-1.20000000000001,22.9208000237383,4.74079497605192));
#5392=CARTESIAN_POINT('Ctrl Pts',(-2.00000000000001,22.733083088696,5.00821001914085));
#5393=CARTESIAN_POINT('Ctrl Pts',(-1.20000000000001,22.733083088696,5.00821001914085));
#5394=CARTESIAN_POINT('',(-2.00000000000001,23.3776943579317,3.06926049378456));
#5395=CARTESIAN_POINT('Ctrl Pts',(-2.00000000000001,23.3776943579317,3.06926049378456));
#5396=CARTESIAN_POINT('Ctrl Pts',(-2.00000000000001,23.3601232600215,3.45150704470588));
#5397=CARTESIAN_POINT('Ctrl Pts',(-2.00000000000001,23.3274890917554,4.16143981758916));
#5398=CARTESIAN_POINT('Ctrl Pts',(-2.00000000000001,22.9208000237383,4.74079497605192));
#5399=CARTESIAN_POINT('Ctrl Pts',(-2.00000000000001,22.733083088696,5.00821001914085));
#5400=CARTESIAN_POINT('',(-1.20000000000001,23.3776943579317,3.06926049378456));
#5401=CARTESIAN_POINT('',(-2.00000000000001,23.3776943579317,3.06926049378456));
#5402=CARTESIAN_POINT('Ctrl Pts',(-1.20000000000001,23.3776943579317,3.06926049378456));
#5403=CARTESIAN_POINT('Ctrl Pts',(-1.20000000000001,23.3601232600215,3.45150704470588));
#5404=CARTESIAN_POINT('Ctrl Pts',(-1.20000000000001,23.3274890917554,4.16143981758916));
#5405=CARTESIAN_POINT('Ctrl Pts',(-1.20000000000001,22.9208000237383,4.74079497605192));
#5406=CARTESIAN_POINT('Ctrl Pts',(-1.20000000000001,22.733083088696,5.00821001914085));
#5407=CARTESIAN_POINT('Ctrl Pts',(-2.00000000000001,22.7364938154817,1.20875634339394));
#5408=CARTESIAN_POINT('Ctrl Pts',(-1.20000000000001,22.7364938154817,1.20875634339394));
#5409=CARTESIAN_POINT('Ctrl Pts',(-2.00000000000001,22.923302003292,1.46768963152039));
#5410=CARTESIAN_POINT('Ctrl Pts',(-1.20000000000001,22.923302003292,1.46768963152039));
#5411=CARTESIAN_POINT('Ctrl Pts',(-2.00000000000001,23.3226652323803,2.02124370897683));
#5412=CARTESIAN_POINT('Ctrl Pts',(-1.20000000000001,23.3226652323803,2.02124370897683));
#5413=CARTESIAN_POINT('Ctrl Pts',(-2.00000000000001,23.3585795208374,2.70522290618074));
#5414=CARTESIAN_POINT('Ctrl Pts',(-1.20000000000001,23.3585795208374,2.70522290618074));
#5415=CARTESIAN_POINT('Ctrl Pts',(-2.00000000000001,23.3776943579317,3.06926049378456));
#5416=CARTESIAN_POINT('Ctrl Pts',(-1.20000000000001,23.3776943579317,3.06926049378456));
#5417=CARTESIAN_POINT('',(-2.00000000000001,22.7364938154817,1.20875634339394));
#5418=CARTESIAN_POINT('Ctrl Pts',(-2.00000000000001,22.7364938154817,1.20875634339394));
#5419=CARTESIAN_POINT('Ctrl Pts',(-2.00000000000001,22.923302003292,1.46768963152039));
#5420=CARTESIAN_POINT('Ctrl Pts',(-2.00000000000001,23.3226652323803,2.02124370897683));
#5421=CARTESIAN_POINT('Ctrl Pts',(-2.00000000000001,23.3585795208374,2.70522290618074));
#5422=CARTESIAN_POINT('Ctrl Pts',(-2.00000000000001,23.3776943579317,3.06926049378456));
#5423=CARTESIAN_POINT('',(-1.20000000000001,22.7364938154817,1.20875634339394));
#5424=CARTESIAN_POINT('',(-2.00000000000001,22.7364938154817,1.20875634339394));
#5425=CARTESIAN_POINT('Ctrl Pts',(-1.20000000000001,22.7364938154817,1.20875634339394));
#5426=CARTESIAN_POINT('Ctrl Pts',(-1.20000000000001,22.923302003292,1.46768963152039));
#5427=CARTESIAN_POINT('Ctrl Pts',(-1.20000000000001,23.3226652323803,2.02124370897683));
#5428=CARTESIAN_POINT('Ctrl Pts',(-1.20000000000001,23.3585795208374,2.70522290618074));
#5429=CARTESIAN_POINT('Ctrl Pts',(-1.20000000000001,23.3776943579317,3.06926049378456));
#5430=CARTESIAN_POINT('Ctrl Pts',(-2.00000000000001,21.0993859365583,0.52833296444954));
#5431=CARTESIAN_POINT('Ctrl Pts',(-1.20000000000001,21.0993859365583,0.52833296444954));
#5432=CARTESIAN_POINT('Ctrl Pts',(-2.00000000000001,21.414583993564,0.554599123294917));
#5433=CARTESIAN_POINT('Ctrl Pts',(-1.20000000000001,21.414583993564,0.554599123294917));
#5434=CARTESIAN_POINT('Ctrl Pts',(-2.00000000000001,22.0338979429584,0.606207939429398));
#5435=CARTESIAN_POINT('Ctrl Pts',(-1.20000000000001,22.0338979429584,0.606207939429398));
#5436=CARTESIAN_POINT('Ctrl Pts',(-2.00000000000001,22.505105830068,1.01031728794252));
#5437=CARTESIAN_POINT('Ctrl Pts',(-1.20000000000001,22.505105830068,1.01031728794252));
#5438=CARTESIAN_POINT('Ctrl Pts',(-2.00000000000001,22.7364938154817,1.20875634339394));
#5439=CARTESIAN_POINT('Ctrl Pts',(-1.20000000000001,22.7364938154817,1.20875634339394));
#5440=CARTESIAN_POINT('',(-2.00000000000001,21.0993859365583,0.52833296444954));
#5441=CARTESIAN_POINT('Ctrl Pts',(-2.00000000000001,21.0993859365583,0.52833296444954));
#5442=CARTESIAN_POINT('Ctrl Pts',(-2.00000000000001,21.414583993564,0.554599123294917));
#5443=CARTESIAN_POINT('Ctrl Pts',(-2.00000000000001,22.0338979429584,0.606207939429398));
#5444=CARTESIAN_POINT('Ctrl Pts',(-2.00000000000001,22.505105830068,1.01031728794252));
#5445=CARTESIAN_POINT('Ctrl Pts',(-2.00000000000001,22.7364938154817,1.20875634339394));
#5446=CARTESIAN_POINT('',(-1.20000000000001,21.0993859365583,0.52833296444954));
#5447=CARTESIAN_POINT('',(-2.00000000000001,21.0993859365583,0.52833296444954));
#5448=CARTESIAN_POINT('Ctrl Pts',(-1.20000000000001,21.0993859365583,0.52833296444954));
#5449=CARTESIAN_POINT('Ctrl Pts',(-1.20000000000001,21.414583993564,0.554599123294917));
#5450=CARTESIAN_POINT('Ctrl Pts',(-1.20000000000001,22.0338979429584,0.606207939429398));
#5451=CARTESIAN_POINT('Ctrl Pts',(-1.20000000000001,22.505105830068,1.01031728794252));
#5452=CARTESIAN_POINT('Ctrl Pts',(-1.20000000000001,22.7364938154817,1.20875634339394));
#5453=CARTESIAN_POINT('Ctrl Pts',(-2.00000000000001,19.7709411576391,0.925673023729936));
#5454=CARTESIAN_POINT('Ctrl Pts',(-1.20000000000001,19.7709411576391,0.925673023729936));
#5455=CARTESIAN_POINT('Ctrl Pts',(-2.00000000000001,19.9638127239201,0.809876032129374));
#5456=CARTESIAN_POINT('Ctrl Pts',(-1.20000000000001,19.9638127239201,0.809876032129374));
#5457=CARTESIAN_POINT('Ctrl Pts',(-2.00000000000001,20.3718486076529,0.564897839063447));
#5458=CARTESIAN_POINT('Ctrl Pts',(-1.20000000000001,20.3718486076529,0.564897839063447));
#5459=CARTESIAN_POINT('Ctrl Pts',(-2.00000000000001,20.8481984810712,0.540957248385995));
#5460=CARTESIAN_POINT('Ctrl Pts',(-1.20000000000001,20.8481984810712,0.540957248385995));
#5461=CARTESIAN_POINT('Ctrl Pts',(-2.00000000000001,21.0993859365583,0.52833296444954));
#5462=CARTESIAN_POINT('Ctrl Pts',(-1.20000000000001,21.0993859365583,0.52833296444954));
#5463=CARTESIAN_POINT('',(-2.00000000000001,19.7709411576391,0.925673023729936));
#5464=CARTESIAN_POINT('Ctrl Pts',(-2.00000000000001,19.7709411576391,0.925673023729936));
#5465=CARTESIAN_POINT('Ctrl Pts',(-2.00000000000001,19.9638127239201,0.809876032129374));
#5466=CARTESIAN_POINT('Ctrl Pts',(-2.00000000000001,20.3718486076529,0.564897839063447));
#5467=CARTESIAN_POINT('Ctrl Pts',(-2.00000000000001,20.8481984810712,0.540957248385995));
#5468=CARTESIAN_POINT('Ctrl Pts',(-2.00000000000001,21.0993859365583,0.52833296444954));
#5469=CARTESIAN_POINT('',(-1.20000000000001,19.7709411576391,0.925673023729936));
#5470=CARTESIAN_POINT('',(-2.00000000000001,19.7709411576391,0.925673023729936));
#5471=CARTESIAN_POINT('Ctrl Pts',(-1.20000000000001,19.7709411576391,0.925673023729936));
#5472=CARTESIAN_POINT('Ctrl Pts',(-1.20000000000001,19.9638127239201,0.809876032129374));
#5473=CARTESIAN_POINT('Ctrl Pts',(-1.20000000000001,20.3718486076529,0.564897839063447));
#5474=CARTESIAN_POINT('Ctrl Pts',(-1.20000000000001,20.8481984810712,0.540957248385995));
#5475=CARTESIAN_POINT('Ctrl Pts',(-1.20000000000001,21.0993859365583,0.52833296444954));
#5476=CARTESIAN_POINT('Ctrl Pts',(-2.00000000000001,19.0223056271673,2.14156605389656));
#5477=CARTESIAN_POINT('Ctrl Pts',(-1.20000000000001,19.0223056271673,2.14156605389656));
#5478=CARTESIAN_POINT('Ctrl Pts',(-2.00000000000001,19.1030002355407,1.89168185816463));
#5479=CARTESIAN_POINT('Ctrl Pts',(-1.20000000000001,19.1030002355407,1.89168185816463));
#5480=CARTESIAN_POINT('Ctrl Pts',(-2.00000000000001,19.2539874468466,1.42412499626867));
#5481=CARTESIAN_POINT('Ctrl Pts',(-1.20000000000001,19.2539874468466,1.42412499626867));
#5482=CARTESIAN_POINT('Ctrl Pts',(-2.00000000000001,19.6067236394154,1.08401320811225));
#5483=CARTESIAN_POINT('Ctrl Pts',(-1.20000000000001,19.6067236394154,1.08401320811225));
#5484=CARTESIAN_POINT('Ctrl Pts',(-2.00000000000001,19.7709411576391,0.925673023729936));
#5485=CARTESIAN_POINT('Ctrl Pts',(-1.20000000000001,19.7709411576391,0.925673023729936));
#5486=CARTESIAN_POINT('',(-2.00000000000001,19.0223056271673,2.14156605389656));
#5487=CARTESIAN_POINT('Ctrl Pts',(-2.00000000000001,19.0223056271673,2.14156605389656));
#5488=CARTESIAN_POINT('Ctrl Pts',(-2.00000000000001,19.1030002355407,1.89168185816463));
#5489=CARTESIAN_POINT('Ctrl Pts',(-2.00000000000001,19.2539874468466,1.42412499626867));
#5490=CARTESIAN_POINT('Ctrl Pts',(-2.00000000000001,19.6067236394154,1.08401320811225));
#5491=CARTESIAN_POINT('Ctrl Pts',(-2.00000000000001,19.7709411576391,0.925673023729936));
#5492=CARTESIAN_POINT('',(-1.20000000000001,19.0223056271673,2.14156605389656));
#5493=CARTESIAN_POINT('',(-2.00000000000001,19.0223056271673,2.14156605389656));
#5494=CARTESIAN_POINT('Ctrl Pts',(-1.20000000000001,19.0223056271673,2.14156605389656));
#5495=CARTESIAN_POINT('Ctrl Pts',(-1.20000000000001,19.1030002355407,1.89168185816463));
#5496=CARTESIAN_POINT('Ctrl Pts',(-1.20000000000001,19.2539874468466,1.42412499626867));
#5497=CARTESIAN_POINT('Ctrl Pts',(-1.20000000000001,19.6067236394154,1.08401320811225));
#5498=CARTESIAN_POINT('Ctrl Pts',(-1.20000000000001,19.7709411576391,0.925673023729936));
#5499=CARTESIAN_POINT('Origin',(-2.00000000000001,20.0011593297124,2.45193459179939));
#5500=CARTESIAN_POINT('',(-2.00000000000001,20.0011593297124,2.45193459179939));
#5501=CARTESIAN_POINT('',(-2.00000000000001,41.8672014260933,9.38507638564407));
#5502=CARTESIAN_POINT('',(-1.20000000000001,20.0011593297124,2.45193459179939));
#5503=CARTESIAN_POINT('',(-2.00000000000001,20.0011593297124,2.45193459179939));
#5504=CARTESIAN_POINT('',(-1.20000000000001,20.0011593297124,2.45193459179939));
#5505=CARTESIAN_POINT('Ctrl Pts',(-2.00000000000001,20.4172575667501,1.64702333596291));
#5506=CARTESIAN_POINT('Ctrl Pts',(-1.20000000000001,20.4172575667501,1.64702333596291));
#5507=CARTESIAN_POINT('Ctrl Pts',(-2.00000000000001,20.3258486045905,1.75221347772531));
#5508=CARTESIAN_POINT('Ctrl Pts',(-1.20000000000001,20.3258486045905,1.75221347772531));
#5509=CARTESIAN_POINT('Ctrl Pts',(-2.00000000000001,20.1227436592832,1.98593933441135));
#5510=CARTESIAN_POINT('Ctrl Pts',(-1.20000000000001,20.1227436592832,1.98593933441135));
#5511=CARTESIAN_POINT('Ctrl Pts',(-2.00000000000001,20.0442992317877,2.28659264483756));
#5512=CARTESIAN_POINT('Ctrl Pts',(-1.20000000000001,20.0442992317877,2.28659264483756));
#5513=CARTESIAN_POINT('Ctrl Pts',(-2.00000000000001,20.0011593297124,2.45193459179939));
#5514=CARTESIAN_POINT('Ctrl Pts',(-1.20000000000001,20.0011593297124,2.45193459179939));
#5515=CARTESIAN_POINT('Ctrl Pts',(-2.00000000000001,20.4172575667501,1.64702333596291));
#5516=CARTESIAN_POINT('Ctrl Pts',(-2.00000000000001,20.3258486045905,1.75221347772531));
#5517=CARTESIAN_POINT('Ctrl Pts',(-2.00000000000001,20.1227436592832,1.98593933441135));
#5518=CARTESIAN_POINT('Ctrl Pts',(-2.00000000000001,20.0442992317877,2.28659264483756));
#5519=CARTESIAN_POINT('Ctrl Pts',(-2.00000000000001,20.0011593297124,2.45193459179939));
#5520=CARTESIAN_POINT('Ctrl Pts',(-1.20000000000001,20.4172575667501,1.64702333596291));
#5521=CARTESIAN_POINT('Ctrl Pts',(-1.20000000000001,20.3258486045905,1.75221347772531));
#5522=CARTESIAN_POINT('Ctrl Pts',(-1.20000000000001,20.1227436592832,1.98593933441135));
#5523=CARTESIAN_POINT('Ctrl Pts',(-1.20000000000001,20.0442992317877,2.28659264483756));
#5524=CARTESIAN_POINT('Ctrl Pts',(-1.20000000000001,20.0011593297124,2.45193459179939));
#5525=CARTESIAN_POINT('Origin',(-1.20000000000001,21.1999999925495,3.11359889891686));
#5526=CARTESIAN_POINT('Origin',(-2.00000000000001,68.4,1.6));
#5527=CARTESIAN_POINT('',(-2.00000000000001,16.3999999999984,-0.6));
#5528=CARTESIAN_POINT('',(-2.00000000000001,16.7999999999984,-1.));
#5529=CARTESIAN_POINT('',(-2.00000000000001,28.9499999999988,-13.1500000000004));
#5530=CARTESIAN_POINT('',(-2.00000000000001,16.3999999999984,1.2));
#5531=CARTESIAN_POINT('',(-2.00000000000001,16.3999999999984,-1.));
#5532=CARTESIAN_POINT('',(-2.00000000000001,15.9999999999984,1.6));
#5533=CARTESIAN_POINT('',(-2.00000000000001,29.1999999999988,-11.6000000000004));
#5534=CARTESIAN_POINT('',(-2.00000000000001,3.2,1.6));
#5535=CARTESIAN_POINT('',(-2.00000000000001,-2.,1.6));
#5536=CARTESIAN_POINT('',(-2.00000000000001,3.2,7.06359955456795));
#5537=CARTESIAN_POINT('',(-2.00000000000001,3.2,1.6));
#5538=CARTESIAN_POINT('',(-2.00000000000001,63.2,7.06359955456795));
#5539=CARTESIAN_POINT('',(-2.00000000000001,50.8,7.06359955456795));
#5540=CARTESIAN_POINT('',(-2.00000000000001,63.2,1.6));
#5541=CARTESIAN_POINT('',(-2.00000000000001,63.2,1.6));
#5542=CARTESIAN_POINT('',(-2.00000000000001,50.3999999999957,1.6));
#5543=CARTESIAN_POINT('',(-2.00000000000001,-2.,1.6));
#5544=CARTESIAN_POINT('',(-2.00000000000001,49.9999999999957,1.2));
#5545=CARTESIAN_POINT('',(-2.00000000000001,54.7999999999968,6.00000000000107));
#5546=CARTESIAN_POINT('',(-2.00000000000001,49.9999999999957,-0.6));
#5547=CARTESIAN_POINT('',(-2.00000000000001,49.9999999999957,1.6));
#5548=CARTESIAN_POINT('',(-2.00000000000001,49.5999999999957,-1.));
#5549=CARTESIAN_POINT('',(-2.00000000000001,55.0499999999968,4.45000000000107));
#5550=CARTESIAN_POINT('',(-2.00000000000001,49.9999999999957,-1.));
#5551=CARTESIAN_POINT('Origin',(-2.00000000000001,68.4,1.6));
#5552=CARTESIAN_POINT('Origin',(-2.00000000000001,68.4,1.6));
#5553=CARTESIAN_POINT('Origin',(15.6,16.1999999999984,1.4));
#5554=CARTESIAN_POINT('',(-0.400000000000008,16.3999999999984,1.2));
#5555=CARTESIAN_POINT('',(-0.400000000000008,15.9999999999984,1.6));
#5556=CARTESIAN_POINT('',(-0.400000000000009,13.8999999999988,3.69999999999961));
#5557=CARTESIAN_POINT('',(15.6,15.9999999999984,1.6));
#5558=CARTESIAN_POINT('',(15.6,16.3999999999984,1.2));
#5559=CARTESIAN_POINT('Origin',(33.2,33.2,1.6));
#5560=CARTESIAN_POINT('',(-0.4,7.2,1.6));
#5561=CARTESIAN_POINT('',(-0.400000000000009,-0.4,1.6));
#5562=CARTESIAN_POINT('',(3.39999999999999,7.20000000000001,1.6));
#5563=CARTESIAN_POINT('',(-0.4,7.2,1.6));
#5564=CARTESIAN_POINT('',(7.2,3.4,1.6));
#5565=CARTESIAN_POINT('Origin',(3.39999999999999,3.4,1.6));
#5566=CARTESIAN_POINT('',(7.2,-0.4,1.6));
#5567=CARTESIAN_POINT('',(7.2,-0.4,1.6));
#5568=CARTESIAN_POINT('',(10.6,-0.4,1.6));
#5569=CARTESIAN_POINT('',(66.8,-0.4,1.6));
#5570=CARTESIAN_POINT('',(23.719999980526,-0.4,1.6));
#5571=CARTESIAN_POINT('',(28.459999990263,-0.4,1.6));
#5572=CARTESIAN_POINT('',(42.459999980526,-0.4,1.6));
#5573=CARTESIAN_POINT('',(66.8,-0.4,1.6));
#5574=CARTESIAN_POINT('',(55.8,-0.4,1.6));
#5575=CARTESIAN_POINT('',(44.5,-0.4,1.6));
#5576=CARTESIAN_POINT('',(59.2,-0.4,1.6));
#5577=CARTESIAN_POINT('',(66.8,-0.4,1.6));
#5578=CARTESIAN_POINT('',(59.2,3.4,1.6));
#5579=CARTESIAN_POINT('',(59.2,-0.4,1.6));
#5580=CARTESIAN_POINT('',(63.,7.19999999999999,1.6));
#5581=CARTESIAN_POINT('Origin',(63.,3.4,1.6));
#5582=CARTESIAN_POINT('',(66.8,7.2,1.6));
#5583=CARTESIAN_POINT('',(66.8,7.2,1.6));
#5584=CARTESIAN_POINT('',(66.8,31.2,1.6));
#5585=CARTESIAN_POINT('',(66.8,66.8,1.6));
#5586=CARTESIAN_POINT('',(66.8,58.8,1.6));
#5587=CARTESIAN_POINT('',(66.8,46.,1.6));
#5588=CARTESIAN_POINT('',(66.8,59.2,1.6));
#5589=CARTESIAN_POINT('',(66.8,66.8,1.6));
#5590=CARTESIAN_POINT('',(63.,59.2,1.6));
#5591=CARTESIAN_POINT('',(66.8,59.2,1.6));
#5592=CARTESIAN_POINT('',(59.7062305898735,61.1049846773932,1.6));
#5593=CARTESIAN_POINT('Origin',(63.,63.,1.6));
#5594=CARTESIAN_POINT('',(59.7062305898735,68.4,1.6));
#5595=CARTESIAN_POINT('',(59.7062305898735,50.8,1.6));
#5596=CARTESIAN_POINT('',(63.2,68.4,1.6));
#5597=CARTESIAN_POINT('',(-2.00000000000001,68.4,1.6));
#5598=CARTESIAN_POINT('',(68.4,63.2,1.6));
#5599=CARTESIAN_POINT('Origin',(63.2,63.2,1.6));
#5600=CARTESIAN_POINT('',(68.4,3.2,1.6));
#5601=CARTESIAN_POINT('',(68.4,68.4,1.6));
#5602=CARTESIAN_POINT('',(63.2,-2.,1.6));
#5603=CARTESIAN_POINT('Origin',(63.2,3.2,1.6));
#5604=CARTESIAN_POINT('',(3.19999999999999,-2.,1.6));
#5605=CARTESIAN_POINT('',(68.4,-2.,1.6));
#5606=CARTESIAN_POINT('Origin',(3.19999999999999,3.2,1.6));
#5607=CARTESIAN_POINT('',(4.73999999999999,3.4,1.6));
#5608=CARTESIAN_POINT('Origin',(3.39999999999999,3.4,1.6));
#5609=CARTESIAN_POINT('',(64.34,63.,1.6));
#5610=CARTESIAN_POINT('Origin',(63.,63.,1.6));
#5611=CARTESIAN_POINT('',(64.34,3.4,1.6));
#5612=CARTESIAN_POINT('Origin',(63.,3.4,1.6));
#5613=CARTESIAN_POINT('Origin',(15.6,50.1999999999957,1.4));
#5614=CARTESIAN_POINT('',(-0.400000000000007,50.3999999999957,1.6));
#5615=CARTESIAN_POINT('',(-0.400000000000007,49.9999999999957,1.2));
#5616=CARTESIAN_POINT('',(-0.400000000000009,39.4999999999968,-9.29999999999893));
#5617=CARTESIAN_POINT('',(15.6,49.9999999999957,1.2));
#5618=CARTESIAN_POINT('',(15.6,50.3999999999957,1.6));
#5619=CARTESIAN_POINT('Origin',(-2.00000000000001,49.9999999999957,-1.));
#5620=CARTESIAN_POINT('',(-0.400000000000007,49.9999999999957,-0.6));
#5621=CARTESIAN_POINT('',(-0.400000000000007,49.9999999999957,-0.35));
#5622=CARTESIAN_POINT('',(-2.00000000000001,49.9999999999957,-0.6));
#5623=CARTESIAN_POINT('Origin',(-2.00000000000001,16.5999999999984,-0.8));
#5624=CARTESIAN_POINT('',(-0.400000000000008,16.7999999999984,-1.));
#5625=CARTESIAN_POINT('',(-0.400000000000008,16.3999999999984,-0.6));
#5626=CARTESIAN_POINT('',(-0.400000000000009,13.6499999999988,2.14999999999961));
#5627=CARTESIAN_POINT('',(-2.00000000000001,16.3999999999984,-0.6));
#5628=CARTESIAN_POINT('',(-2.00000000000001,16.7999999999984,-1.));
#5629=CARTESIAN_POINT('Origin',(-2.00000000000001,16.3999999999984,-1.));
#5630=CARTESIAN_POINT('',(-0.400000000000007,49.5999999999957,-1.));
#5631=CARTESIAN_POINT('',(-2.00000000000001,49.5999999999957,-1.));
#5632=CARTESIAN_POINT('',(-0.400000000000008,24.7999999999977,-1.));
#5633=CARTESIAN_POINT('Origin',(-2.00000000000001,68.4,1.6));
#5634=CARTESIAN_POINT('Origin',(-2.00000000000001,49.7999999999957,-0.8));
#5635=CARTESIAN_POINT('',(-0.400000000000007,39.7499999999968,-10.8499999999989));
#5636=CARTESIAN_POINT('Origin',(-2.00000000000001,16.3999999999984,1.6));
#5637=CARTESIAN_POINT('',(-0.400000000000008,16.3999999999984,0.95));
#5638=CARTESIAN_POINT('Origin',(33.2,33.2,1.6));
#5639=CARTESIAN_POINT('',(3.19999999999999,68.4,1.6));
#5640=CARTESIAN_POINT('Origin',(3.19999999999999,63.2,1.6));
#5641=CARTESIAN_POINT('',(48.6937694100811,68.4,1.6));
#5642=CARTESIAN_POINT('',(-2.00000000000001,68.4,1.6));
#5643=CARTESIAN_POINT('',(48.6937694100811,66.8,1.6));
#5644=CARTESIAN_POINT('',(48.6937694100811,50.8,1.6));
#5645=CARTESIAN_POINT('',(47.2937694100811,66.8,1.6));
#5646=CARTESIAN_POINT('',(-0.400000000000006,66.8,1.6));
#5647=CARTESIAN_POINT('',(47.2937694100811,66.79,1.6));
#5648=CARTESIAN_POINT('',(47.2937694100811,50.,1.6));
#5649=CARTESIAN_POINT('',(10.6,66.79,1.6));
#5650=CARTESIAN_POINT('',(21.9,66.79,1.6));
#5651=CARTESIAN_POINT('',(10.6,66.8,1.6));
#5652=CARTESIAN_POINT('',(10.6,49.,1.6));
#5653=CARTESIAN_POINT('',(7.2,66.8,1.6));
#5654=CARTESIAN_POINT('',(-0.400000000000006,66.8,1.6));
#5655=CARTESIAN_POINT('',(7.2,63.,1.6));
#5656=CARTESIAN_POINT('',(7.2,66.8,1.6));
#5657=CARTESIAN_POINT('',(3.39999999999999,59.2,1.6));
#5658=CARTESIAN_POINT('Origin',(3.39999999999999,63.,1.6));
#5659=CARTESIAN_POINT('',(-0.4,59.2,1.6));
#5660=CARTESIAN_POINT('',(-0.4,59.2,1.6));
#5661=CARTESIAN_POINT('',(-0.400000000000009,-0.4,1.6));
#5662=CARTESIAN_POINT('',(4.73999999999999,63.,1.6));
#5663=CARTESIAN_POINT('Origin',(3.39999999999999,63.,1.6));
#5664=CARTESIAN_POINT('Origin',(48.1,57.6,5.86359955456795));
#5665=CARTESIAN_POINT('',(64.4,58.8,6.9219000789938));
#5666=CARTESIAN_POINT('',(66.8,58.8,6.92190007899379));
#5667=CARTESIAN_POINT('',(48.1,58.8,6.92190007899384));
#5668=CARTESIAN_POINT('',(63.2,57.6,7.46359955456795));
#5669=CARTESIAN_POINT('Origin',(63.2,57.6,5.86359955456795));
#5670=CARTESIAN_POINT('',(63.,57.6,7.46359955456795));
#5671=CARTESIAN_POINT('',(48.1,57.6,7.46359955456795));
#5672=CARTESIAN_POINT('',(63.,59.2,5.86359955456795));
#5673=CARTESIAN_POINT('Origin',(63.,57.6,5.86359955456795));
#5674=CARTESIAN_POINT('',(66.8,59.2,5.86359955456795));
#5675=CARTESIAN_POINT('',(48.1,59.2,5.86359955456795));
#5676=CARTESIAN_POINT('Origin',(66.8,57.6,5.86359955456795));
#5677=CARTESIAN_POINT('Origin',(46.2,1.2,5.86359955456795));
#5678=CARTESIAN_POINT('',(10.6,-0.4,5.86359955456795));
#5679=CARTESIAN_POINT('',(7.2,-0.4,5.86359955456795));
#5680=CARTESIAN_POINT('',(46.2,-0.4,5.86359955456795));
#5681=CARTESIAN_POINT('',(8.8,1.2,7.46359955456795));
#5682=CARTESIAN_POINT('Origin',(8.8,1.2,5.86359955456795));
#5683=CARTESIAN_POINT('',(9.,1.2,7.46359955456795));
#5684=CARTESIAN_POINT('',(46.2,1.2,7.46359955456795));
#5685=CARTESIAN_POINT('Origin',(9.,1.2,5.86359955456795));
#5686=CARTESIAN_POINT('Origin',(8.8,16.4,5.86359955456795));
#5687=CARTESIAN_POINT('',(7.2,3.4,5.86359955456795));
#5688=CARTESIAN_POINT('',(7.2,16.4,5.86359955456795));
#5689=CARTESIAN_POINT('',(8.8,3.4,7.46359955456795));
#5690=CARTESIAN_POINT('Origin',(8.8,3.4,5.86359955456795));
#5691=CARTESIAN_POINT('',(8.8,16.4,7.46359955456795));
#5692=CARTESIAN_POINT('Origin',(9.,16.4,5.86359955456795));
#5693=CARTESIAN_POINT('',(10.6,1.2,5.86359955456795));
#5694=CARTESIAN_POINT('',(10.6,16.4,5.86359955456795));
#5695=CARTESIAN_POINT('',(9.,2.8,7.46359955456795));
#5696=CARTESIAN_POINT('',(9.,16.4,7.46359955456795));
#5697=CARTESIAN_POINT('Origin',(9.,2.8,5.86359955456795));
#5698=CARTESIAN_POINT('Origin',(3.39999999999999,3.4,5.86359955456795));
#5699=CARTESIAN_POINT('',(3.39999999999999,7.20000000000001,5.86359955456795));
#5700=CARTESIAN_POINT('Origin',(3.39999999999999,3.4,5.86359955456795));
#5701=CARTESIAN_POINT('',(3.4,8.79999999999998,7.46359955456795));
#5702=CARTESIAN_POINT('Origin',(3.4,8.79999999999998,5.86359955456795));
#5703=CARTESIAN_POINT('Origin',(3.39999999999999,3.4,7.46359955456795));
#5704=CARTESIAN_POINT('Origin',(21.9,2.8,5.86359955456795));
#5705=CARTESIAN_POINT('',(23.719999980526,1.2,5.86359955456795));
#5706=CARTESIAN_POINT('',(21.9,1.2,5.86359955456795));
#5707=CARTESIAN_POINT('',(25.319999980526,2.8,7.46359955456795));
#5708=CARTESIAN_POINT('',(21.9,2.8,7.46359955456795));
#5709=CARTESIAN_POINT('Origin',(25.319999980526,2.8,5.86359955456795));
#5710=CARTESIAN_POINT('Origin',(18.2999999999999,8.79999999999991,5.86359955456795));
#5711=CARTESIAN_POINT('',(1.19999999999999,8.79999999999999,7.46359955456795));
#5712=CARTESIAN_POINT('',(18.2999999999999,8.79999999999991,7.46359955456795));
#5713=CARTESIAN_POINT('',(-0.4,7.2,5.86359955456795));
#5714=CARTESIAN_POINT('',(18.2999999999999,7.19999999999991,5.86359955456795));
#5715=CARTESIAN_POINT('Origin',(1.19999999999999,8.79999999999999,5.86359955456795));
#5716=CARTESIAN_POINT('Origin',(25.319999980526,17.2,5.86359955456795));
#5717=CARTESIAN_POINT('',(23.719999980526,-0.4,5.86359955456795));
#5718=CARTESIAN_POINT('',(23.719999980526,17.2,5.86359955456795));
#5719=CARTESIAN_POINT('',(25.319999980526,1.2,7.46359955456795));
#5720=CARTESIAN_POINT('',(25.319999980526,17.2,7.46359955456795));
#5721=CARTESIAN_POINT('Origin',(25.319999980526,1.2,5.86359955456795));
#5722=CARTESIAN_POINT('Origin',(1.19999999999999,20.2,5.86359955456795));
#5723=CARTESIAN_POINT('',(-0.4,59.2,5.86359955456795));
#5724=CARTESIAN_POINT('',(-0.400000000000008,20.2,5.86359955456795));
#5725=CARTESIAN_POINT('',(1.19999999999999,57.6,7.46359955456795));
#5726=CARTESIAN_POINT('Origin',(1.19999999999999,57.6,5.86359955456795));
#5727=CARTESIAN_POINT('',(1.19999999999999,20.2,7.46359955456795));
#5728=CARTESIAN_POINT('Origin',(46.2,1.2,5.86359955456795));
#5729=CARTESIAN_POINT('',(42.459999980526,-0.4,5.86359955456795));
#5730=CARTESIAN_POINT('',(46.2,-0.4,5.86359955456795));
#5731=CARTESIAN_POINT('',(40.859999980526,1.2,7.46359955456795));
#5732=CARTESIAN_POINT('',(46.2,1.2,7.46359955456795));
#5733=CARTESIAN_POINT('Origin',(40.859999980526,1.2,5.86359955456795));
#5734=CARTESIAN_POINT('Origin',(16.3999999999999,57.6000000000001,5.86359955456795));
#5735=CARTESIAN_POINT('',(3.39999999999999,59.2,5.86359955456795));
#5736=CARTESIAN_POINT('',(16.3999999999999,59.2000000000001,5.86359955456795));
#5737=CARTESIAN_POINT('',(3.39999999999999,57.6,7.46359955456795));
#5738=CARTESIAN_POINT('Origin',(3.39999999999999,57.6,5.86359955456795));
#5739=CARTESIAN_POINT('',(16.3999999999999,57.6000000000001,7.46359955456795));
#5740=CARTESIAN_POINT('Origin',(40.859999980526,16.4,5.86359955456795));
#5741=CARTESIAN_POINT('',(42.459999980526,1.2,5.86359955456795));
#5742=CARTESIAN_POINT('',(42.459999980526,16.4,5.86359955456795));
#5743=CARTESIAN_POINT('',(40.859999980526,2.8,7.46359955456795));
#5744=CARTESIAN_POINT('',(40.859999980526,16.4,7.46359955456795));
#5745=CARTESIAN_POINT('Origin',(40.859999980526,2.8,5.86359955456795));
#5746=CARTESIAN_POINT('Origin',(3.39999999999999,63.,5.86359955456795));
#5747=CARTESIAN_POINT('',(7.2,63.,5.86359955456795));
#5748=CARTESIAN_POINT('Origin',(3.39999999999999,63.,5.86359955456795));
#5749=CARTESIAN_POINT('',(8.8,63.,7.46359955456795));
#5750=CARTESIAN_POINT('Origin',(8.8,63.,5.86359955456795));
#5751=CARTESIAN_POINT('Origin',(3.39999999999999,63.,7.46359955456795));
#5752=CARTESIAN_POINT('Origin',(37.829999990263,2.8,5.86359955456795));
#5753=CARTESIAN_POINT('',(55.8,1.2,5.86359955456795));
#5754=CARTESIAN_POINT('',(37.829999990263,1.2,5.86359955456795));
#5755=CARTESIAN_POINT('',(57.4,2.8,7.46359955456795));
#5756=CARTESIAN_POINT('',(37.829999990263,2.8,7.46359955456795));
#5757=CARTESIAN_POINT('Origin',(57.4,2.8,5.86359955456795));
#5758=CARTESIAN_POINT('Origin',(8.8,48.1,5.86359955456795));
#5759=CARTESIAN_POINT('',(8.8,65.2,7.46359955456795));
#5760=CARTESIAN_POINT('',(8.8,48.1,7.46359955456795));
#5761=CARTESIAN_POINT('',(7.2,66.8,5.86359955456795));
#5762=CARTESIAN_POINT('',(7.2,48.1,5.86359955456795));
#5763=CARTESIAN_POINT('Origin',(8.8,65.2,5.86359955456795));
#5764=CARTESIAN_POINT('Origin',(57.4,17.2,5.86359955456795));
#5765=CARTESIAN_POINT('',(55.8,-0.4,5.86359955456795));
#5766=CARTESIAN_POINT('',(55.8,17.2,5.86359955456795));
#5767=CARTESIAN_POINT('',(57.4,1.2,7.46359955456795));
#5768=CARTESIAN_POINT('',(57.4,17.2,7.46359955456795));
#5769=CARTESIAN_POINT('Origin',(57.4,1.2,5.86359955456795));
#5770=CARTESIAN_POINT('Origin',(20.2,65.2,5.86359955456795));
#5771=CARTESIAN_POINT('',(8.99999999999999,65.2,7.46359955456795));
#5772=CARTESIAN_POINT('',(20.2,65.2,7.46359955456795));
#5773=CARTESIAN_POINT('',(10.6,66.8,5.86359955456795));
#5774=CARTESIAN_POINT('',(20.2,66.8,5.86359955456795));
#5775=CARTESIAN_POINT('Origin',(8.99999999999999,65.2,5.86359955456795));
#5776=CARTESIAN_POINT('Origin',(46.2,1.2,5.86359955456795));
#5777=CARTESIAN_POINT('',(59.2,-0.4,5.86359955456795));
#5778=CARTESIAN_POINT('',(46.2,-0.4,5.86359955456795));
#5779=CARTESIAN_POINT('',(57.6,1.2,7.46359955456795));
#5780=CARTESIAN_POINT('',(46.2,1.2,7.46359955456795));
#5781=CARTESIAN_POINT('Origin',(57.6,1.2,5.86359955456795));
#5782=CARTESIAN_POINT('Origin',(8.99999999999999,49.,5.86359955456795));
#5783=CARTESIAN_POINT('',(8.99999999999999,63.2,7.46359955456795));
#5784=CARTESIAN_POINT('',(8.99999999999999,49.,7.46359955456795));
#5785=CARTESIAN_POINT('',(10.6,64.8,5.86359955456795));
#5786=CARTESIAN_POINT('',(10.6,49.,5.86359955456795));
#5787=CARTESIAN_POINT('Origin',(8.99999999999999,63.2,5.86359955456795));
#5788=CARTESIAN_POINT('Origin',(57.6,18.3,5.86359955456795));
#5789=CARTESIAN_POINT('',(57.6,3.4,7.46359955456795));
#5790=CARTESIAN_POINT('',(57.6,18.3,7.46359955456795));
#5791=CARTESIAN_POINT('',(59.2,3.4,5.86359955456795));
#5792=CARTESIAN_POINT('Origin',(57.6,3.4,5.86359955456795));
#5793=CARTESIAN_POINT('',(59.2,18.3,5.86359955456795));
#5794=CARTESIAN_POINT('Origin',(40.2468847050405,63.2,5.86359955456795));
#5795=CARTESIAN_POINT('',(48.8937694100811,63.2,7.46359955456795));
#5796=CARTESIAN_POINT('',(40.2468847050405,63.2,7.46359955456795));
#5797=CARTESIAN_POINT('',(47.2937694100811,64.8,5.86359955456795));
#5798=CARTESIAN_POINT('',(40.2468847050405,64.8,5.86359955456795));
#5799=CARTESIAN_POINT('Origin',(48.8937694100811,63.2,5.86359955456795));
#5800=CARTESIAN_POINT('Origin',(63.,3.4,5.86359955456795));
#5801=CARTESIAN_POINT('',(63.,8.79999999999999,7.46359955456795));
#5802=CARTESIAN_POINT('',(63.,7.19999999999999,5.86359955456795));
#5803=CARTESIAN_POINT('Origin',(63.,8.79999999999999,5.86359955456795));
#5804=CARTESIAN_POINT('Origin',(63.,3.4,5.86359955456795));
#5805=CARTESIAN_POINT('Origin',(63.,3.4,7.46359955456795));
#5806=CARTESIAN_POINT('Origin',(48.8937694100811,50.,5.86359955456795));
#5807=CARTESIAN_POINT('',(48.8937694100811,65.2,7.46359955456795));
#5808=CARTESIAN_POINT('',(48.8937694100811,50.,7.46359955456795));
#5809=CARTESIAN_POINT('',(47.2937694100811,66.8,5.86359955456795));
#5810=CARTESIAN_POINT('',(47.2937694100811,50.,5.86359955456795));
#5811=CARTESIAN_POINT('Origin',(48.8937694100811,65.2,5.86359955456795));
#5812=CARTESIAN_POINT('Origin',(50.,8.79999999999996,5.86359955456795));
#5813=CARTESIAN_POINT('',(66.8,7.2,5.86359955456795));
#5814=CARTESIAN_POINT('',(50.,7.19999999999996,5.86359955456795));
#5815=CARTESIAN_POINT('',(65.2,8.79999999999999,7.46359955456795));
#5816=CARTESIAN_POINT('',(50.,8.79999999999996,7.46359955456795));
#5817=CARTESIAN_POINT('Origin',(65.2,8.79999999999999,5.86359955456795));
#5818=CARTESIAN_POINT('Origin',(20.2,65.2,5.86359955456795));
#5819=CARTESIAN_POINT('',(57.6,65.2,7.46359955456795));
#5820=CARTESIAN_POINT('',(20.2,65.2,7.46359955456795));
#5821=CARTESIAN_POINT('',(59.2,66.8,5.86359955456795));
#5822=CARTESIAN_POINT('',(20.2,66.8,5.86359955456795));
#5823=CARTESIAN_POINT('Origin',(57.6,65.2,5.86359955456795));
#5824=CARTESIAN_POINT('Origin',(65.2,46.2,5.86359955456795));
#5825=CARTESIAN_POINT('',(66.8,31.2,5.86359955456795));
#5826=CARTESIAN_POINT('',(66.8,46.2,5.86359955456795));
#5827=CARTESIAN_POINT('',(65.2,29.6,7.46359955456795));
#5828=CARTESIAN_POINT('',(65.2,46.2,7.46359955456795));
#5829=CARTESIAN_POINT('Origin',(65.2,29.6,5.86359955456795));
#5830=CARTESIAN_POINT('Origin',(57.6,50.,5.86359955456795));
#5831=CARTESIAN_POINT('',(59.2,63.,5.86359955456795));
#5832=CARTESIAN_POINT('',(59.2,50.,5.86359955456795));
#5833=CARTESIAN_POINT('',(57.6,63.,7.46359955456795));
#5834=CARTESIAN_POINT('Origin',(57.6,63.,5.86359955456795));
#5835=CARTESIAN_POINT('',(57.6,50.,7.46359955456795));
#5836=CARTESIAN_POINT('Origin',(50.,29.6,5.86359955456795));
#5837=CARTESIAN_POINT('',(64.8,31.2,5.86359955456795));
#5838=CARTESIAN_POINT('',(50.,31.2,5.86359955456795));
#5839=CARTESIAN_POINT('',(63.2,29.6,7.46359955456795));
#5840=CARTESIAN_POINT('',(50.,29.6,7.46359955456795));
#5841=CARTESIAN_POINT('Origin',(63.2,29.6,5.86359955456795));
#5842=CARTESIAN_POINT('Origin',(63.,63.,5.86359955456795));
#5843=CARTESIAN_POINT('Origin',(63.,63.,5.86359955456795));
#5844=CARTESIAN_POINT('Origin',(63.,63.,7.46359955456795));
#5845=CARTESIAN_POINT('Origin',(63.2,32.2,5.86359955456795));
#5846=CARTESIAN_POINT('',(64.8,58.8,5.86359955456795));
#5847=CARTESIAN_POINT('Origin',(63.2,58.8,5.86359955456795));
#5848=CARTESIAN_POINT('',(64.8,32.2,5.86359955456795));
#5849=CARTESIAN_POINT('',(63.2,32.2,7.46359955456795));
#5850=CARTESIAN_POINT('Origin',(66.8,59.2,1.6));
#5851=CARTESIAN_POINT('',(66.8,59.2,1.6));
#5852=CARTESIAN_POINT('',(66.8,58.8,4.53179977728397));
#5853=CARTESIAN_POINT('Origin',(63.,59.2,1.6));
#5854=CARTESIAN_POINT('',(63.,59.2,1.6));
#5855=CARTESIAN_POINT('Origin',(63.,63.,1.6));
#5856=CARTESIAN_POINT('',(59.2,63.,1.46239816203212));
#5857=CARTESIAN_POINT('',(59.2,63.,1.6));
#5858=CARTESIAN_POINT('Ctrl Pts',(59.7062305898735,61.1049846773932,1.6));
#5859=CARTESIAN_POINT('Ctrl Pts',(59.616325323517,61.2612510740822,1.6));
#5860=CARTESIAN_POINT('Ctrl Pts',(59.5363649838887,61.4261215830499,1.58794387673468));
#5861=CARTESIAN_POINT('Ctrl Pts',(59.29154498803,62.0424310886119,1.52801411887402));
#5862=CARTESIAN_POINT('Ctrl Pts',(59.2,62.5308351602992,1.46239816203212));
#5863=CARTESIAN_POINT('Ctrl Pts',(59.2,63.,1.46239816203212));
#5864=CARTESIAN_POINT('Origin',(59.2,66.8,1.6));
#5865=CARTESIAN_POINT('',(59.2,66.8,1.46239816203212));
#5866=CARTESIAN_POINT('',(59.2,66.8,1.6));
#5867=CARTESIAN_POINT('',(59.2,50.8,1.46239816203212));
#5868=CARTESIAN_POINT('Origin',(7.2,66.8,1.6));
#5869=CARTESIAN_POINT('',(47.2937694100811,66.8,4.53179977728397));
#5870=CARTESIAN_POINT('',(49.5881966010798,66.8,1.04721359550225));
#5871=CARTESIAN_POINT('Origin',(48.6937694100811,66.8,0.6));
#5872=CARTESIAN_POINT('',(52.3118033496746,66.8,-4.39999990165234));
#5873=CARTESIAN_POINT('',(50.4006230491165,66.8,-0.577639300560726));
#5874=CARTESIAN_POINT('',(56.0881966502841,66.8,-4.39999990165234));
#5875=CARTESIAN_POINT('',(53.2559016748258,66.8,-4.39999990165234));
#5876=CARTESIAN_POINT('',(58.8118033988744,66.8,1.04721359550171));
#5877=CARTESIAN_POINT('',(56.4993769754189,66.8,-3.57763925138673));
#5878=CARTESIAN_POINT('Origin',(59.7062305898735,66.8,0.600000000000001));
#5879=CARTESIAN_POINT('Origin',(47.2937694100811,66.8,7.46359955456795));
#5880=CARTESIAN_POINT('',(47.2937694100811,64.8,-0.2));
#5881=CARTESIAN_POINT('',(47.2937694100811,64.8,7.46359955456795));
#5882=CARTESIAN_POINT('',(47.2937694100811,66.,-0.2));
#5883=CARTESIAN_POINT('',(47.2937694100811,49.8,-0.2));
#5884=CARTESIAN_POINT('',(47.2937694100811,66.4,0.2));
#5885=CARTESIAN_POINT('',(47.2937694100811,68.215899888642,2.01589988864199));
#5886=CARTESIAN_POINT('',(47.2937694100811,66.4,1.21));
#5887=CARTESIAN_POINT('',(47.2937694100811,66.4,1.6));
#5888=CARTESIAN_POINT('Origin',(47.2937694100811,66.79,1.21));
#5889=CARTESIAN_POINT('Origin',(47.2937694100811,64.8,7.46359955456795));
#5890=CARTESIAN_POINT('',(10.6,64.8,-0.2));
#5891=CARTESIAN_POINT('',(10.6,64.8,1.6));
#5892=CARTESIAN_POINT('',(42.8968847050405,64.8,-0.2));
#5893=CARTESIAN_POINT('Origin',(10.6,64.8,7.46359955456795));
#5894=CARTESIAN_POINT('',(10.6,66.8,4.53179977728397));
#5895=CARTESIAN_POINT('',(10.6,66.4,1.21));
#5896=CARTESIAN_POINT('Origin',(10.6,66.79,1.21));
#5897=CARTESIAN_POINT('',(10.6,66.4,0.2));
#5898=CARTESIAN_POINT('',(10.6,66.4,1.6));
#5899=CARTESIAN_POINT('',(10.6,66.,-0.2));
#5900=CARTESIAN_POINT('',(10.6,67.715899888642,1.51589988864199));
#5901=CARTESIAN_POINT('',(10.6,49.,-0.2));
#5902=CARTESIAN_POINT('Origin',(7.2,66.8,1.6));
#5903=CARTESIAN_POINT('',(7.2,66.8,1.6));
#5904=CARTESIAN_POINT('Origin',(7.2,63.,1.6));
#5905=CARTESIAN_POINT('',(7.2,63.,1.6));
#5906=CARTESIAN_POINT('Origin',(3.39999999999999,63.,1.6));
#5907=CARTESIAN_POINT('',(3.39999999999999,59.2,1.6));
#5908=CARTESIAN_POINT('Origin',(-0.4,59.2,1.6));
#5909=CARTESIAN_POINT('',(-0.4,59.2,1.6));
#5910=CARTESIAN_POINT('Origin',(-0.400000000000009,7.2,1.6));
#5911=CARTESIAN_POINT('',(-0.4,7.2,1.6));
#5912=CARTESIAN_POINT('Origin',(3.39999999999999,7.19999999999998,1.6));
#5913=CARTESIAN_POINT('',(3.39999999999999,7.20000000000001,1.6));
#5914=CARTESIAN_POINT('Origin',(3.39999999999999,3.4,1.6));
#5915=CARTESIAN_POINT('',(7.2,3.4,1.6));
#5916=CARTESIAN_POINT('Origin',(7.2,-0.4,1.6));
#5917=CARTESIAN_POINT('',(7.2,-0.4,1.6));
#5918=CARTESIAN_POINT('Origin',(59.2,-0.4,1.6));
#5919=CARTESIAN_POINT('',(10.6,-0.4,4.53179977728397));
#5920=CARTESIAN_POINT('Origin',(33.2,33.2,7.46359955456795));
#5921=CARTESIAN_POINT('',(47.4141624240432,46.183834789415,7.46359955456795));
#5922=CARTESIAN_POINT('Origin',(33.4141624240432,46.183834789415,7.46359955456795));
#5923=CARTESIAN_POINT('Origin',(21.9,66.79,1.21));
#5924=CARTESIAN_POINT('',(21.9,66.4,1.21));
#5925=CARTESIAN_POINT('Origin',(10.6,66.4,1.6));
#5926=CARTESIAN_POINT('',(24.55,66.4,0.2));
#5927=CARTESIAN_POINT('Origin',(44.5,-0.4,1.2));
#5928=CARTESIAN_POINT('',(42.459999980526,-2.77555756156289E-16,1.2));
#5929=CARTESIAN_POINT('Origin',(42.459999980526,-0.4,1.2));
#5930=CARTESIAN_POINT('',(55.8,-2.77555756156289E-16,1.2));
#5931=CARTESIAN_POINT('',(44.5,0.,1.2));
#5932=CARTESIAN_POINT('Origin',(55.8,-0.4,1.2));
#5933=CARTESIAN_POINT('Origin',(55.8,-3.99623244248996E-32,1.6));
#5934=CARTESIAN_POINT('',(42.459999980526,-2.77555756156289E-16,0.2));
#5935=CARTESIAN_POINT('',(42.459999980526,-2.77555756156289E-16,1.6));
#5936=CARTESIAN_POINT('',(55.8,-2.77555756156289E-16,0.2));
#5937=CARTESIAN_POINT('',(47.15,0.,0.2));
#5938=CARTESIAN_POINT('',(55.8,-2.77555756156289E-16,1.6));
#5939=CARTESIAN_POINT('Origin',(28.459999990263,-0.4,1.2));
#5940=CARTESIAN_POINT('',(10.6,-2.77555756156289E-16,1.2));
#5941=CARTESIAN_POINT('Origin',(10.6,-0.4,1.2));
#5942=CARTESIAN_POINT('',(23.719999980526,-2.77555756156289E-16,1.2));
#5943=CARTESIAN_POINT('',(28.459999990263,0.,1.2));
#5944=CARTESIAN_POINT('Origin',(23.719999980526,-0.4,1.2));
#5945=CARTESIAN_POINT('Origin',(23.719999980526,0.,1.6));
#5946=CARTESIAN_POINT('',(10.6,-2.77555756156289E-16,0.2));
#5947=CARTESIAN_POINT('',(10.6,-2.77555756156289E-16,1.6));
#5948=CARTESIAN_POINT('',(23.719999980526,-2.77555756156289E-16,0.2));
#5949=CARTESIAN_POINT('',(31.109999990263,0.,0.2));
#5950=CARTESIAN_POINT('',(23.719999980526,-2.77555756156289E-16,1.6));
#5951=CARTESIAN_POINT('Origin',(66.8,46.,1.2));
#5952=CARTESIAN_POINT('',(66.4,31.2,1.2));
#5953=CARTESIAN_POINT('Origin',(66.8,31.2,1.2));
#5954=CARTESIAN_POINT('',(66.4,58.8,1.2));
#5955=CARTESIAN_POINT('',(66.4,46.,1.2));
#5956=CARTESIAN_POINT('Origin',(66.8,58.8,1.2));
#5957=CARTESIAN_POINT('Origin',(66.4,58.8,1.6));
#5958=CARTESIAN_POINT('',(66.4,31.2,0.2));
#5959=CARTESIAN_POINT('',(66.4,31.2,1.6));
#5960=CARTESIAN_POINT('',(66.4,58.8,0.2));
#5961=CARTESIAN_POINT('',(66.4,46.,0.2));
#5962=CARTESIAN_POINT('',(66.4,58.8,1.6));
#5963=CARTESIAN_POINT('Origin',(66.2,46.,1.38777878078145E-16));
#5964=CARTESIAN_POINT('',(66.,31.2,-0.2));
#5965=CARTESIAN_POINT('',(68.215899888642,31.2,2.01589988864199));
#5966=CARTESIAN_POINT('',(66.,58.8,-0.2));
#5967=CARTESIAN_POINT('',(66.,46.,-0.2));
#5968=CARTESIAN_POINT('',(67.715899888642,58.8,1.51589988864199));
#5969=CARTESIAN_POINT('Origin',(64.8,58.8,7.46359955456795));
#5970=CARTESIAN_POINT('',(64.8,58.8,-0.2));
#5971=CARTESIAN_POINT('',(51.65,58.8,-0.2));
#5972=CARTESIAN_POINT('',(64.8,58.8,1.6));
#5973=CARTESIAN_POINT('Origin',(38.5,33.2,-0.2));
#5974=CARTESIAN_POINT('',(64.8,31.2,-0.2));
#5975=CARTESIAN_POINT('',(52.45,31.2,-0.2));
#5976=CARTESIAN_POINT('',(64.8,32.2,-0.2));
#5977=CARTESIAN_POINT('Origin',(24.55,66.2,1.38777878078145E-16));
#5978=CARTESIAN_POINT('',(24.55,66.,-0.2));
#5979=CARTESIAN_POINT('Origin',(38.5,33.2,-0.2));
#5980=CARTESIAN_POINT('Origin',(31.109999990263,0.2,1.38777878078145E-16));
#5981=CARTESIAN_POINT('',(10.6,0.4,-0.2));
#5982=CARTESIAN_POINT('',(10.6,-1.81589988864199,2.01589988864199));
#5983=CARTESIAN_POINT('',(23.719999980526,0.4,-0.2));
#5984=CARTESIAN_POINT('',(31.109999990263,0.4,-0.2));
#5985=CARTESIAN_POINT('',(23.719999980526,-1.41589988864199,1.61589988864199));
#5986=CARTESIAN_POINT('Origin',(23.719999980526,1.2,7.46359955456795));
#5987=CARTESIAN_POINT('',(23.719999980526,-0.4,4.53179977728397));
#5988=CARTESIAN_POINT('',(23.719999980526,1.2,-0.2));
#5989=CARTESIAN_POINT('',(23.719999980526,17.2,-0.2));
#5990=CARTESIAN_POINT('',(23.719999980526,1.2,1.6));
#5991=CARTESIAN_POINT('Origin',(38.5,33.2,-0.2));
#5992=CARTESIAN_POINT('',(10.6,1.2,-0.2));
#5993=CARTESIAN_POINT('',(10.6,16.6,-0.2));
#5994=CARTESIAN_POINT('',(24.55,1.2,-0.2));
#5995=CARTESIAN_POINT('Origin',(47.15,0.2,1.38777878078145E-16));
#5996=CARTESIAN_POINT('',(42.459999980526,0.4,-0.2));
#5997=CARTESIAN_POINT('',(42.459999980526,-1.81589988864199,2.01589988864199));
#5998=CARTESIAN_POINT('',(55.8,0.4,-0.2));
#5999=CARTESIAN_POINT('',(47.15,0.4,-0.2));
#6000=CARTESIAN_POINT('',(55.8,-1.41589988864199,1.61589988864199));
#6001=CARTESIAN_POINT('Origin',(55.8,1.2,7.46359955456795));
#6002=CARTESIAN_POINT('',(55.8,-0.4,4.53179977728397));
#6003=CARTESIAN_POINT('',(55.8,1.2,-0.2));
#6004=CARTESIAN_POINT('',(55.8,17.2,-0.2));
#6005=CARTESIAN_POINT('',(55.8,1.2,1.6));
#6006=CARTESIAN_POINT('Origin',(38.5,33.2,-0.2));
#6007=CARTESIAN_POINT('',(42.459999980526,1.2,-0.2));
#6008=CARTESIAN_POINT('',(42.459999980526,16.6,-0.2));
#6009=CARTESIAN_POINT('',(40.479999990263,1.2,-0.2));
#6010=CARTESIAN_POINT('Origin',(10.6,1.2,7.46359955456795));
#6011=CARTESIAN_POINT('',(10.6,1.2,7.46359955456795));
#6012=CARTESIAN_POINT('Origin',(10.6,-0.4,7.46359955456795));
#6013=CARTESIAN_POINT('Origin',(59.2,-0.4,1.6));
#6014=CARTESIAN_POINT('',(42.459999980526,-0.4,4.53179977728397));
#6015=CARTESIAN_POINT('Origin',(64.8,31.2,7.46359955456795));
#6016=CARTESIAN_POINT('',(64.8,31.2,7.46359955456795));
#6017=CARTESIAN_POINT('Origin',(66.8,31.2,7.46359955456795));
#6018=CARTESIAN_POINT('',(66.8,31.2,4.53179977728397));
#6019=CARTESIAN_POINT('Origin',(66.8,59.2,1.6));
#6020=CARTESIAN_POINT('',(66.8,7.2,1.6));
#6021=CARTESIAN_POINT('Origin',(42.459999980526,1.2,7.46359955456795));
#6022=CARTESIAN_POINT('',(42.459999980526,1.2,7.46359955456795));
#6023=CARTESIAN_POINT('Origin',(42.459999980526,-0.4,7.46359955456795));
#6024=CARTESIAN_POINT('Origin',(59.2,-0.4,1.6));
#6025=CARTESIAN_POINT('',(59.2,-0.4,1.6));
#6026=CARTESIAN_POINT('Origin',(59.7062305898735,50.8,0.600000000000001));
#6027=CARTESIAN_POINT('',(58.8118033988744,68.4,1.04721359550171));
#6028=CARTESIAN_POINT('',(58.8118033988744,50.8,1.04721359550171));
#6029=CARTESIAN_POINT('Origin',(59.7062305898735,68.4,0.600000000000001));
#6030=CARTESIAN_POINT('Origin',(56.0881966502841,68.4,-4.39999990165234));
#6031=CARTESIAN_POINT('',(56.0881966502841,68.4,-4.39999990165234));
#6032=CARTESIAN_POINT('',(56.0881966502841,68.4,-4.39999990165234));
#6033=CARTESIAN_POINT('',(59.0881966011249,68.4,1.6));
#6034=CARTESIAN_POINT('Origin',(48.6937694100811,50.8,0.6));
#6035=CARTESIAN_POINT('',(49.5881966010798,68.4,1.04721359550225));
#6036=CARTESIAN_POINT('Origin',(48.6937694100811,68.4,0.6));
#6037=CARTESIAN_POINT('',(49.5881966010798,50.8,1.04721359550225));
#6038=CARTESIAN_POINT('Origin',(52.3118033496746,68.4,-4.39999990165234));
#6039=CARTESIAN_POINT('',(52.3118033496746,68.4,-4.39999990165234));
#6040=CARTESIAN_POINT('',(52.3118033496746,68.4,-4.39999990165234));
#6041=CARTESIAN_POINT('',(56.0881966502841,68.4,-4.39999990165234));
#6042=CARTESIAN_POINT('Origin',(49.3118033988292,68.4,1.6));
#6043=CARTESIAN_POINT('',(52.3118033496746,68.4,-4.39999990165234));
#6044=CARTESIAN_POINT('Origin',(31.9141624240432,62.6,9.06359955456795));
#6045=CARTESIAN_POINT('',(31.9141624240432,62.6,9.06359955456795));
#6046=CARTESIAN_POINT('',(33.4141624240432,65.6,9.06359955456795));
#6047=CARTESIAN_POINT('',(26.1627461816389,51.0971675151914,9.06359955456795));
#6048=CARTESIAN_POINT('',(31.9141624240432,62.6,8.46359955456795));
#6049=CARTESIAN_POINT('',(31.9141624240432,62.6,9.06359955456795));
#6050=CARTESIAN_POINT('',(33.4141624240432,65.6,8.46359955456795));
#6051=CARTESIAN_POINT('',(33.4141624240432,65.6,8.46359955456795));
#6052=CARTESIAN_POINT('',(33.4141624240432,65.6,9.06359955456795));
#6053=CARTESIAN_POINT('Origin',(34.9141624240432,62.6,9.06359955456795));
#6054=CARTESIAN_POINT('',(34.9141624240432,62.6,9.06359955456795));
#6055=CARTESIAN_POINT('',(34.0570812120217,62.6,9.06359955456795));
#6056=CARTESIAN_POINT('',(34.9141624240432,62.6,8.46359955456795));
#6057=CARTESIAN_POINT('',(34.9141624240432,62.6,9.06359955456795));
#6058=CARTESIAN_POINT('',(31.9141624240432,62.6,8.46359955456795));
#6059=CARTESIAN_POINT('Origin',(33.4141624240432,65.6,9.06359955456795));
#6060=CARTESIAN_POINT('',(39.8727461816389,52.6828324848086,9.06359955456795));
#6061=CARTESIAN_POINT('',(34.9141624240432,62.6,8.46359955456795));
#6062=CARTESIAN_POINT('Origin',(33.4141624240432,64.1,8.46359955456795));
#6063=CARTESIAN_POINT('Origin',(33.4141624240432,46.183834789415,8.46359955456795));
#6064=CARTESIAN_POINT('',(48.6141624240432,46.183834789415,9.06359955456795));
#6065=CARTESIAN_POINT('Origin',(33.4141624240432,46.183834789415,9.06359955456795));
#6066=CARTESIAN_POINT('',(47.4141624240432,46.183834789415,7.86359955456795));
#6067=CARTESIAN_POINT('',(48.0141624240432,46.183834789415,8.46359955456795));
#6068=CARTESIAN_POINT('Origin',(33.4141624240432,46.183834789415,7.86359955456795));
#6069=CARTESIAN_POINT('Origin',(33.2,33.2,9.06359955456795));
#6070=CARTESIAN_POINT('',(66.4,63.2,9.06359955456795));
#6071=CARTESIAN_POINT('',(66.4,3.2,9.06359955456795));
#6072=CARTESIAN_POINT('',(66.4,15.6,9.06359955456795));
#6073=CARTESIAN_POINT('',(63.2,66.4,9.06359955456795));
#6074=CARTESIAN_POINT('Origin',(63.2,63.2,9.06359955456795));
#6075=CARTESIAN_POINT('',(3.19999999999999,66.4,9.06359955456795));
#6076=CARTESIAN_POINT('',(50.8,66.4,9.06359955456795));
#6077=CARTESIAN_POINT('',(-1.4432899320127E-14,63.2,9.06359955456795));
#6078=CARTESIAN_POINT('Origin',(3.19999999999999,63.2,9.06359955456795));
#6079=CARTESIAN_POINT('',(-1.11022302462516E-14,3.2,9.06359955456795));
#6080=CARTESIAN_POINT('',(-1.11022302462516E-14,50.8,9.06359955456795));
#6081=CARTESIAN_POINT('',(3.19999999999999,-1.66533453693773E-15,9.06359955456795));
#6082=CARTESIAN_POINT('Origin',(3.19999999999999,3.2,9.06359955456795));
#6083=CARTESIAN_POINT('',(63.2,-2.22044604925031E-15,9.06359955456795));
#6084=CARTESIAN_POINT('',(15.6,-2.22044604925031E-15,9.06359955456795));
#6085=CARTESIAN_POINT('Origin',(63.2,3.2,9.06359955456795));
#6086=CARTESIAN_POINT('Origin',(33.4141624240432,46.183834789415,9.06359955456795));
#6087=CARTESIAN_POINT('',(47.4141624240432,46.183834789415,9.06359955456795));
#6088=CARTESIAN_POINT('Origin',(67.4,15.6,8.06359955456795));
#6089=CARTESIAN_POINT('',(68.4,63.2,7.06359955456795));
#6090=CARTESIAN_POINT('',(68.4,63.2,7.06359955456795));
#6091=CARTESIAN_POINT('',(68.4,3.2,7.06359955456795));
#6092=CARTESIAN_POINT('',(66.4,3.2,9.06359955456795));
#6093=CARTESIAN_POINT('',(68.4,15.6,7.06359955456795));
#6094=CARTESIAN_POINT('Origin',(63.2,63.2,8.06359955456795));
#6095=CARTESIAN_POINT('',(63.2,68.4,7.06359955456795));
#6096=CARTESIAN_POINT('Origin',(63.2,63.2,7.06359955456795));
#6097=CARTESIAN_POINT('',(63.2,68.4,7.06359955456795));
#6098=CARTESIAN_POINT('Origin',(50.8,67.4,8.06359955456795));
#6099=CARTESIAN_POINT('',(3.19999999999999,68.4,7.06359955456795));
#6100=CARTESIAN_POINT('',(3.19999999999999,68.4,7.06359955456795));
#6101=CARTESIAN_POINT('',(50.8,68.4,7.06359955456795));
#6102=CARTESIAN_POINT('Origin',(3.19999999999999,63.2,8.06359955456795));
#6103=CARTESIAN_POINT('Origin',(3.19999999999999,63.2,7.06359955456795));
#6104=CARTESIAN_POINT('',(-2.00000000000001,63.2,7.06359955456795));
#6105=CARTESIAN_POINT('Origin',(-1.00000000000001,50.8,8.06359955456795));
#6106=CARTESIAN_POINT('',(-2.00000000000001,3.2,7.06359955456795));
#6107=CARTESIAN_POINT('Origin',(3.19999999999999,3.2,8.06359955456795));
#6108=CARTESIAN_POINT('',(3.19999999999999,-2.,7.06359955456795));
#6109=CARTESIAN_POINT('Origin',(3.19999999999999,3.2,7.06359955456795));
#6110=CARTESIAN_POINT('',(3.19999999999999,-2.,7.06359955456795));
#6111=CARTESIAN_POINT('Origin',(15.6,-1.,8.06359955456795));
#6112=CARTESIAN_POINT('',(63.2,-2.,7.06359955456795));
#6113=CARTESIAN_POINT('',(63.2,-2.,7.06359955456795));
#6114=CARTESIAN_POINT('',(15.6,-2.,7.06359955456795));
#6115=CARTESIAN_POINT('Origin',(63.2,3.2,8.06359955456795));
#6116=CARTESIAN_POINT('Origin',(63.2,3.2,7.06359955456795));
#6117=CARTESIAN_POINT('Origin',(3.19999999999999,63.2,1.6));
#6118=CARTESIAN_POINT('',(3.19999999999999,68.4,1.6));
#6119=CARTESIAN_POINT('Origin',(68.4,68.4,1.6));
#6120=CARTESIAN_POINT('',(63.2,68.4,1.6));
#6121=CARTESIAN_POINT('Origin',(63.2,63.2,1.6));
#6122=CARTESIAN_POINT('',(68.4,63.2,1.6));
#6123=CARTESIAN_POINT('Origin',(68.4,-2.,1.6));
#6124=CARTESIAN_POINT('',(68.4,3.2,1.6));
#6125=CARTESIAN_POINT('Origin',(3.19999999999999,3.2,1.6));
#6126=CARTESIAN_POINT('',(3.19999999999999,-2.,1.6));
#6127=CARTESIAN_POINT('Origin',(-2.00000000000001,-2.,1.6));
#6128=CARTESIAN_POINT('',(63.2,-2.,1.6));
#6129=CARTESIAN_POINT('Origin',(63.2,3.2,1.6));
#6130=CARTESIAN_POINT('Origin',(33.2,33.2,7.46359955456795));
#6131=CARTESIAN_POINT('',(4.73999999999999,63.,7.46359955456795));
#6132=CARTESIAN_POINT('Origin',(3.39999999999999,63.,7.46359955456795));
#6133=CARTESIAN_POINT('Origin',(33.2,33.2,7.46359955456795));
#6134=CARTESIAN_POINT('',(4.73999999999999,3.4,7.46359955456795));
#6135=CARTESIAN_POINT('Origin',(3.39999999999999,3.4,7.46359955456795));
#6136=CARTESIAN_POINT('Origin',(33.2,33.2,7.46359955456795));
#6137=CARTESIAN_POINT('',(64.34,63.,7.46359955456795));
#6138=CARTESIAN_POINT('Origin',(63.,63.,7.46359955456795));
#6139=CARTESIAN_POINT('Origin',(33.2,33.2,7.46359955456795));
#6140=CARTESIAN_POINT('',(64.34,3.4,7.46359955456795));
#6141=CARTESIAN_POINT('Origin',(63.,3.4,7.46359955456795));
#6142=CARTESIAN_POINT('Origin',(59.2,3.4,1.6));
#6143=CARTESIAN_POINT('',(59.2,3.4,1.6));
#6144=CARTESIAN_POINT('Origin',(63.,3.4,1.6));
#6145=CARTESIAN_POINT('',(64.34,3.4,1.6));
#6146=CARTESIAN_POINT('Origin',(63.,63.,1.6));
#6147=CARTESIAN_POINT('',(64.34,63.,1.6));
#6148=CARTESIAN_POINT('Origin',(3.39999999999999,3.4,1.6));
#6149=CARTESIAN_POINT('',(4.73999999999999,3.4,1.6));
#6150=CARTESIAN_POINT('Origin',(63.,3.4,1.6));
#6151=CARTESIAN_POINT('',(63.,7.19999999999999,1.6));
#6152=CARTESIAN_POINT('Origin',(66.8,7.2,1.6));
#6153=CARTESIAN_POINT('Origin',(3.39999999999999,63.,1.6));
#6154=CARTESIAN_POINT('',(4.73999999999999,63.,1.6));
#6155=UNCERTAINTY_MEASURE_WITH_UNIT(LENGTH_MEASURE(0.01),#6159,
'DISTANCE_ACCURACY_VALUE',
'Maximum model space distance between geometric entities at asserted c
onnectivities');
#6156=UNCERTAINTY_MEASURE_WITH_UNIT(LENGTH_MEASURE(0.01),#6159,
'DISTANCE_ACCURACY_VALUE',
'Maximum model space distance between geometric entities at asserted c
onnectivities');
#6157=(
GEOMETRIC_REPRESENTATION_CONTEXT(3)
GLOBAL_UNCERTAINTY_ASSIGNED_CONTEXT((#6155))
GLOBAL_UNIT_ASSIGNED_CONTEXT((#6159,#6161,#6162))
REPRESENTATION_CONTEXT('','3D')
);
#6158=(
GEOMETRIC_REPRESENTATION_CONTEXT(3)
GLOBAL_UNCERTAINTY_ASSIGNED_CONTEXT((#6156))
GLOBAL_UNIT_ASSIGNED_CONTEXT((#6159,#6161,#6162))
REPRESENTATION_CONTEXT('','3D')
);
#6159=(
LENGTH_UNIT()
NAMED_UNIT(*)
SI_UNIT(.MILLI.,.METRE.)
);
#6160=(
LENGTH_UNIT()
NAMED_UNIT(*)
SI_UNIT($,.METRE.)
);
#6161=(
NAMED_UNIT(*)
PLANE_ANGLE_UNIT()
SI_UNIT($,.RADIAN.)
);
#6162=(
NAMED_UNIT(*)
SI_UNIT($,.STERADIAN.)
SOLID_ANGLE_UNIT()
);
#6163=SHAPE_DEFINITION_REPRESENTATION(#6164,#6165);
#6164=PRODUCT_DEFINITION_SHAPE('',$,#6167);
#6165=SHAPE_REPRESENTATION('',(#3441),#6157);
#6166=PRODUCT_DEFINITION_CONTEXT('part definition',#6171,'design');
#6167=PRODUCT_DEFINITION('(Unsaved)','(Unsaved)',#6168,#6166);
#6168=PRODUCT_DEFINITION_FORMATION('',$,#6173);
#6169=PRODUCT_RELATED_PRODUCT_CATEGORY('(Unsaved)','(Unsaved)',(#6173));
#6170=APPLICATION_PROTOCOL_DEFINITION('international standard',
'automotive_design',2009,#6171);
#6171=APPLICATION_CONTEXT(
'Core Data for Automotive Mechanical Design Process');
#6172=PRODUCT_CONTEXT('part definition',#6171,'mechanical');
#6173=PRODUCT('(Unsaved)','(Unsaved)',$,(#6172));
#6174=PRESENTATION_STYLE_ASSIGNMENT((#6175));
#6175=SURFACE_STYLE_USAGE(.BOTH.,#6176);
#6176=SURFACE_SIDE_STYLE('',(#6177));
#6177=SURFACE_STYLE_FILL_AREA(#6178);
#6178=FILL_AREA_STYLE('Opaque(255,0,0)',(#6179));
#6179=FILL_AREA_STYLE_COLOUR('Opaque(255,0,0)',#6180);
#6180=COLOUR_RGB('Opaque(255,0,0)',1.,0.,0.);
ENDSEC;
END-ISO-10303-21;
